2026-01-25T10:27:39.442+05:30  INFO 9308 --- [SpiderSync] [restartedMain] c.P.SpiderSync.SpiderSyncApplication     : Starting SpiderSyncApplication using Java 21.0.9 with PID 9308 (C:\Users\LOQ\SpiderSync\target\classes started by annki in C:\Users\LOQ\SpiderSync)
2026-01-25T10:27:39.461+05:30 DEBUG 9308 --- [SpiderSync] [restartedMain] c.P.SpiderSync.SpiderSyncApplication     : Running with Spring Boot v3.4.1, Spring v6.2.1
2026-01-25T10:27:39.463+05:30  INFO 9308 --- [SpiderSync] [restartedMain] c.P.SpiderSync.SpiderSyncApplication     : No active profile set, falling back to 1 default profile: "default"
2026-01-25T10:27:39.561+05:30  INFO 9308 --- [SpiderSync] [restartedMain] o.s.b.devtools.restart.ChangeableUrls    : The Class-Path manifest attribute in C:\Users\LOQ\.m2\repository\org\apache\opennlp\opennlp-tools\2.3.1\opennlp-tools-2.3.1.jar referenced one or more files that do not exist: file:/C:/Users/LOQ/.m2/repository/org/apache/opennlp/opennlp-tools/2.3.1/slf4j-api-1.7.36.jar
2026-01-25T10:27:39.561+05:30  INFO 9308 --- [SpiderSync] [restartedMain] .e.DevToolsPropertyDefaultsPostProcessor : Devtools property defaults active! Set 'spring.devtools.add-properties' to 'false' to disable
2026-01-25T10:27:39.562+05:30  INFO 9308 --- [SpiderSync] [restartedMain] .e.DevToolsPropertyDefaultsPostProcessor : For additional web related logging consider setting the 'logging.level.web' property to 'DEBUG'
2026-01-25T10:27:42.781+05:30  INFO 9308 --- [SpiderSync] [restartedMain] .s.d.r.c.RepositoryConfigurationDelegate : Multiple Spring Data modules found, entering strict repository configuration mode
2026-01-25T10:27:42.785+05:30  INFO 9308 --- [SpiderSync] [restartedMain] .s.d.r.c.RepositoryConfigurationDelegate : Bootstrapping Spring Data JPA repositories in DEFAULT mode.
2026-01-25T10:27:43.032+05:30  INFO 9308 --- [SpiderSync] [restartedMain] .s.d.r.c.RepositoryConfigurationDelegate : Finished Spring Data repository scanning in 232 ms. Found 4 JPA repository interfaces.
2026-01-25T10:27:43.055+05:30  INFO 9308 --- [SpiderSync] [restartedMain] .s.d.r.c.RepositoryConfigurationDelegate : Multiple Spring Data modules found, entering strict repository configuration mode
2026-01-25T10:27:43.058+05:30  INFO 9308 --- [SpiderSync] [restartedMain] .s.d.r.c.RepositoryConfigurationDelegate : Bootstrapping Spring Data Redis repositories in DEFAULT mode.
2026-01-25T10:27:43.084+05:30  INFO 9308 --- [SpiderSync] [restartedMain] .RepositoryConfigurationExtensionSupport : Spring Data Redis - Could not safely identify store assignment for repository candidate interface com.Project.SpiderSync.repositories.CrawlJobRepository; If you want this repository to be a Redis repository, consider annotating your entities with one of these annotations: org.springframework.data.redis.core.RedisHash (preferred), or consider extending one of the following types with your repository: org.springframework.data.keyvalue.repository.KeyValueRepository
2026-01-25T10:27:43.085+05:30  INFO 9308 --- [SpiderSync] [restartedMain] .RepositoryConfigurationExtensionSupport : Spring Data Redis - Could not safely identify store assignment for repository candidate interface com.Project.SpiderSync.repositories.PageRepository; If you want this repository to be a Redis repository, consider annotating your entities with one of these annotations: org.springframework.data.redis.core.RedisHash (preferred), or consider extending one of the following types with your repository: org.springframework.data.keyvalue.repository.KeyValueRepository
2026-01-25T10:27:43.085+05:30  INFO 9308 --- [SpiderSync] [restartedMain] .RepositoryConfigurationExtensionSupport : Spring Data Redis - Could not safely identify store assignment for repository candidate interface com.Project.SpiderSync.repositories.SearchQueryRepository; If you want this repository to be a Redis repository, consider annotating your entities with one of these annotations: org.springframework.data.redis.core.RedisHash (preferred), or consider extending one of the following types with your repository: org.springframework.data.keyvalue.repository.KeyValueRepository
2026-01-25T10:27:43.086+05:30  INFO 9308 --- [SpiderSync] [restartedMain] .RepositoryConfigurationExtensionSupport : Spring Data Redis - Could not safely identify store assignment for repository candidate interface com.Project.SpiderSync.repositories.UserRepository; If you want this repository to be a Redis repository, consider annotating your entities with one of these annotations: org.springframework.data.redis.core.RedisHash (preferred), or consider extending one of the following types with your repository: org.springframework.data.keyvalue.repository.KeyValueRepository
2026-01-25T10:27:43.086+05:30  INFO 9308 --- [SpiderSync] [restartedMain] .s.d.r.c.RepositoryConfigurationDelegate : Finished Spring Data repository scanning in 12 ms. Found 0 Redis repository interfaces.
2026-01-25T10:27:44.939+05:30  INFO 9308 --- [SpiderSync] [restartedMain] o.s.b.w.embedded.tomcat.TomcatWebServer  : Tomcat initialized with port 8081 (http)
2026-01-25T10:27:44.961+05:30  INFO 9308 --- [SpiderSync] [restartedMain] o.apache.catalina.core.StandardService   : Starting service [Tomcat]
2026-01-25T10:27:44.961+05:30  INFO 9308 --- [SpiderSync] [restartedMain] o.apache.catalina.core.StandardEngine    : Starting Servlet engine: [Apache Tomcat/10.1.34]
2026-01-25T10:27:45.079+05:30  INFO 9308 --- [SpiderSync] [restartedMain] o.a.c.c.C.[Tomcat].[localhost].[/]       : Initializing Spring embedded WebApplicationContext
2026-01-25T10:27:45.079+05:30  INFO 9308 --- [SpiderSync] [restartedMain] w.s.c.ServletWebServerApplicationContext : Root WebApplicationContext: initialization completed in 5516 ms
2026-01-25T10:27:45.813+05:30  INFO 9308 --- [SpiderSync] [restartedMain] com.zaxxer.hikari.HikariDataSource       : HikariPool-1 - Starting...
2026-01-25T10:27:46.243+05:30  INFO 9308 --- [SpiderSync] [restartedMain] com.zaxxer.hikari.pool.HikariPool        : HikariPool-1 - Added connection com.mysql.cj.jdbc.ConnectionImpl@11bbf0c2
2026-01-25T10:27:46.247+05:30  INFO 9308 --- [SpiderSync] [restartedMain] com.zaxxer.hikari.HikariDataSource       : HikariPool-1 - Start completed.
2026-01-25T10:27:46.462+05:30  INFO 9308 --- [SpiderSync] [restartedMain] org.flywaydb.core.FlywayExecutor         : Database: jdbc:mysql://localhost:3306/search_engine?createDatabaseIfNotExists=true&useSSL=false&serverTimezone=UTC&allowPublicKeyRetrieval=true (MySQL 8.0)
2026-01-25T10:27:46.652+05:30  INFO 9308 --- [SpiderSync] [restartedMain] o.f.core.internal.command.DbValidate     : Successfully validated 1 migration (execution time 00:00.099s)
2026-01-25T10:27:46.685+05:30  INFO 9308 --- [SpiderSync] [restartedMain] o.f.core.internal.command.DbMigrate      : Current version of schema `search_engine`: 1
2026-01-25T10:27:46.698+05:30  INFO 9308 --- [SpiderSync] [restartedMain] o.f.core.internal.command.DbMigrate      : Schema `search_engine` is up to date. No migration necessary.
2026-01-25T10:27:47.119+05:30  INFO 9308 --- [SpiderSync] [restartedMain] o.hibernate.jpa.internal.util.LogHelper  : HHH000204: Processing PersistenceUnitInfo [name: default]
2026-01-25T10:27:47.343+05:30  INFO 9308 --- [SpiderSync] [restartedMain] org.hibernate.Version                    : HHH000412: Hibernate ORM core version 6.6.4.Final
2026-01-25T10:27:47.450+05:30  INFO 9308 --- [SpiderSync] [restartedMain] o.h.c.internal.RegionFactoryInitiator    : HHH000026: Second-level cache disabled
2026-01-25T10:27:48.004+05:30  INFO 9308 --- [SpiderSync] [restartedMain] o.s.o.j.p.SpringPersistenceUnitInfo      : No LoadTimeWeaver setup: ignoring JPA class transformer
2026-01-25T10:27:48.128+05:30  WARN 9308 --- [SpiderSync] [restartedMain] org.hibernate.orm.deprecation            : HHH90000025: MySQLDialect does not need to be specified explicitly using 'hibernate.dialect' (remove the property setting and it will be selected by default)
2026-01-25T10:27:48.160+05:30  INFO 9308 --- [SpiderSync] [restartedMain] org.hibernate.orm.connections.pooling    : HHH10001005: Database info:
	Database JDBC URL [Connecting through datasource 'HikariDataSource (HikariPool-1)']
	Database driver: undefined/unknown
	Database version: 8.0.44
	Autocommit mode: undefined/unknown
	Isolation level: undefined/unknown
	Minimum pool size: undefined/unknown
	Maximum pool size: undefined/unknown
2026-01-25T10:27:49.852+05:30  INFO 9308 --- [SpiderSync] [restartedMain] o.h.e.t.j.p.i.JtaPlatformInitiator       : HHH000489: No JTA platform available (set 'hibernate.transaction.jta.platform' to enable JTA platform integration)
2026-01-25T10:27:49.929+05:30  INFO 9308 --- [SpiderSync] [restartedMain] j.LocalContainerEntityManagerFactoryBean : Initialized JPA EntityManagerFactory for persistence unit 'default'
2026-01-25T10:27:50.899+05:30 DEBUG 9308 --- [SpiderSync] [restartedMain] c.P.S.security.JwtAuthenticationFilter   : Filter 'jwtAuthenticationFilter' configured for use
2026-01-25T10:27:50.907+05:30 DEBUG 9308 --- [SpiderSync] [restartedMain] o.s.w.f.ServerHttpObservationFilter      : Filter 'webMvcObservationFilter' configured for use
2026-01-25T10:27:50.907+05:30 DEBUG 9308 --- [SpiderSync] [restartedMain] c.P.S.security.RateLimitingFilter        : Filter 'rateLimitingFilter' configured for use
2026-01-25T10:27:51.175+05:30  INFO 9308 --- [SpiderSync] [restartedMain] o.s.d.j.r.query.QueryEnhancerFactory     : Hibernate is in classpath; If applicable, HQL parser will be used.
2026-01-25T10:27:51.868+05:30  INFO 9308 --- [SpiderSync] [restartedMain] r$InitializeUserDetailsManagerConfigurer : Global AuthenticationManager configured with UserDetailsService bean with name customUserDetailsService
2026-01-25T10:27:53.658+05:30  WARN 9308 --- [SpiderSync] [restartedMain] JpaBaseConfiguration$JpaWebConfiguration : spring.jpa.open-in-view is enabled by default. Therefore, database queries may be performed during view rendering. Explicitly configure spring.jpa.open-in-view to disable this warning
2026-01-25T10:27:53.862+05:30  INFO 9308 --- [SpiderSync] [restartedMain] o.s.b.a.w.s.WelcomePageHandlerMapping    : Adding welcome page: class path resource [static/index.html]
2026-01-25T10:27:54.010+05:30 DEBUG 9308 --- [SpiderSync] [restartedMain] s.w.s.m.m.a.RequestMappingHandlerMapping : 19 mappings in 'requestMappingHandlerMapping'
2026-01-25T10:27:54.348+05:30 DEBUG 9308 --- [SpiderSync] [restartedMain] o.s.w.s.handler.SimpleUrlHandlerMapping  : Patterns [/webjars/**, /**, /swagger-ui*/*swagger-initializer.js, /swagger-ui*/**] in 'resourceHandlerMapping'
2026-01-25T10:27:55.050+05:30  INFO 9308 --- [SpiderSync] [restartedMain] o.s.b.a.e.web.EndpointLinksResolver      : Exposing 4 endpoints beneath base path '/actuator'
2026-01-25T10:27:55.241+05:30 DEBUG 9308 --- [SpiderSync] [restartedMain] o.s.s.web.DefaultSecurityFilterChain     : Will secure any request with filters: DisableEncodeUrlFilter, WebAsyncManagerIntegrationFilter, SecurityContextHolderFilter, HeaderWriterFilter, LogoutFilter, RateLimitingFilter, JwtAuthenticationFilter, RequestCacheAwareFilter, SecurityContextHolderAwareRequestFilter, AnonymousAuthenticationFilter, SessionManagementFilter, ExceptionTranslationFilter, AuthorizationFilter
2026-01-25T10:27:55.443+05:30 DEBUG 9308 --- [SpiderSync] [restartedMain] s.w.s.m.m.a.RequestMappingHandlerAdapter : ControllerAdvice beans: 0 @ModelAttribute, 0 @InitBinder, 1 RequestBodyAdvice, 1 ResponseBodyAdvice
2026-01-25T10:27:55.522+05:30 DEBUG 9308 --- [SpiderSync] [restartedMain] .m.m.a.ExceptionHandlerExceptionResolver : ControllerAdvice beans: 1 @ExceptionHandler, 1 ResponseBodyAdvice
2026-01-25T10:27:56.239+05:30  WARN 9308 --- [SpiderSync] [restartedMain] i.m.c.i.b.cache.CaffeineCacheMetrics     : The cache 'robots-txt' is not recording statistics. No meters except 'cache.size' will be registered. Call 'Caffeine#recordStats()' prior to building the cache for metrics to be recorded.
2026-01-25T10:27:56.240+05:30  WARN 9308 --- [SpiderSync] [restartedMain] i.m.c.i.b.cache.CaffeineCacheMetrics     : The cache 'pages' is not recording statistics. No meters except 'cache.size' will be registered. Call 'Caffeine#recordStats()' prior to building the cache for metrics to be recorded.
2026-01-25T10:27:56.241+05:30  WARN 9308 --- [SpiderSync] [restartedMain] i.m.c.i.b.cache.CaffeineCacheMetrics     : The cache 'search-results' is not recording statistics. No meters except 'cache.size' will be registered. Call 'Caffeine#recordStats()' prior to building the cache for metrics to be recorded.
2026-01-25T10:27:56.616+05:30  INFO 9308 --- [SpiderSync] [restartedMain] o.s.b.d.a.OptionalLiveReloadServer       : LiveReload server is running on port 35729
2026-01-25T10:27:56.728+05:30  INFO 9308 --- [SpiderSync] [restartedMain] o.s.b.w.embedded.tomcat.TomcatWebServer  : Tomcat started on port 8081 (http) with context path '/'
2026-01-25T10:27:56.744+05:30  INFO 9308 --- [SpiderSync] [restartedMain] c.P.SpiderSync.SpiderSyncApplication     : Started SpiderSyncApplication in 17.975 seconds (process running for 19.831)
2026-01-25T10:27:56.753+05:30  INFO 9308 --- [SpiderSync] [restartedMain] c.P.S.service.DataSeedingService         : Checking for data seeding requirements...
2026-01-25T10:27:56.893+05:30 DEBUG 9308 --- [SpiderSync] [restartedMain] org.hibernate.SQL                        : 
    select
        p1_0.id,
        p1_0.content,
        p1_0.content_hash,
        p1_0.crawl_depth,
        p1_0.created_at,
        p1_0.description,
        p1_0.keywords,
        p1_0.language,
        p1_0.last_crawled_at,
        p1_0.page_rank,
        p1_0.response_time,
        p1_0.status_code,
        p1_0.title,
        p1_0.updated_at,
        p1_0.url 
    from
        pages p1_0 
    where
        p1_0.url in (?, ?, ?, ?, ?, ?, ?, ?, ?, ?, ?, ?, ?, ?, ?, ?, ?, ?, ?)
2026-01-25T10:27:56.943+05:30  INFO 9308 --- [SpiderSync] [restartedMain] c.P.S.service.DataSeedingService         : All seed pages already exist in database.
2026-01-25T10:27:56.985+05:30 ERROR 9308 --- [SpiderSync] [restartedMain] c.P.SpiderSync.service.IndexingService   : Error checking index existence: Connection refused: getsockopt
2026-01-25T10:27:56.986+05:30  INFO 9308 --- [SpiderSync] [restartedMain] c.P.S.service.DataSeedingService         : Elasticsearch index is missing or empty. Populating from database...
2026-01-25T10:27:57.000+05:30 DEBUG 9308 --- [SpiderSync] [restartedMain] org.hibernate.SQL                        : 
    select
        p1_0.id,
        p1_0.content,
        p1_0.content_hash,
        p1_0.crawl_depth,
        p1_0.created_at,
        p1_0.description,
        p1_0.keywords,
        p1_0.language,
        p1_0.last_crawled_at,
        p1_0.page_rank,
        p1_0.response_time,
        p1_0.status_code,
        p1_0.title,
        p1_0.updated_at,
        p1_0.url 
    from
        pages p1_0
2026-01-25T10:27:57.013+05:30 ERROR 9308 --- [SpiderSync] [restartedMain] c.P.SpiderSync.service.IndexingService   : Error creating Elasticsearch index: Connection refused: getsockopt
2026-01-25T10:27:57.047+05:30 ERROR 9308 --- [SpiderSync] [restartedMain] c.P.SpiderSync.service.IndexingService   : Error in bulk indexing: Connection refused: getsockopt
2026-01-25T10:27:57.047+05:30  INFO 9308 --- [SpiderSync] [restartedMain] c.P.S.service.DataSeedingService         : Successfully indexed 19 total pages from database.
2026-01-25T10:27:57.047+05:30  INFO 9308 --- [SpiderSync] [restartedMain] c.P.S.service.DataSeedingService         : Data seeding and indexing check completed!
2026-01-25T10:28:53.654+05:30  INFO 9308 --- [SpiderSync] [SpringApplicationShutdownHook] o.s.b.w.e.tomcat.GracefulShutdown        : Commencing graceful shutdown. Waiting for active requests to complete
2026-01-25T10:28:53.657+05:30  INFO 9308 --- [SpiderSync] [tomcat-shutdown] o.s.b.w.e.tomcat.GracefulShutdown        : Graceful shutdown complete
2026-01-25T10:28:53.697+05:30  INFO 9308 --- [SpiderSync] [SpringApplicationShutdownHook] j.LocalContainerEntityManagerFactoryBean : Closing JPA EntityManagerFactory for persistence unit 'default'
2026-01-25T10:28:53.697+05:30  INFO 9308 --- [SpiderSync] [SpringApplicationShutdownHook] com.zaxxer.hikari.HikariDataSource       : HikariPool-1 - Shutdown initiated...
2026-01-25T10:28:53.707+05:30  INFO 9308 --- [SpiderSync] [SpringApplicationShutdownHook] com.zaxxer.hikari.HikariDataSource       : HikariPool-1 - Shutdown completed.
2026-01-25T10:28:57.508+05:30  INFO 14912 --- [SpiderSync] [restartedMain] c.P.SpiderSync.SpiderSyncApplication     : Starting SpiderSyncApplication using Java 21.0.9 with PID 14912 (C:\Users\LOQ\SpiderSync\target\classes started by annki in C:\Users\LOQ\SpiderSync)
2026-01-25T10:28:57.511+05:30 DEBUG 14912 --- [SpiderSync] [restartedMain] c.P.SpiderSync.SpiderSyncApplication     : Running with Spring Boot v3.4.1, Spring v6.2.1
2026-01-25T10:28:57.513+05:30  INFO 14912 --- [SpiderSync] [restartedMain] c.P.SpiderSync.SpiderSyncApplication     : No active profile set, falling back to 1 default profile: "default"
2026-01-25T10:28:57.563+05:30  INFO 14912 --- [SpiderSync] [restartedMain] o.s.b.devtools.restart.ChangeableUrls    : The Class-Path manifest attribute in C:\Users\LOQ\.m2\repository\org\apache\opennlp\opennlp-tools\2.3.1\opennlp-tools-2.3.1.jar referenced one or more files that do not exist: file:/C:/Users/LOQ/.m2/repository/org/apache/opennlp/opennlp-tools/2.3.1/slf4j-api-1.7.36.jar
2026-01-25T10:28:57.564+05:30  INFO 14912 --- [SpiderSync] [restartedMain] .e.DevToolsPropertyDefaultsPostProcessor : Devtools property defaults active! Set 'spring.devtools.add-properties' to 'false' to disable
2026-01-25T10:28:57.564+05:30  INFO 14912 --- [SpiderSync] [restartedMain] .e.DevToolsPropertyDefaultsPostProcessor : For additional web related logging consider setting the 'logging.level.web' property to 'DEBUG'
2026-01-25T10:28:59.632+05:30  INFO 14912 --- [SpiderSync] [restartedMain] .s.d.r.c.RepositoryConfigurationDelegate : Multiple Spring Data modules found, entering strict repository configuration mode
2026-01-25T10:28:59.632+05:30  INFO 14912 --- [SpiderSync] [restartedMain] .s.d.r.c.RepositoryConfigurationDelegate : Bootstrapping Spring Data JPA repositories in DEFAULT mode.
2026-01-25T10:28:59.807+05:30  INFO 14912 --- [SpiderSync] [restartedMain] .s.d.r.c.RepositoryConfigurationDelegate : Finished Spring Data repository scanning in 156 ms. Found 4 JPA repository interfaces.
2026-01-25T10:28:59.820+05:30  INFO 14912 --- [SpiderSync] [restartedMain] .s.d.r.c.RepositoryConfigurationDelegate : Multiple Spring Data modules found, entering strict repository configuration mode
2026-01-25T10:28:59.824+05:30  INFO 14912 --- [SpiderSync] [restartedMain] .s.d.r.c.RepositoryConfigurationDelegate : Bootstrapping Spring Data Redis repositories in DEFAULT mode.
2026-01-25T10:28:59.840+05:30  INFO 14912 --- [SpiderSync] [restartedMain] .RepositoryConfigurationExtensionSupport : Spring Data Redis - Could not safely identify store assignment for repository candidate interface com.Project.SpiderSync.repositories.CrawlJobRepository; If you want this repository to be a Redis repository, consider annotating your entities with one of these annotations: org.springframework.data.redis.core.RedisHash (preferred), or consider extending one of the following types with your repository: org.springframework.data.keyvalue.repository.KeyValueRepository
2026-01-25T10:28:59.840+05:30  INFO 14912 --- [SpiderSync] [restartedMain] .RepositoryConfigurationExtensionSupport : Spring Data Redis - Could not safely identify store assignment for repository candidate interface com.Project.SpiderSync.repositories.PageRepository; If you want this repository to be a Redis repository, consider annotating your entities with one of these annotations: org.springframework.data.redis.core.RedisHash (preferred), or consider extending one of the following types with your repository: org.springframework.data.keyvalue.repository.KeyValueRepository
2026-01-25T10:28:59.840+05:30  INFO 14912 --- [SpiderSync] [restartedMain] .RepositoryConfigurationExtensionSupport : Spring Data Redis - Could not safely identify store assignment for repository candidate interface com.Project.SpiderSync.repositories.SearchQueryRepository; If you want this repository to be a Redis repository, consider annotating your entities with one of these annotations: org.springframework.data.redis.core.RedisHash (preferred), or consider extending one of the following types with your repository: org.springframework.data.keyvalue.repository.KeyValueRepository
2026-01-25T10:28:59.840+05:30  INFO 14912 --- [SpiderSync] [restartedMain] .RepositoryConfigurationExtensionSupport : Spring Data Redis - Could not safely identify store assignment for repository candidate interface com.Project.SpiderSync.repositories.UserRepository; If you want this repository to be a Redis repository, consider annotating your entities with one of these annotations: org.springframework.data.redis.core.RedisHash (preferred), or consider extending one of the following types with your repository: org.springframework.data.keyvalue.repository.KeyValueRepository
2026-01-25T10:28:59.840+05:30  INFO 14912 --- [SpiderSync] [restartedMain] .s.d.r.c.RepositoryConfigurationDelegate : Finished Spring Data repository scanning in 10 ms. Found 0 Redis repository interfaces.
2026-01-25T10:29:01.075+05:30  INFO 14912 --- [SpiderSync] [restartedMain] o.s.b.w.embedded.tomcat.TomcatWebServer  : Tomcat initialized with port 8081 (http)
2026-01-25T10:29:01.106+05:30  INFO 14912 --- [SpiderSync] [restartedMain] o.apache.catalina.core.StandardService   : Starting service [Tomcat]
2026-01-25T10:29:01.106+05:30  INFO 14912 --- [SpiderSync] [restartedMain] o.apache.catalina.core.StandardEngine    : Starting Servlet engine: [Apache Tomcat/10.1.34]
2026-01-25T10:29:01.197+05:30  INFO 14912 --- [SpiderSync] [restartedMain] o.a.c.c.C.[Tomcat].[localhost].[/]       : Initializing Spring embedded WebApplicationContext
2026-01-25T10:29:01.197+05:30  INFO 14912 --- [SpiderSync] [restartedMain] w.s.c.ServletWebServerApplicationContext : Root WebApplicationContext: initialization completed in 3632 ms
2026-01-25T10:29:01.779+05:30  INFO 14912 --- [SpiderSync] [restartedMain] com.zaxxer.hikari.HikariDataSource       : HikariPool-1 - Starting...
2026-01-25T10:29:01.996+05:30  INFO 14912 --- [SpiderSync] [restartedMain] com.zaxxer.hikari.pool.HikariPool        : HikariPool-1 - Added connection com.mysql.cj.jdbc.ConnectionImpl@44ee6f00
2026-01-25T10:29:02.000+05:30  INFO 14912 --- [SpiderSync] [restartedMain] com.zaxxer.hikari.HikariDataSource       : HikariPool-1 - Start completed.
2026-01-25T10:29:02.050+05:30  INFO 14912 --- [SpiderSync] [restartedMain] org.flywaydb.core.FlywayExecutor         : Database: jdbc:mysql://localhost:3306/search_engine?createDatabaseIfNotExists=true&useSSL=false&serverTimezone=UTC&allowPublicKeyRetrieval=true (MySQL 8.0)
2026-01-25T10:29:02.108+05:30  INFO 14912 --- [SpiderSync] [restartedMain] o.f.core.internal.command.DbValidate     : Successfully validated 1 migration (execution time 00:00.031s)
2026-01-25T10:29:02.126+05:30  INFO 14912 --- [SpiderSync] [restartedMain] o.f.core.internal.command.DbMigrate      : Current version of schema `search_engine`: 1
2026-01-25T10:29:02.131+05:30  INFO 14912 --- [SpiderSync] [restartedMain] o.f.core.internal.command.DbMigrate      : Schema `search_engine` is up to date. No migration necessary.
2026-01-25T10:29:02.249+05:30  INFO 14912 --- [SpiderSync] [restartedMain] o.hibernate.jpa.internal.util.LogHelper  : HHH000204: Processing PersistenceUnitInfo [name: default]
2026-01-25T10:29:02.309+05:30  INFO 14912 --- [SpiderSync] [restartedMain] org.hibernate.Version                    : HHH000412: Hibernate ORM core version 6.6.4.Final
2026-01-25T10:29:02.348+05:30  INFO 14912 --- [SpiderSync] [restartedMain] o.h.c.internal.RegionFactoryInitiator    : HHH000026: Second-level cache disabled
2026-01-25T10:29:02.663+05:30  INFO 14912 --- [SpiderSync] [restartedMain] o.s.o.j.p.SpringPersistenceUnitInfo      : No LoadTimeWeaver setup: ignoring JPA class transformer
2026-01-25T10:29:02.733+05:30  WARN 14912 --- [SpiderSync] [restartedMain] org.hibernate.orm.deprecation            : HHH90000025: MySQLDialect does not need to be specified explicitly using 'hibernate.dialect' (remove the property setting and it will be selected by default)
2026-01-25T10:29:02.749+05:30  INFO 14912 --- [SpiderSync] [restartedMain] org.hibernate.orm.connections.pooling    : HHH10001005: Database info:
	Database JDBC URL [Connecting through datasource 'HikariDataSource (HikariPool-1)']
	Database driver: undefined/unknown
	Database version: 8.0.44
	Autocommit mode: undefined/unknown
	Isolation level: undefined/unknown
	Minimum pool size: undefined/unknown
	Maximum pool size: undefined/unknown
2026-01-25T10:29:03.765+05:30  INFO 14912 --- [SpiderSync] [restartedMain] o.h.e.t.j.p.i.JtaPlatformInitiator       : HHH000489: No JTA platform available (set 'hibernate.transaction.jta.platform' to enable JTA platform integration)
2026-01-25T10:29:03.831+05:30  INFO 14912 --- [SpiderSync] [restartedMain] j.LocalContainerEntityManagerFactoryBean : Initialized JPA EntityManagerFactory for persistence unit 'default'
2026-01-25T10:29:04.264+05:30 DEBUG 14912 --- [SpiderSync] [restartedMain] c.P.S.security.JwtAuthenticationFilter   : Filter 'jwtAuthenticationFilter' configured for use
2026-01-25T10:29:04.274+05:30 DEBUG 14912 --- [SpiderSync] [restartedMain] o.s.w.f.ServerHttpObservationFilter      : Filter 'webMvcObservationFilter' configured for use
2026-01-25T10:29:04.274+05:30 DEBUG 14912 --- [SpiderSync] [restartedMain] c.P.S.security.RateLimitingFilter        : Filter 'rateLimitingFilter' configured for use
2026-01-25T10:29:04.347+05:30  INFO 14912 --- [SpiderSync] [restartedMain] o.s.d.j.r.query.QueryEnhancerFactory     : Hibernate is in classpath; If applicable, HQL parser will be used.
2026-01-25T10:29:04.725+05:30  INFO 14912 --- [SpiderSync] [restartedMain] r$InitializeUserDetailsManagerConfigurer : Global AuthenticationManager configured with UserDetailsService bean with name customUserDetailsService
2026-01-25T10:29:05.992+05:30  WARN 14912 --- [SpiderSync] [restartedMain] JpaBaseConfiguration$JpaWebConfiguration : spring.jpa.open-in-view is enabled by default. Therefore, database queries may be performed during view rendering. Explicitly configure spring.jpa.open-in-view to disable this warning
2026-01-25T10:29:06.167+05:30  INFO 14912 --- [SpiderSync] [restartedMain] o.s.b.a.w.s.WelcomePageHandlerMapping    : Adding welcome page: class path resource [static/index.html]
2026-01-25T10:29:06.327+05:30 DEBUG 14912 --- [SpiderSync] [restartedMain] s.w.s.m.m.a.RequestMappingHandlerMapping : 19 mappings in 'requestMappingHandlerMapping'
2026-01-25T10:29:06.598+05:30 DEBUG 14912 --- [SpiderSync] [restartedMain] o.s.w.s.handler.SimpleUrlHandlerMapping  : Patterns [/webjars/**, /**, /swagger-ui*/*swagger-initializer.js, /swagger-ui*/**] in 'resourceHandlerMapping'
2026-01-25T10:29:08.076+05:30  INFO 14912 --- [SpiderSync] [restartedMain] o.s.b.a.e.web.EndpointLinksResolver      : Exposing 4 endpoints beneath base path '/actuator'
2026-01-25T10:29:08.994+05:30 DEBUG 14912 --- [SpiderSync] [restartedMain] o.s.s.web.DefaultSecurityFilterChain     : Will secure any request with filters: DisableEncodeUrlFilter, WebAsyncManagerIntegrationFilter, SecurityContextHolderFilter, HeaderWriterFilter, LogoutFilter, RateLimitingFilter, JwtAuthenticationFilter, RequestCacheAwareFilter, SecurityContextHolderAwareRequestFilter, AnonymousAuthenticationFilter, SessionManagementFilter, ExceptionTranslationFilter, AuthorizationFilter
2026-01-25T10:29:09.352+05:30 DEBUG 14912 --- [SpiderSync] [restartedMain] s.w.s.m.m.a.RequestMappingHandlerAdapter : ControllerAdvice beans: 0 @ModelAttribute, 0 @InitBinder, 1 RequestBodyAdvice, 1 ResponseBodyAdvice
2026-01-25T10:29:09.449+05:30 DEBUG 14912 --- [SpiderSync] [restartedMain] .m.m.a.ExceptionHandlerExceptionResolver : ControllerAdvice beans: 1 @ExceptionHandler, 1 ResponseBodyAdvice
2026-01-25T10:29:10.438+05:30  WARN 14912 --- [SpiderSync] [restartedMain] i.m.c.i.b.cache.CaffeineCacheMetrics     : The cache 'robots-txt' is not recording statistics. No meters except 'cache.size' will be registered. Call 'Caffeine#recordStats()' prior to building the cache for metrics to be recorded.
2026-01-25T10:29:10.438+05:30  WARN 14912 --- [SpiderSync] [restartedMain] i.m.c.i.b.cache.CaffeineCacheMetrics     : The cache 'pages' is not recording statistics. No meters except 'cache.size' will be registered. Call 'Caffeine#recordStats()' prior to building the cache for metrics to be recorded.
2026-01-25T10:29:10.438+05:30  WARN 14912 --- [SpiderSync] [restartedMain] i.m.c.i.b.cache.CaffeineCacheMetrics     : The cache 'search-results' is not recording statistics. No meters except 'cache.size' will be registered. Call 'Caffeine#recordStats()' prior to building the cache for metrics to be recorded.
2026-01-25T10:29:10.888+05:30  INFO 14912 --- [SpiderSync] [restartedMain] o.s.b.d.a.OptionalLiveReloadServer       : LiveReload server is running on port 35729
2026-01-25T10:29:11.016+05:30  INFO 14912 --- [SpiderSync] [restartedMain] o.s.b.w.embedded.tomcat.TomcatWebServer  : Tomcat started on port 8081 (http) with context path '/'
2026-01-25T10:29:11.027+05:30  INFO 14912 --- [SpiderSync] [restartedMain] c.P.SpiderSync.SpiderSyncApplication     : Started SpiderSyncApplication in 14.096 seconds (process running for 15.435)
2026-01-25T10:29:11.040+05:30  INFO 14912 --- [SpiderSync] [restartedMain] c.P.S.service.DataSeedingService         : Checking for data seeding requirements...
2026-01-25T10:29:11.152+05:30 DEBUG 14912 --- [SpiderSync] [restartedMain] org.hibernate.SQL                        : 
    select
        p1_0.id,
        p1_0.content,
        p1_0.content_hash,
        p1_0.crawl_depth,
        p1_0.created_at,
        p1_0.description,
        p1_0.keywords,
        p1_0.language,
        p1_0.last_crawled_at,
        p1_0.page_rank,
        p1_0.response_time,
        p1_0.status_code,
        p1_0.title,
        p1_0.updated_at,
        p1_0.url 
    from
        pages p1_0 
    where
        p1_0.url in (?, ?, ?, ?, ?, ?, ?, ?, ?, ?, ?, ?, ?, ?, ?, ?, ?, ?, ?)
2026-01-25T10:29:11.201+05:30  INFO 14912 --- [SpiderSync] [restartedMain] c.P.S.service.DataSeedingService         : All seed pages already exist in database.
2026-01-25T10:29:11.248+05:30 ERROR 14912 --- [SpiderSync] [restartedMain] c.P.SpiderSync.service.IndexingService   : Error checking index existence: Connection refused: getsockopt
2026-01-25T10:29:11.248+05:30  INFO 14912 --- [SpiderSync] [restartedMain] c.P.S.service.DataSeedingService         : Elasticsearch index is missing or empty. Populating from database...
2026-01-25T10:29:11.265+05:30 DEBUG 14912 --- [SpiderSync] [restartedMain] org.hibernate.SQL                        : 
    select
        p1_0.id,
        p1_0.content,
        p1_0.content_hash,
        p1_0.crawl_depth,
        p1_0.created_at,
        p1_0.description,
        p1_0.keywords,
        p1_0.language,
        p1_0.last_crawled_at,
        p1_0.page_rank,
        p1_0.response_time,
        p1_0.status_code,
        p1_0.title,
        p1_0.updated_at,
        p1_0.url 
    from
        pages p1_0
2026-01-25T10:29:11.276+05:30 ERROR 14912 --- [SpiderSync] [restartedMain] c.P.SpiderSync.service.IndexingService   : Error creating Elasticsearch index: Connection refused: getsockopt
2026-01-25T10:29:11.310+05:30 ERROR 14912 --- [SpiderSync] [restartedMain] c.P.SpiderSync.service.IndexingService   : Error in bulk indexing: Connection refused: getsockopt
2026-01-25T10:29:11.310+05:30  INFO 14912 --- [SpiderSync] [restartedMain] c.P.S.service.DataSeedingService         : Successfully indexed 19 total pages from database.
2026-01-25T10:29:11.312+05:30  INFO 14912 --- [SpiderSync] [restartedMain] c.P.S.service.DataSeedingService         : Data seeding and indexing check completed!
2026-01-25T10:29:11.557+05:30  INFO 14912 --- [SpiderSync] [RMI TCP Connection(12)-192.168.1.73] o.a.c.c.C.[Tomcat].[localhost].[/]       : Initializing Spring DispatcherServlet 'dispatcherServlet'
2026-01-25T10:29:11.557+05:30  INFO 14912 --- [SpiderSync] [RMI TCP Connection(11)-192.168.1.73] o.s.a.r.c.CachingConnectionFactory       : Attempting to connect to: [localhost:5672]
2026-01-25T10:29:11.557+05:30  INFO 14912 --- [SpiderSync] [RMI TCP Connection(12)-192.168.1.73] o.s.web.servlet.DispatcherServlet        : Initializing Servlet 'dispatcherServlet'
2026-01-25T10:29:11.561+05:30 DEBUG 14912 --- [SpiderSync] [RMI TCP Connection(12)-192.168.1.73] o.s.web.servlet.DispatcherServlet        : Detected StandardServletMultipartResolver
2026-01-25T10:29:11.561+05:30 DEBUG 14912 --- [SpiderSync] [RMI TCP Connection(12)-192.168.1.73] o.s.web.servlet.DispatcherServlet        : Detected AcceptHeaderLocaleResolver
2026-01-25T10:29:11.561+05:30 DEBUG 14912 --- [SpiderSync] [RMI TCP Connection(12)-192.168.1.73] o.s.web.servlet.DispatcherServlet        : Detected FixedThemeResolver
2026-01-25T10:29:11.564+05:30 DEBUG 14912 --- [SpiderSync] [RMI TCP Connection(12)-192.168.1.73] o.s.web.servlet.DispatcherServlet        : Detected org.springframework.web.servlet.view.DefaultRequestToViewNameTranslator@2a98b4f6
2026-01-25T10:29:11.564+05:30 DEBUG 14912 --- [SpiderSync] [RMI TCP Connection(12)-192.168.1.73] o.s.web.servlet.DispatcherServlet        : Detected org.springframework.web.servlet.support.SessionFlashMapManager@1f434615
2026-01-25T10:29:11.564+05:30 DEBUG 14912 --- [SpiderSync] [RMI TCP Connection(12)-192.168.1.73] o.s.web.servlet.DispatcherServlet        : enableLoggingRequestDetails='false': request parameters and headers will be masked to prevent unsafe logging of potentially sensitive data
2026-01-25T10:29:11.565+05:30  INFO 14912 --- [SpiderSync] [RMI TCP Connection(12)-192.168.1.73] o.s.web.servlet.DispatcherServlet        : Completed initialization in 7 ms
2026-01-25T10:29:11.570+05:30  WARN 14912 --- [SpiderSync] [RMI TCP Connection(11)-192.168.1.73] o.s.b.a.amqp.RabbitHealthIndicator       : Rabbit health check failed

org.springframework.amqp.AmqpConnectException: java.net.ConnectException: Connection refused: getsockopt
	at org.springframework.amqp.rabbit.support.RabbitExceptionTranslator.convertRabbitAccessException(RabbitExceptionTranslator.java:61) ~[spring-rabbit-3.2.1.jar:3.2.1]
	at org.springframework.amqp.rabbit.connection.AbstractConnectionFactory.createBareConnection(AbstractConnectionFactory.java:633) ~[spring-rabbit-3.2.1.jar:3.2.1]
	at org.springframework.amqp.rabbit.connection.CachingConnectionFactory.createConnection(CachingConnectionFactory.java:726) ~[spring-rabbit-3.2.1.jar:3.2.1]
	at org.springframework.amqp.rabbit.connection.ConnectionFactoryUtils.createConnection(ConnectionFactoryUtils.java:257) ~[spring-rabbit-3.2.1.jar:3.2.1]
	at org.springframework.amqp.rabbit.core.RabbitTemplate.doExecute(RabbitTemplate.java:2262) ~[spring-rabbit-3.2.1.jar:3.2.1]
	at org.springframework.amqp.rabbit.core.RabbitTemplate.execute(RabbitTemplate.java:2235) ~[spring-rabbit-3.2.1.jar:3.2.1]
	at org.springframework.amqp.rabbit.core.RabbitTemplate.execute(RabbitTemplate.java:2215) ~[spring-rabbit-3.2.1.jar:3.2.1]
	at org.springframework.boot.actuate.amqp.RabbitHealthIndicator.getVersion(RabbitHealthIndicator.java:49) ~[spring-boot-actuator-3.4.1.jar:3.4.1]
	at org.springframework.boot.actuate.amqp.RabbitHealthIndicator.doHealthCheck(RabbitHealthIndicator.java:44) ~[spring-boot-actuator-3.4.1.jar:3.4.1]
	at org.springframework.boot.actuate.health.AbstractHealthIndicator.health(AbstractHealthIndicator.java:82) ~[spring-boot-actuator-3.4.1.jar:3.4.1]
	at org.springframework.boot.actuate.health.HealthIndicator.getHealth(HealthIndicator.java:37) ~[spring-boot-actuator-3.4.1.jar:3.4.1]
	at org.springframework.boot.actuate.health.HealthEndpoint.getHealth(HealthEndpoint.java:82) ~[spring-boot-actuator-3.4.1.jar:3.4.1]
	at org.springframework.boot.actuate.health.HealthEndpoint.getHealth(HealthEndpoint.java:41) ~[spring-boot-actuator-3.4.1.jar:3.4.1]
	at org.springframework.boot.actuate.health.HealthEndpointSupport.getLoggedHealth(HealthEndpointSupport.java:172) ~[spring-boot-actuator-3.4.1.jar:3.4.1]
	at org.springframework.boot.actuate.health.HealthEndpointSupport.getContribution(HealthEndpointSupport.java:145) ~[spring-boot-actuator-3.4.1.jar:3.4.1]
	at org.springframework.boot.actuate.health.HealthEndpointSupport.getAggregateContribution(HealthEndpointSupport.java:156) ~[spring-boot-actuator-3.4.1.jar:3.4.1]
	at org.springframework.boot.actuate.health.HealthEndpointSupport.getContribution(HealthEndpointSupport.java:141) ~[spring-boot-actuator-3.4.1.jar:3.4.1]
	at org.springframework.boot.actuate.health.HealthEndpointSupport.getHealth(HealthEndpointSupport.java:110) ~[spring-boot-actuator-3.4.1.jar:3.4.1]
	at org.springframework.boot.actuate.health.HealthEndpointSupport.getHealth(HealthEndpointSupport.java:81) ~[spring-boot-actuator-3.4.1.jar:3.4.1]
	at org.springframework.boot.actuate.health.HealthEndpoint.health(HealthEndpoint.java:76) ~[spring-boot-actuator-3.4.1.jar:3.4.1]
	at org.springframework.boot.actuate.health.HealthEndpoint.health(HealthEndpoint.java:66) ~[spring-boot-actuator-3.4.1.jar:3.4.1]
	at java.base/jdk.internal.reflect.DirectMethodHandleAccessor.invoke(DirectMethodHandleAccessor.java:103) ~[na:na]
	at java.base/java.lang.reflect.Method.invoke(Method.java:580) ~[na:na]
	at org.springframework.util.ReflectionUtils.invokeMethod(ReflectionUtils.java:281) ~[spring-core-6.2.1.jar:6.2.1]
	at org.springframework.boot.actuate.endpoint.invoke.reflect.ReflectiveOperationInvoker.invoke(ReflectiveOperationInvoker.java:74) ~[spring-boot-actuator-3.4.1.jar:3.4.1]
	at org.springframework.boot.actuate.endpoint.annotation.AbstractDiscoveredOperation.invoke(AbstractDiscoveredOperation.java:60) ~[spring-boot-actuator-3.4.1.jar:3.4.1]
	at org.springframework.boot.actuate.endpoint.jmx.EndpointMBean.invoke(EndpointMBean.java:124) ~[spring-boot-actuator-3.4.1.jar:3.4.1]
	at org.springframework.boot.actuate.endpoint.jmx.EndpointMBean.invoke(EndpointMBean.java:97) ~[spring-boot-actuator-3.4.1.jar:3.4.1]
	at java.management/com.sun.jmx.interceptor.DefaultMBeanServerInterceptor.invoke(DefaultMBeanServerInterceptor.java:803) ~[na:na]
	at java.management/com.sun.jmx.mbeanserver.JmxMBeanServer.invoke(JmxMBeanServer.java:802) ~[na:na]
	at java.management.rmi/javax.management.remote.rmi.RMIConnectionImpl.doOperation(RMIConnectionImpl.java:1472) ~[na:na]
	at java.management.rmi/javax.management.remote.rmi.RMIConnectionImpl$PrivilegedOperation.run(RMIConnectionImpl.java:1310) ~[na:na]
	at java.management.rmi/javax.management.remote.rmi.RMIConnectionImpl.doPrivilegedOperation(RMIConnectionImpl.java:1405) ~[na:na]
	at java.management.rmi/javax.management.remote.rmi.RMIConnectionImpl.invoke(RMIConnectionImpl.java:829) ~[na:na]
	at java.base/jdk.internal.reflect.DirectMethodHandleAccessor.invoke(DirectMethodHandleAccessor.java:103) ~[na:na]
	at java.base/java.lang.reflect.Method.invoke(Method.java:580) ~[na:na]
	at java.rmi/sun.rmi.server.UnicastServerRef.dispatch(UnicastServerRef.java:360) ~[na:na]
	at java.rmi/sun.rmi.transport.Transport$1.run(Transport.java:200) ~[na:na]
	at java.rmi/sun.rmi.transport.Transport$1.run(Transport.java:197) ~[na:na]
	at java.base/java.security.AccessController.doPrivileged(AccessController.java:714) ~[na:na]
	at java.rmi/sun.rmi.transport.Transport.serviceCall(Transport.java:196) ~[na:na]
	at java.rmi/sun.rmi.transport.tcp.TCPTransport.handleMessages(TCPTransport.java:598) ~[na:na]
	at java.rmi/sun.rmi.transport.tcp.TCPTransport$ConnectionHandler.run0(TCPTransport.java:844) ~[na:na]
	at java.rmi/sun.rmi.transport.tcp.TCPTransport$ConnectionHandler.lambda$run$0(TCPTransport.java:721) ~[na:na]
	at java.base/java.security.AccessController.doPrivileged(AccessController.java:400) ~[na:na]
	at java.rmi/sun.rmi.transport.tcp.TCPTransport$ConnectionHandler.run(TCPTransport.java:720) ~[na:na]
	at java.base/java.util.concurrent.ThreadPoolExecutor.runWorker(ThreadPoolExecutor.java:1144) ~[na:na]
	at java.base/java.util.concurrent.ThreadPoolExecutor$Worker.run(ThreadPoolExecutor.java:642) ~[na:na]
	at java.base/java.lang.Thread.run(Thread.java:1583) ~[na:na]
Caused by: java.net.ConnectException: Connection refused: getsockopt
	at java.base/sun.nio.ch.Net.pollConnect(Native Method) ~[na:na]
	at java.base/sun.nio.ch.Net.pollConnectNow(Net.java:682) ~[na:na]
	at java.base/sun.nio.ch.NioSocketImpl.timedFinishConnect(NioSocketImpl.java:542) ~[na:na]
	at java.base/sun.nio.ch.NioSocketImpl.connect(NioSocketImpl.java:592) ~[na:na]
	at java.base/java.net.SocksSocketImpl.connect(SocksSocketImpl.java:327) ~[na:na]
	at java.base/java.net.Socket.connect(Socket.java:751) ~[na:na]
	at com.rabbitmq.client.impl.SocketFrameHandlerFactory.create(SocketFrameHandlerFactory.java:61) ~[amqp-client-5.22.0.jar:5.22.0]
	at com.rabbitmq.client.ConnectionFactory.newConnection(ConnectionFactory.java:1249) ~[amqp-client-5.22.0.jar:5.22.0]
	at com.rabbitmq.client.ConnectionFactory.newConnection(ConnectionFactory.java:1198) ~[amqp-client-5.22.0.jar:5.22.0]
	at org.springframework.amqp.rabbit.connection.AbstractConnectionFactory.connectAddresses(AbstractConnectionFactory.java:679) ~[spring-rabbit-3.2.1.jar:3.2.1]
	at org.springframework.amqp.rabbit.connection.AbstractConnectionFactory.connect(AbstractConnectionFactory.java:648) ~[spring-rabbit-3.2.1.jar:3.2.1]
	at org.springframework.amqp.rabbit.connection.AbstractConnectionFactory.createBareConnection(AbstractConnectionFactory.java:594) ~[spring-rabbit-3.2.1.jar:3.2.1]
	... 47 common frames omitted

2026-01-25T10:29:11.585+05:30  WARN 14912 --- [SpiderSync] [RMI TCP Connection(11)-192.168.1.73] e.ElasticsearchRestClientHealthIndicator : Elasticsearch health check failed

java.net.ConnectException: Connection refused: getsockopt
	at org.elasticsearch.client.RestClient.extractAndWrapCause(RestClient.java:934) ~[elasticsearch-rest-client-8.15.5.jar:8.15.5]
	at org.elasticsearch.client.RestClient.performRequest(RestClient.java:304) ~[elasticsearch-rest-client-8.15.5.jar:8.15.5]
	at org.elasticsearch.client.RestClient.performRequest(RestClient.java:292) ~[elasticsearch-rest-client-8.15.5.jar:8.15.5]
	at org.springframework.boot.actuate.elasticsearch.ElasticsearchRestClientHealthIndicator.doHealthCheck(ElasticsearchRestClientHealthIndicator.java:60) ~[spring-boot-actuator-3.4.1.jar:3.4.1]
	at org.springframework.boot.actuate.health.AbstractHealthIndicator.health(AbstractHealthIndicator.java:82) ~[spring-boot-actuator-3.4.1.jar:3.4.1]
	at org.springframework.boot.actuate.health.HealthIndicator.getHealth(HealthIndicator.java:37) ~[spring-boot-actuator-3.4.1.jar:3.4.1]
	at org.springframework.boot.actuate.health.HealthEndpoint.getHealth(HealthEndpoint.java:82) ~[spring-boot-actuator-3.4.1.jar:3.4.1]
	at org.springframework.boot.actuate.health.HealthEndpoint.getHealth(HealthEndpoint.java:41) ~[spring-boot-actuator-3.4.1.jar:3.4.1]
	at org.springframework.boot.actuate.health.HealthEndpointSupport.getLoggedHealth(HealthEndpointSupport.java:172) ~[spring-boot-actuator-3.4.1.jar:3.4.1]
	at org.springframework.boot.actuate.health.HealthEndpointSupport.getContribution(HealthEndpointSupport.java:145) ~[spring-boot-actuator-3.4.1.jar:3.4.1]
	at org.springframework.boot.actuate.health.HealthEndpointSupport.getAggregateContribution(HealthEndpointSupport.java:156) ~[spring-boot-actuator-3.4.1.jar:3.4.1]
	at org.springframework.boot.actuate.health.HealthEndpointSupport.getContribution(HealthEndpointSupport.java:141) ~[spring-boot-actuator-3.4.1.jar:3.4.1]
	at org.springframework.boot.actuate.health.HealthEndpointSupport.getHealth(HealthEndpointSupport.java:110) ~[spring-boot-actuator-3.4.1.jar:3.4.1]
	at org.springframework.boot.actuate.health.HealthEndpointSupport.getHealth(HealthEndpointSupport.java:81) ~[spring-boot-actuator-3.4.1.jar:3.4.1]
	at org.springframework.boot.actuate.health.HealthEndpoint.health(HealthEndpoint.java:76) ~[spring-boot-actuator-3.4.1.jar:3.4.1]
	at org.springframework.boot.actuate.health.HealthEndpoint.health(HealthEndpoint.java:66) ~[spring-boot-actuator-3.4.1.jar:3.4.1]
	at java.base/jdk.internal.reflect.DirectMethodHandleAccessor.invoke(DirectMethodHandleAccessor.java:103) ~[na:na]
	at java.base/java.lang.reflect.Method.invoke(Method.java:580) ~[na:na]
	at org.springframework.util.ReflectionUtils.invokeMethod(ReflectionUtils.java:281) ~[spring-core-6.2.1.jar:6.2.1]
	at org.springframework.boot.actuate.endpoint.invoke.reflect.ReflectiveOperationInvoker.invoke(ReflectiveOperationInvoker.java:74) ~[spring-boot-actuator-3.4.1.jar:3.4.1]
	at org.springframework.boot.actuate.endpoint.annotation.AbstractDiscoveredOperation.invoke(AbstractDiscoveredOperation.java:60) ~[spring-boot-actuator-3.4.1.jar:3.4.1]
	at org.springframework.boot.actuate.endpoint.jmx.EndpointMBean.invoke(EndpointMBean.java:124) ~[spring-boot-actuator-3.4.1.jar:3.4.1]
	at org.springframework.boot.actuate.endpoint.jmx.EndpointMBean.invoke(EndpointMBean.java:97) ~[spring-boot-actuator-3.4.1.jar:3.4.1]
	at java.management/com.sun.jmx.interceptor.DefaultMBeanServerInterceptor.invoke(DefaultMBeanServerInterceptor.java:803) ~[na:na]
	at java.management/com.sun.jmx.mbeanserver.JmxMBeanServer.invoke(JmxMBeanServer.java:802) ~[na:na]
	at java.management.rmi/javax.management.remote.rmi.RMIConnectionImpl.doOperation(RMIConnectionImpl.java:1472) ~[na:na]
	at java.management.rmi/javax.management.remote.rmi.RMIConnectionImpl$PrivilegedOperation.run(RMIConnectionImpl.java:1310) ~[na:na]
	at java.management.rmi/javax.management.remote.rmi.RMIConnectionImpl.doPrivilegedOperation(RMIConnectionImpl.java:1405) ~[na:na]
	at java.management.rmi/javax.management.remote.rmi.RMIConnectionImpl.invoke(RMIConnectionImpl.java:829) ~[na:na]
	at java.base/jdk.internal.reflect.DirectMethodHandleAccessor.invoke(DirectMethodHandleAccessor.java:103) ~[na:na]
	at java.base/java.lang.reflect.Method.invoke(Method.java:580) ~[na:na]
	at java.rmi/sun.rmi.server.UnicastServerRef.dispatch(UnicastServerRef.java:360) ~[na:na]
	at java.rmi/sun.rmi.transport.Transport$1.run(Transport.java:200) ~[na:na]
	at java.rmi/sun.rmi.transport.Transport$1.run(Transport.java:197) ~[na:na]
	at java.base/java.security.AccessController.doPrivileged(AccessController.java:714) ~[na:na]
	at java.rmi/sun.rmi.transport.Transport.serviceCall(Transport.java:196) ~[na:na]
	at java.rmi/sun.rmi.transport.tcp.TCPTransport.handleMessages(TCPTransport.java:598) ~[na:na]
	at java.rmi/sun.rmi.transport.tcp.TCPTransport$ConnectionHandler.run0(TCPTransport.java:844) ~[na:na]
	at java.rmi/sun.rmi.transport.tcp.TCPTransport$ConnectionHandler.lambda$run$0(TCPTransport.java:721) ~[na:na]
	at java.base/java.security.AccessController.doPrivileged(AccessController.java:400) ~[na:na]
	at java.rmi/sun.rmi.transport.tcp.TCPTransport$ConnectionHandler.run(TCPTransport.java:720) ~[na:na]
	at java.base/java.util.concurrent.ThreadPoolExecutor.runWorker(ThreadPoolExecutor.java:1144) ~[na:na]
	at java.base/java.util.concurrent.ThreadPoolExecutor$Worker.run(ThreadPoolExecutor.java:642) ~[na:na]
	at java.base/java.lang.Thread.run(Thread.java:1583) ~[na:na]
Caused by: java.net.ConnectException: Connection refused: getsockopt
	at java.base/sun.nio.ch.Net.pollConnect(Native Method) ~[na:na]
	at java.base/sun.nio.ch.Net.pollConnectNow(Net.java:682) ~[na:na]
	at java.base/sun.nio.ch.SocketChannelImpl.finishConnect(SocketChannelImpl.java:973) ~[na:na]
	at org.apache.http.impl.nio.reactor.DefaultConnectingIOReactor.processEvent(DefaultConnectingIOReactor.java:174) ~[httpcore-nio-4.4.16.jar:4.4.16]
	at org.apache.http.impl.nio.reactor.DefaultConnectingIOReactor.processEvents(DefaultConnectingIOReactor.java:148) ~[httpcore-nio-4.4.16.jar:4.4.16]
	at org.apache.http.impl.nio.reactor.AbstractMultiworkerIOReactor.execute(AbstractMultiworkerIOReactor.java:351) ~[httpcore-nio-4.4.16.jar:4.4.16]
	at org.apache.http.impl.nio.conn.PoolingNHttpClientConnectionManager.execute(PoolingNHttpClientConnectionManager.java:221) ~[httpasyncclient-4.1.5.jar:4.1.5]
	at org.apache.http.impl.nio.client.CloseableHttpAsyncClientBase$1.run(CloseableHttpAsyncClientBase.java:64) ~[httpasyncclient-4.1.5.jar:4.1.5]
	... 1 common frames omitted

2026-01-25T10:29:12.094+05:30  WARN 14912 --- [SpiderSync] [boundedElastic-1] o.s.b.a.d.r.RedisReactiveHealthIndicator : Redis health check failed

org.springframework.data.redis.RedisConnectionFailureException: Unable to connect to Redis
	at org.springframework.data.redis.connection.lettuce.LettuceConnectionFactory$ExceptionTranslatingConnectionProvider.translateException(LettuceConnectionFactory.java:1858) ~[spring-data-redis-3.4.1.jar:3.4.1]
	at org.springframework.data.redis.connection.lettuce.LettuceConnectionFactory$ExceptionTranslatingConnectionProvider.getConnection(LettuceConnectionFactory.java:1789) ~[spring-data-redis-3.4.1.jar:3.4.1]
	at org.springframework.data.redis.connection.lettuce.LettuceConnectionFactory$SharedConnection.getNativeConnection(LettuceConnectionFactory.java:1586) ~[spring-data-redis-3.4.1.jar:3.4.1]
	at org.springframework.data.redis.connection.lettuce.LettuceConnectionFactory$SharedConnection.lambda$getConnection$0(LettuceConnectionFactory.java:1566) ~[spring-data-redis-3.4.1.jar:3.4.1]
	at org.springframework.data.redis.connection.lettuce.LettuceConnectionFactory.doInLock(LettuceConnectionFactory.java:1527) ~[spring-data-redis-3.4.1.jar:3.4.1]
	at org.springframework.data.redis.connection.lettuce.LettuceConnectionFactory$SharedConnection.getConnection(LettuceConnectionFactory.java:1563) ~[spring-data-redis-3.4.1.jar:3.4.1]
	at org.springframework.data.redis.connection.lettuce.LettuceConnectionFactory.getSharedReactiveConnection(LettuceConnectionFactory.java:1274) ~[spring-data-redis-3.4.1.jar:3.4.1]
	at org.springframework.data.redis.connection.lettuce.LettuceConnectionFactory.getReactiveConnection(LettuceConnectionFactory.java:1149) ~[spring-data-redis-3.4.1.jar:3.4.1]
	at org.springframework.data.redis.connection.lettuce.LettuceConnectionFactory.getReactiveConnection(LettuceConnectionFactory.java:120) ~[spring-data-redis-3.4.1.jar:3.4.1]
	at reactor.core.publisher.MonoSupplier.call(MonoSupplier.java:67) ~[reactor-core-3.7.1.jar:3.7.1]
	at reactor.core.publisher.FluxSubscribeOnCallable$CallableSubscribeOnSubscription.run(FluxSubscribeOnCallable.java:228) ~[reactor-core-3.7.1.jar:3.7.1]
	at reactor.core.scheduler.SchedulerTask.call(SchedulerTask.java:68) ~[reactor-core-3.7.1.jar:3.7.1]
	at reactor.core.scheduler.SchedulerTask.call(SchedulerTask.java:28) ~[reactor-core-3.7.1.jar:3.7.1]
	at java.base/java.util.concurrent.FutureTask.run(FutureTask.java:317) ~[na:na]
	at java.base/java.util.concurrent.ScheduledThreadPoolExecutor$ScheduledFutureTask.run(ScheduledThreadPoolExecutor.java:304) ~[na:na]
	at java.base/java.util.concurrent.ThreadPoolExecutor.runWorker(ThreadPoolExecutor.java:1144) ~[na:na]
	at java.base/java.util.concurrent.ThreadPoolExecutor$Worker.run(ThreadPoolExecutor.java:642) ~[na:na]
	at java.base/java.lang.Thread.run(Thread.java:1583) ~[na:na]
Caused by: org.springframework.data.redis.connection.PoolException: Could not get a resource from the pool
	at org.springframework.data.redis.connection.lettuce.LettucePoolingConnectionProvider.getConnection(LettucePoolingConnectionProvider.java:104) ~[spring-data-redis-3.4.1.jar:3.4.1]
	at org.springframework.data.redis.connection.lettuce.LettuceConnectionFactory$ExceptionTranslatingConnectionProvider.getConnection(LettuceConnectionFactory.java:1787) ~[spring-data-redis-3.4.1.jar:3.4.1]
	... 16 common frames omitted
Caused by: io.lettuce.core.RedisConnectionException: Unable to connect to localhost/<unresolved>:6379
	at io.lettuce.core.RedisConnectionException.create(RedisConnectionException.java:63) ~[lettuce-core-6.4.1.RELEASE.jar:6.4.1.RELEASE/08096cf]
	at io.lettuce.core.RedisConnectionException.create(RedisConnectionException.java:41) ~[lettuce-core-6.4.1.RELEASE.jar:6.4.1.RELEASE/08096cf]
	at io.lettuce.core.AbstractRedisClient.getConnection(AbstractRedisClient.java:354) ~[lettuce-core-6.4.1.RELEASE.jar:6.4.1.RELEASE/08096cf]
	at io.lettuce.core.RedisClient.connect(RedisClient.java:219) ~[lettuce-core-6.4.1.RELEASE.jar:6.4.1.RELEASE/08096cf]
	at org.springframework.data.redis.connection.lettuce.StandaloneConnectionProvider.lambda$getConnection$1(StandaloneConnectionProvider.java:112) ~[spring-data-redis-3.4.1.jar:3.4.1]
	at java.base/java.util.Optional.orElseGet(Optional.java:364) ~[na:na]
	at org.springframework.data.redis.connection.lettuce.StandaloneConnectionProvider.getConnection(StandaloneConnectionProvider.java:112) ~[spring-data-redis-3.4.1.jar:3.4.1]
	at org.springframework.data.redis.connection.lettuce.LettucePoolingConnectionProvider.lambda$getConnection$0(LettucePoolingConnectionProvider.java:93) ~[spring-data-redis-3.4.1.jar:3.4.1]
	at io.lettuce.core.support.ConnectionPoolSupport$RedisPooledObjectFactory.create(ConnectionPoolSupport.java:196) ~[lettuce-core-6.4.1.RELEASE.jar:6.4.1.RELEASE/08096cf]
	at io.lettuce.core.support.ConnectionPoolSupport$RedisPooledObjectFactory.create(ConnectionPoolSupport.java:186) ~[lettuce-core-6.4.1.RELEASE.jar:6.4.1.RELEASE/08096cf]
	at org.apache.commons.pool2.BasePooledObjectFactory.makeObject(BasePooledObjectFactory.java:71) ~[commons-pool2-2.12.0.jar:2.12.0]
	at org.apache.commons.pool2.impl.GenericObjectPool.create(GenericObjectPool.java:566) ~[commons-pool2-2.12.0.jar:2.12.0]
	at org.apache.commons.pool2.impl.GenericObjectPool.borrowObject(GenericObjectPool.java:306) ~[commons-pool2-2.12.0.jar:2.12.0]
	at org.apache.commons.pool2.impl.GenericObjectPool.borrowObject(GenericObjectPool.java:233) ~[commons-pool2-2.12.0.jar:2.12.0]
	at io.lettuce.core.support.ConnectionPoolSupport$1.borrowObject(ConnectionPoolSupport.java:107) ~[lettuce-core-6.4.1.RELEASE.jar:6.4.1.RELEASE/08096cf]
	at io.lettuce.core.support.ConnectionPoolSupport$1.borrowObject(ConnectionPoolSupport.java:102) ~[lettuce-core-6.4.1.RELEASE.jar:6.4.1.RELEASE/08096cf]
	at org.springframework.data.redis.connection.lettuce.LettucePoolingConnectionProvider.getConnection(LettucePoolingConnectionProvider.java:99) ~[spring-data-redis-3.4.1.jar:3.4.1]
	... 17 common frames omitted
Caused by: io.netty.channel.AbstractChannel$AnnotatedConnectException: Connection refused: getsockopt: localhost/127.0.0.1:6379
Caused by: java.net.ConnectException: Connection refused: getsockopt
	at java.base/sun.nio.ch.Net.pollConnect(Native Method) ~[na:na]
	at java.base/sun.nio.ch.Net.pollConnectNow(Net.java:682) ~[na:na]
	at java.base/sun.nio.ch.SocketChannelImpl.finishConnect(SocketChannelImpl.java:973) ~[na:na]
	at io.netty.channel.socket.nio.NioSocketChannel.doFinishConnect(NioSocketChannel.java:336) ~[netty-transport-4.1.116.Final.jar:4.1.116.Final]
	at io.netty.channel.nio.AbstractNioChannel$AbstractNioUnsafe.finishConnect(AbstractNioChannel.java:339) ~[netty-transport-4.1.116.Final.jar:4.1.116.Final]
	at io.netty.channel.nio.NioEventLoop.processSelectedKey(NioEventLoop.java:776) ~[netty-transport-4.1.116.Final.jar:4.1.116.Final]
	at io.netty.channel.nio.NioEventLoop.processSelectedKeysOptimized(NioEventLoop.java:724) ~[netty-transport-4.1.116.Final.jar:4.1.116.Final]
	at io.netty.channel.nio.NioEventLoop.processSelectedKeys(NioEventLoop.java:650) ~[netty-transport-4.1.116.Final.jar:4.1.116.Final]
	at io.netty.channel.nio.NioEventLoop.run(NioEventLoop.java:562) ~[netty-transport-4.1.116.Final.jar:4.1.116.Final]
	at io.netty.util.concurrent.SingleThreadEventExecutor$4.run(SingleThreadEventExecutor.java:997) ~[netty-common-4.1.116.Final.jar:4.1.116.Final]
	at io.netty.util.internal.ThreadExecutorMap$2.run(ThreadExecutorMap.java:74) ~[netty-common-4.1.116.Final.jar:4.1.116.Final]
	at io.netty.util.concurrent.FastThreadLocalRunnable.run(FastThreadLocalRunnable.java:30) ~[netty-common-4.1.116.Final.jar:4.1.116.Final]
	at java.base/java.lang.Thread.run(Thread.java:1583) ~[na:na]

2026-01-25T10:29:29.036+05:30  INFO 14912 --- [SpiderSync] [SpringApplicationShutdownHook] o.s.b.w.e.tomcat.GracefulShutdown        : Commencing graceful shutdown. Waiting for active requests to complete
2026-01-25T10:29:29.049+05:30  INFO 14912 --- [SpiderSync] [tomcat-shutdown] o.s.b.w.e.tomcat.GracefulShutdown        : Graceful shutdown complete
2026-01-25T10:29:29.084+05:30  INFO 14912 --- [SpiderSync] [SpringApplicationShutdownHook] j.LocalContainerEntityManagerFactoryBean : Closing JPA EntityManagerFactory for persistence unit 'default'
2026-01-25T10:29:29.092+05:30  INFO 14912 --- [SpiderSync] [SpringApplicationShutdownHook] com.zaxxer.hikari.HikariDataSource       : HikariPool-1 - Shutdown initiated...
2026-01-25T10:29:29.102+05:30  INFO 14912 --- [SpiderSync] [SpringApplicationShutdownHook] com.zaxxer.hikari.HikariDataSource       : HikariPool-1 - Shutdown completed.
2026-01-25T10:36:20.909+05:30  INFO 9740 --- [SpiderSync] [restartedMain] c.P.SpiderSync.SpiderSyncApplication     : Starting SpiderSyncApplication using Java 21.0.9 with PID 9740 (C:\Users\LOQ\SpiderSync\target\classes started by annki in C:\Users\LOQ\SpiderSync)
2026-01-25T10:36:20.910+05:30 DEBUG 9740 --- [SpiderSync] [restartedMain] c.P.SpiderSync.SpiderSyncApplication     : Running with Spring Boot v3.4.1, Spring v6.2.1
2026-01-25T10:36:20.911+05:30  INFO 9740 --- [SpiderSync] [restartedMain] c.P.SpiderSync.SpiderSyncApplication     : No active profile set, falling back to 1 default profile: "default"
2026-01-25T10:36:20.975+05:30  INFO 9740 --- [SpiderSync] [restartedMain] o.s.b.devtools.restart.ChangeableUrls    : The Class-Path manifest attribute in C:\Users\LOQ\.m2\repository\org\apache\opennlp\opennlp-tools\2.3.1\opennlp-tools-2.3.1.jar referenced one or more files that do not exist: file:/C:/Users/LOQ/.m2/repository/org/apache/opennlp/opennlp-tools/2.3.1/slf4j-api-1.7.36.jar
2026-01-25T10:36:20.975+05:30  INFO 9740 --- [SpiderSync] [restartedMain] .e.DevToolsPropertyDefaultsPostProcessor : Devtools property defaults active! Set 'spring.devtools.add-properties' to 'false' to disable
2026-01-25T10:36:20.975+05:30  INFO 9740 --- [SpiderSync] [restartedMain] .e.DevToolsPropertyDefaultsPostProcessor : For additional web related logging consider setting the 'logging.level.web' property to 'DEBUG'
2026-01-25T10:36:23.459+05:30  INFO 9740 --- [SpiderSync] [restartedMain] .s.d.r.c.RepositoryConfigurationDelegate : Multiple Spring Data modules found, entering strict repository configuration mode
2026-01-25T10:36:23.460+05:30  INFO 9740 --- [SpiderSync] [restartedMain] .s.d.r.c.RepositoryConfigurationDelegate : Bootstrapping Spring Data JPA repositories in DEFAULT mode.
2026-01-25T10:36:23.642+05:30  INFO 9740 --- [SpiderSync] [restartedMain] .s.d.r.c.RepositoryConfigurationDelegate : Finished Spring Data repository scanning in 166 ms. Found 4 JPA repository interfaces.
2026-01-25T10:36:23.658+05:30  INFO 9740 --- [SpiderSync] [restartedMain] .s.d.r.c.RepositoryConfigurationDelegate : Multiple Spring Data modules found, entering strict repository configuration mode
2026-01-25T10:36:23.659+05:30  INFO 9740 --- [SpiderSync] [restartedMain] .s.d.r.c.RepositoryConfigurationDelegate : Bootstrapping Spring Data Redis repositories in DEFAULT mode.
2026-01-25T10:36:23.685+05:30  INFO 9740 --- [SpiderSync] [restartedMain] .RepositoryConfigurationExtensionSupport : Spring Data Redis - Could not safely identify store assignment for repository candidate interface com.Project.SpiderSync.repositories.CrawlJobRepository; If you want this repository to be a Redis repository, consider annotating your entities with one of these annotations: org.springframework.data.redis.core.RedisHash (preferred), or consider extending one of the following types with your repository: org.springframework.data.keyvalue.repository.KeyValueRepository
2026-01-25T10:36:23.686+05:30  INFO 9740 --- [SpiderSync] [restartedMain] .RepositoryConfigurationExtensionSupport : Spring Data Redis - Could not safely identify store assignment for repository candidate interface com.Project.SpiderSync.repositories.PageRepository; If you want this repository to be a Redis repository, consider annotating your entities with one of these annotations: org.springframework.data.redis.core.RedisHash (preferred), or consider extending one of the following types with your repository: org.springframework.data.keyvalue.repository.KeyValueRepository
2026-01-25T10:36:23.687+05:30  INFO 9740 --- [SpiderSync] [restartedMain] .RepositoryConfigurationExtensionSupport : Spring Data Redis - Could not safely identify store assignment for repository candidate interface com.Project.SpiderSync.repositories.SearchQueryRepository; If you want this repository to be a Redis repository, consider annotating your entities with one of these annotations: org.springframework.data.redis.core.RedisHash (preferred), or consider extending one of the following types with your repository: org.springframework.data.keyvalue.repository.KeyValueRepository
2026-01-25T10:36:23.687+05:30  INFO 9740 --- [SpiderSync] [restartedMain] .RepositoryConfigurationExtensionSupport : Spring Data Redis - Could not safely identify store assignment for repository candidate interface com.Project.SpiderSync.repositories.UserRepository; If you want this repository to be a Redis repository, consider annotating your entities with one of these annotations: org.springframework.data.redis.core.RedisHash (preferred), or consider extending one of the following types with your repository: org.springframework.data.keyvalue.repository.KeyValueRepository
2026-01-25T10:36:23.687+05:30  INFO 9740 --- [SpiderSync] [restartedMain] .s.d.r.c.RepositoryConfigurationDelegate : Finished Spring Data repository scanning in 14 ms. Found 0 Redis repository interfaces.
2026-01-25T10:36:24.901+05:30  INFO 9740 --- [SpiderSync] [restartedMain] o.s.b.w.embedded.tomcat.TomcatWebServer  : Tomcat initialized with port 8081 (http)
2026-01-25T10:36:24.915+05:30  INFO 9740 --- [SpiderSync] [restartedMain] o.apache.catalina.core.StandardService   : Starting service [Tomcat]
2026-01-25T10:36:24.916+05:30  INFO 9740 --- [SpiderSync] [restartedMain] o.apache.catalina.core.StandardEngine    : Starting Servlet engine: [Apache Tomcat/10.1.34]
2026-01-25T10:36:24.997+05:30  INFO 9740 --- [SpiderSync] [restartedMain] o.a.c.c.C.[Tomcat].[localhost].[/]       : Initializing Spring embedded WebApplicationContext
2026-01-25T10:36:24.998+05:30  INFO 9740 --- [SpiderSync] [restartedMain] w.s.c.ServletWebServerApplicationContext : Root WebApplicationContext: initialization completed in 4021 ms
2026-01-25T10:36:25.569+05:30  INFO 9740 --- [SpiderSync] [restartedMain] com.zaxxer.hikari.HikariDataSource       : HikariPool-1 - Starting...
2026-01-25T10:36:27.260+05:30 ERROR 9740 --- [SpiderSync] [restartedMain] o.s.b.web.embedded.tomcat.TomcatStarter  : Error starting Tomcat context. Exception: org.springframework.beans.factory.UnsatisfiedDependencyException. Message: Error creating bean with name 'jwtAuthenticationFilter' defined in file [C:\Users\LOQ\SpiderSync\target\classes\com\Project\SpiderSync\security\JwtAuthenticationFilter.class]: Unsatisfied dependency expressed through constructor parameter 1: Error creating bean with name 'customUserDetailsService' defined in file [C:\Users\LOQ\SpiderSync\target\classes\com\Project\SpiderSync\security\CustomUserDetailsService.class]: Unsatisfied dependency expressed through constructor parameter 0: Error creating bean with name 'userRepository' defined in com.Project.SpiderSync.repositories.UserRepository defined in @EnableJpaRepositories declared on JpaRepositoriesRegistrar.EnableJpaRepositoriesConfiguration: Cannot resolve reference to bean 'jpaSharedEM_entityManagerFactory' while setting bean property 'entityManager'
2026-01-25T10:36:27.290+05:30  INFO 9740 --- [SpiderSync] [restartedMain] o.apache.catalina.core.StandardService   : Stopping service [Tomcat]
2026-01-25T10:36:27.295+05:30  WARN 9740 --- [SpiderSync] [restartedMain] ConfigServletWebServerApplicationContext : Exception encountered during context initialization - cancelling refresh attempt: org.springframework.context.ApplicationContextException: Unable to start web server
2026-01-25T10:36:27.314+05:30  INFO 9740 --- [SpiderSync] [restartedMain] .s.b.a.l.ConditionEvaluationReportLogger : 

Error starting ApplicationContext. To display the condition evaluation report re-run your application with 'debug' enabled.
2026-01-25T10:36:27.338+05:30 ERROR 9740 --- [SpiderSync] [restartedMain] o.s.boot.SpringApplication               : Application run failed

org.springframework.context.ApplicationContextException: Unable to start web server
	at org.springframework.boot.web.servlet.context.ServletWebServerApplicationContext.onRefresh(ServletWebServerApplicationContext.java:165) ~[spring-boot-3.4.1.jar:3.4.1]
	at org.springframework.context.support.AbstractApplicationContext.refresh(AbstractApplicationContext.java:621) ~[spring-context-6.2.1.jar:6.2.1]
	at org.springframework.boot.web.servlet.context.ServletWebServerApplicationContext.refresh(ServletWebServerApplicationContext.java:146) ~[spring-boot-3.4.1.jar:3.4.1]
	at org.springframework.boot.SpringApplication.refresh(SpringApplication.java:752) ~[spring-boot-3.4.1.jar:3.4.1]
	at org.springframework.boot.SpringApplication.refreshContext(SpringApplication.java:439) ~[spring-boot-3.4.1.jar:3.4.1]
	at org.springframework.boot.SpringApplication.run(SpringApplication.java:318) ~[spring-boot-3.4.1.jar:3.4.1]
	at org.springframework.boot.SpringApplication.run(SpringApplication.java:1361) ~[spring-boot-3.4.1.jar:3.4.1]
	at org.springframework.boot.SpringApplication.run(SpringApplication.java:1350) ~[spring-boot-3.4.1.jar:3.4.1]
	at com.Project.SpiderSync.SpiderSyncApplication.main(SpiderSyncApplication.java:10) ~[classes/:na]
	at java.base/jdk.internal.reflect.DirectMethodHandleAccessor.invoke(DirectMethodHandleAccessor.java:103) ~[na:na]
	at java.base/java.lang.reflect.Method.invoke(Method.java:580) ~[na:na]
	at org.springframework.boot.devtools.restart.RestartLauncher.run(RestartLauncher.java:50) ~[spring-boot-devtools-3.4.1.jar:3.4.1]
Caused by: org.springframework.boot.web.server.WebServerException: Unable to start embedded Tomcat
	at org.springframework.boot.web.embedded.tomcat.TomcatWebServer.initialize(TomcatWebServer.java:147) ~[spring-boot-3.4.1.jar:3.4.1]
	at org.springframework.boot.web.embedded.tomcat.TomcatWebServer.<init>(TomcatWebServer.java:107) ~[spring-boot-3.4.1.jar:3.4.1]
	at org.springframework.boot.web.embedded.tomcat.TomcatServletWebServerFactory.getTomcatWebServer(TomcatServletWebServerFactory.java:516) ~[spring-boot-3.4.1.jar:3.4.1]
	at org.springframework.boot.web.embedded.tomcat.TomcatServletWebServerFactory.getWebServer(TomcatServletWebServerFactory.java:222) ~[spring-boot-3.4.1.jar:3.4.1]
	at org.springframework.boot.web.servlet.context.ServletWebServerApplicationContext.createWebServer(ServletWebServerApplicationContext.java:188) ~[spring-boot-3.4.1.jar:3.4.1]
	at org.springframework.boot.web.servlet.context.ServletWebServerApplicationContext.onRefresh(ServletWebServerApplicationContext.java:162) ~[spring-boot-3.4.1.jar:3.4.1]
	... 11 common frames omitted
Caused by: org.springframework.beans.factory.UnsatisfiedDependencyException: Error creating bean with name 'jwtAuthenticationFilter' defined in file [C:\Users\LOQ\SpiderSync\target\classes\com\Project\SpiderSync\security\JwtAuthenticationFilter.class]: Unsatisfied dependency expressed through constructor parameter 1: Error creating bean with name 'customUserDetailsService' defined in file [C:\Users\LOQ\SpiderSync\target\classes\com\Project\SpiderSync\security\CustomUserDetailsService.class]: Unsatisfied dependency expressed through constructor parameter 0: Error creating bean with name 'userRepository' defined in com.Project.SpiderSync.repositories.UserRepository defined in @EnableJpaRepositories declared on JpaRepositoriesRegistrar.EnableJpaRepositoriesConfiguration: Cannot resolve reference to bean 'jpaSharedEM_entityManagerFactory' while setting bean property 'entityManager'
	at org.springframework.beans.factory.support.ConstructorResolver.createArgumentArray(ConstructorResolver.java:804) ~[spring-beans-6.2.1.jar:6.2.1]
	at org.springframework.beans.factory.support.ConstructorResolver.autowireConstructor(ConstructorResolver.java:240) ~[spring-beans-6.2.1.jar:6.2.1]
	at org.springframework.beans.factory.support.AbstractAutowireCapableBeanFactory.autowireConstructor(AbstractAutowireCapableBeanFactory.java:1377) ~[spring-beans-6.2.1.jar:6.2.1]
	at org.springframework.beans.factory.support.AbstractAutowireCapableBeanFactory.createBeanInstance(AbstractAutowireCapableBeanFactory.java:1214) ~[spring-beans-6.2.1.jar:6.2.1]
	at org.springframework.beans.factory.support.AbstractAutowireCapableBeanFactory.doCreateBean(AbstractAutowireCapableBeanFactory.java:563) ~[spring-beans-6.2.1.jar:6.2.1]
	at org.springframework.beans.factory.support.AbstractAutowireCapableBeanFactory.createBean(AbstractAutowireCapableBeanFactory.java:523) ~[spring-beans-6.2.1.jar:6.2.1]
	at org.springframework.beans.factory.support.AbstractBeanFactory.lambda$doGetBean$0(AbstractBeanFactory.java:336) ~[spring-beans-6.2.1.jar:6.2.1]
	at org.springframework.beans.factory.support.DefaultSingletonBeanRegistry.getSingleton(DefaultSingletonBeanRegistry.java:289) ~[spring-beans-6.2.1.jar:6.2.1]
	at org.springframework.beans.factory.support.AbstractBeanFactory.doGetBean(AbstractBeanFactory.java:334) ~[spring-beans-6.2.1.jar:6.2.1]
	at org.springframework.beans.factory.support.AbstractBeanFactory.getBean(AbstractBeanFactory.java:204) ~[spring-beans-6.2.1.jar:6.2.1]
	at org.springframework.boot.web.servlet.ServletContextInitializerBeans.getOrderedBeansOfType(ServletContextInitializerBeans.java:211) ~[spring-boot-3.4.1.jar:3.4.1]
	at org.springframework.boot.web.servlet.ServletContextInitializerBeans.addAsRegistrationBean(ServletContextInitializerBeans.java:174) ~[spring-boot-3.4.1.jar:3.4.1]
	at org.springframework.boot.web.servlet.ServletContextInitializerBeans.addAsRegistrationBean(ServletContextInitializerBeans.java:169) ~[spring-boot-3.4.1.jar:3.4.1]
	at org.springframework.boot.web.servlet.ServletContextInitializerBeans.addAdaptableBeans(ServletContextInitializerBeans.java:154) ~[spring-boot-3.4.1.jar:3.4.1]
	at org.springframework.boot.web.servlet.ServletContextInitializerBeans.<init>(ServletContextInitializerBeans.java:87) ~[spring-boot-3.4.1.jar:3.4.1]
	at org.springframework.boot.web.servlet.context.ServletWebServerApplicationContext.getServletContextInitializerBeans(ServletWebServerApplicationContext.java:266) ~[spring-boot-3.4.1.jar:3.4.1]
	at org.springframework.boot.web.servlet.context.ServletWebServerApplicationContext.selfInitialize(ServletWebServerApplicationContext.java:240) ~[spring-boot-3.4.1.jar:3.4.1]
	at org.springframework.boot.web.embedded.tomcat.TomcatStarter.onStartup(TomcatStarter.java:52) ~[spring-boot-3.4.1.jar:3.4.1]
	at org.apache.catalina.core.StandardContext.startInternal(StandardContext.java:4426) ~[tomcat-embed-core-10.1.34.jar:10.1.34]
	at org.apache.catalina.util.LifecycleBase.start(LifecycleBase.java:164) ~[tomcat-embed-core-10.1.34.jar:10.1.34]
	at org.apache.catalina.core.ContainerBase$StartChild.call(ContainerBase.java:1203) ~[tomcat-embed-core-10.1.34.jar:10.1.34]
	at org.apache.catalina.core.ContainerBase$StartChild.call(ContainerBase.java:1193) ~[tomcat-embed-core-10.1.34.jar:10.1.34]
	at java.base/java.util.concurrent.FutureTask.run(FutureTask.java:317) ~[na:na]
	at org.apache.tomcat.util.threads.InlineExecutorService.execute(InlineExecutorService.java:75) ~[tomcat-embed-core-10.1.34.jar:10.1.34]
	at java.base/java.util.concurrent.AbstractExecutorService.submit(AbstractExecutorService.java:145) ~[na:na]
	at org.apache.catalina.core.ContainerBase.startInternal(ContainerBase.java:749) ~[tomcat-embed-core-10.1.34.jar:10.1.34]
	at org.apache.catalina.core.StandardHost.startInternal(StandardHost.java:772) ~[tomcat-embed-core-10.1.34.jar:10.1.34]
	at org.apache.catalina.util.LifecycleBase.start(LifecycleBase.java:164) ~[tomcat-embed-core-10.1.34.jar:10.1.34]
	at org.apache.catalina.core.ContainerBase$StartChild.call(ContainerBase.java:1203) ~[tomcat-embed-core-10.1.34.jar:10.1.34]
	at org.apache.catalina.core.ContainerBase$StartChild.call(ContainerBase.java:1193) ~[tomcat-embed-core-10.1.34.jar:10.1.34]
	at java.base/java.util.concurrent.FutureTask.run(FutureTask.java:317) ~[na:na]
	at org.apache.tomcat.util.threads.InlineExecutorService.execute(InlineExecutorService.java:75) ~[tomcat-embed-core-10.1.34.jar:10.1.34]
	at java.base/java.util.concurrent.AbstractExecutorService.submit(AbstractExecutorService.java:145) ~[na:na]
	at org.apache.catalina.core.ContainerBase.startInternal(ContainerBase.java:749) ~[tomcat-embed-core-10.1.34.jar:10.1.34]
	at org.apache.catalina.core.StandardEngine.startInternal(StandardEngine.java:203) ~[tomcat-embed-core-10.1.34.jar:10.1.34]
	at org.apache.catalina.util.LifecycleBase.start(LifecycleBase.java:164) ~[tomcat-embed-core-10.1.34.jar:10.1.34]
	at org.apache.catalina.core.StandardService.startInternal(StandardService.java:415) ~[tomcat-embed-core-10.1.34.jar:10.1.34]
	at org.apache.catalina.util.LifecycleBase.start(LifecycleBase.java:164) ~[tomcat-embed-core-10.1.34.jar:10.1.34]
	at org.apache.catalina.core.StandardServer.startInternal(StandardServer.java:870) ~[tomcat-embed-core-10.1.34.jar:10.1.34]
	at org.apache.catalina.util.LifecycleBase.start(LifecycleBase.java:164) ~[tomcat-embed-core-10.1.34.jar:10.1.34]
	at org.apache.catalina.startup.Tomcat.start(Tomcat.java:437) ~[tomcat-embed-core-10.1.34.jar:10.1.34]
	at org.springframework.boot.web.embedded.tomcat.TomcatWebServer.initialize(TomcatWebServer.java:128) ~[spring-boot-3.4.1.jar:3.4.1]
	... 16 common frames omitted
Caused by: org.springframework.beans.factory.UnsatisfiedDependencyException: Error creating bean with name 'customUserDetailsService' defined in file [C:\Users\LOQ\SpiderSync\target\classes\com\Project\SpiderSync\security\CustomUserDetailsService.class]: Unsatisfied dependency expressed through constructor parameter 0: Error creating bean with name 'userRepository' defined in com.Project.SpiderSync.repositories.UserRepository defined in @EnableJpaRepositories declared on JpaRepositoriesRegistrar.EnableJpaRepositoriesConfiguration: Cannot resolve reference to bean 'jpaSharedEM_entityManagerFactory' while setting bean property 'entityManager'
	at org.springframework.beans.factory.support.ConstructorResolver.createArgumentArray(ConstructorResolver.java:804) ~[spring-beans-6.2.1.jar:6.2.1]
	at org.springframework.beans.factory.support.ConstructorResolver.autowireConstructor(ConstructorResolver.java:240) ~[spring-beans-6.2.1.jar:6.2.1]
	at org.springframework.beans.factory.support.AbstractAutowireCapableBeanFactory.autowireConstructor(AbstractAutowireCapableBeanFactory.java:1377) ~[spring-beans-6.2.1.jar:6.2.1]
	at org.springframework.beans.factory.support.AbstractAutowireCapableBeanFactory.createBeanInstance(AbstractAutowireCapableBeanFactory.java:1214) ~[spring-beans-6.2.1.jar:6.2.1]
	at org.springframework.beans.factory.support.AbstractAutowireCapableBeanFactory.doCreateBean(AbstractAutowireCapableBeanFactory.java:563) ~[spring-beans-6.2.1.jar:6.2.1]
	at org.springframework.beans.factory.support.AbstractAutowireCapableBeanFactory.createBean(AbstractAutowireCapableBeanFactory.java:523) ~[spring-beans-6.2.1.jar:6.2.1]
	at org.springframework.beans.factory.support.AbstractBeanFactory.lambda$doGetBean$0(AbstractBeanFactory.java:336) ~[spring-beans-6.2.1.jar:6.2.1]
	at org.springframework.beans.factory.support.DefaultSingletonBeanRegistry.getSingleton(DefaultSingletonBeanRegistry.java:289) ~[spring-beans-6.2.1.jar:6.2.1]
	at org.springframework.beans.factory.support.AbstractBeanFactory.doGetBean(AbstractBeanFactory.java:334) ~[spring-beans-6.2.1.jar:6.2.1]
	at org.springframework.beans.factory.support.AbstractBeanFactory.getBean(AbstractBeanFactory.java:199) ~[spring-beans-6.2.1.jar:6.2.1]
	at org.springframework.beans.factory.config.DependencyDescriptor.resolveCandidate(DependencyDescriptor.java:254) ~[spring-beans-6.2.1.jar:6.2.1]
	at org.springframework.beans.factory.support.DefaultListableBeanFactory.doResolveDependency(DefaultListableBeanFactory.java:1631) ~[spring-beans-6.2.1.jar:6.2.1]
	at org.springframework.beans.factory.support.DefaultListableBeanFactory.resolveDependency(DefaultListableBeanFactory.java:1519) ~[spring-beans-6.2.1.jar:6.2.1]
	at org.springframework.beans.factory.support.ConstructorResolver.resolveAutowiredArgument(ConstructorResolver.java:913) ~[spring-beans-6.2.1.jar:6.2.1]
	at org.springframework.beans.factory.support.ConstructorResolver.createArgumentArray(ConstructorResolver.java:791) ~[spring-beans-6.2.1.jar:6.2.1]
	... 57 common frames omitted
Caused by: org.springframework.beans.factory.BeanCreationException: Error creating bean with name 'userRepository' defined in com.Project.SpiderSync.repositories.UserRepository defined in @EnableJpaRepositories declared on JpaRepositoriesRegistrar.EnableJpaRepositoriesConfiguration: Cannot resolve reference to bean 'jpaSharedEM_entityManagerFactory' while setting bean property 'entityManager'
	at org.springframework.beans.factory.support.BeanDefinitionValueResolver.resolveReference(BeanDefinitionValueResolver.java:377) ~[spring-beans-6.2.1.jar:6.2.1]
	at org.springframework.beans.factory.support.BeanDefinitionValueResolver.resolveValueIfNecessary(BeanDefinitionValueResolver.java:135) ~[spring-beans-6.2.1.jar:6.2.1]
	at org.springframework.beans.factory.support.AbstractAutowireCapableBeanFactory.applyPropertyValues(AbstractAutowireCapableBeanFactory.java:1707) ~[spring-beans-6.2.1.jar:6.2.1]
	at org.springframework.beans.factory.support.AbstractAutowireCapableBeanFactory.populateBean(AbstractAutowireCapableBeanFactory.java:1456) ~[spring-beans-6.2.1.jar:6.2.1]
	at org.springframework.beans.factory.support.AbstractAutowireCapableBeanFactory.doCreateBean(AbstractAutowireCapableBeanFactory.java:600) ~[spring-beans-6.2.1.jar:6.2.1]
	at org.springframework.beans.factory.support.AbstractAutowireCapableBeanFactory.createBean(AbstractAutowireCapableBeanFactory.java:523) ~[spring-beans-6.2.1.jar:6.2.1]
	at org.springframework.beans.factory.support.AbstractBeanFactory.lambda$doGetBean$0(AbstractBeanFactory.java:336) ~[spring-beans-6.2.1.jar:6.2.1]
	at org.springframework.beans.factory.support.DefaultSingletonBeanRegistry.getSingleton(DefaultSingletonBeanRegistry.java:289) ~[spring-beans-6.2.1.jar:6.2.1]
	at org.springframework.beans.factory.support.AbstractBeanFactory.doGetBean(AbstractBeanFactory.java:334) ~[spring-beans-6.2.1.jar:6.2.1]
	at org.springframework.beans.factory.support.AbstractBeanFactory.getBean(AbstractBeanFactory.java:199) ~[spring-beans-6.2.1.jar:6.2.1]
	at org.springframework.beans.factory.support.DefaultListableBeanFactory.doResolveDependency(DefaultListableBeanFactory.java:1573) ~[spring-beans-6.2.1.jar:6.2.1]
	at org.springframework.beans.factory.support.DefaultListableBeanFactory.resolveDependency(DefaultListableBeanFactory.java:1519) ~[spring-beans-6.2.1.jar:6.2.1]
	at org.springframework.beans.factory.support.ConstructorResolver.resolveAutowiredArgument(ConstructorResolver.java:913) ~[spring-beans-6.2.1.jar:6.2.1]
	at org.springframework.beans.factory.support.ConstructorResolver.createArgumentArray(ConstructorResolver.java:791) ~[spring-beans-6.2.1.jar:6.2.1]
	... 71 common frames omitted
Caused by: org.springframework.beans.factory.BeanCreationException: Error creating bean with name 'jpaSharedEM_entityManagerFactory': Cannot resolve reference to bean 'entityManagerFactory' while setting constructor argument
	at org.springframework.beans.factory.support.BeanDefinitionValueResolver.resolveReference(BeanDefinitionValueResolver.java:377) ~[spring-beans-6.2.1.jar:6.2.1]
	at org.springframework.beans.factory.support.BeanDefinitionValueResolver.resolveValueIfNecessary(BeanDefinitionValueResolver.java:135) ~[spring-beans-6.2.1.jar:6.2.1]
	at org.springframework.beans.factory.support.ConstructorResolver.resolveConstructorArguments(ConstructorResolver.java:691) ~[spring-beans-6.2.1.jar:6.2.1]
	at org.springframework.beans.factory.support.ConstructorResolver.instantiateUsingFactoryMethod(ConstructorResolver.java:513) ~[spring-beans-6.2.1.jar:6.2.1]
	at org.springframework.beans.factory.support.AbstractAutowireCapableBeanFactory.instantiateUsingFactoryMethod(AbstractAutowireCapableBeanFactory.java:1357) ~[spring-beans-6.2.1.jar:6.2.1]
	at org.springframework.beans.factory.support.AbstractAutowireCapableBeanFactory.createBeanInstance(AbstractAutowireCapableBeanFactory.java:1187) ~[spring-beans-6.2.1.jar:6.2.1]
	at org.springframework.beans.factory.support.AbstractAutowireCapableBeanFactory.doCreateBean(AbstractAutowireCapableBeanFactory.java:563) ~[spring-beans-6.2.1.jar:6.2.1]
	at org.springframework.beans.factory.support.AbstractAutowireCapableBeanFactory.createBean(AbstractAutowireCapableBeanFactory.java:523) ~[spring-beans-6.2.1.jar:6.2.1]
	at org.springframework.beans.factory.support.AbstractBeanFactory.lambda$doGetBean$0(AbstractBeanFactory.java:336) ~[spring-beans-6.2.1.jar:6.2.1]
	at org.springframework.beans.factory.support.DefaultSingletonBeanRegistry.getSingleton(DefaultSingletonBeanRegistry.java:289) ~[spring-beans-6.2.1.jar:6.2.1]
	at org.springframework.beans.factory.support.AbstractBeanFactory.doGetBean(AbstractBeanFactory.java:334) ~[spring-beans-6.2.1.jar:6.2.1]
	at org.springframework.beans.factory.support.AbstractBeanFactory.getBean(AbstractBeanFactory.java:199) ~[spring-beans-6.2.1.jar:6.2.1]
	at org.springframework.beans.factory.support.BeanDefinitionValueResolver.resolveReference(BeanDefinitionValueResolver.java:365) ~[spring-beans-6.2.1.jar:6.2.1]
	... 84 common frames omitted
Caused by: org.springframework.beans.factory.BeanCreationException: Error creating bean with name 'flywayInitializer' defined in class path resource [org/springframework/boot/autoconfigure/flyway/FlywayAutoConfiguration$FlywayConfiguration.class]: Unable to obtain connection from database: Access denied for user 'root'@'localhost' (using password: YES)
----------------------------------------------------------------------------------------------------------
SQL State  : 28000
Error Code : 1045
Message    : Access denied for user 'root'@'localhost' (using password: YES)

	at org.springframework.beans.factory.support.AbstractAutowireCapableBeanFactory.initializeBean(AbstractAutowireCapableBeanFactory.java:1808) ~[spring-beans-6.2.1.jar:6.2.1]
	at org.springframework.beans.factory.support.AbstractAutowireCapableBeanFactory.doCreateBean(AbstractAutowireCapableBeanFactory.java:601) ~[spring-beans-6.2.1.jar:6.2.1]
	at org.springframework.beans.factory.support.AbstractAutowireCapableBeanFactory.createBean(AbstractAutowireCapableBeanFactory.java:523) ~[spring-beans-6.2.1.jar:6.2.1]
	at org.springframework.beans.factory.support.AbstractBeanFactory.lambda$doGetBean$0(AbstractBeanFactory.java:336) ~[spring-beans-6.2.1.jar:6.2.1]
	at org.springframework.beans.factory.support.DefaultSingletonBeanRegistry.getSingleton(DefaultSingletonBeanRegistry.java:289) ~[spring-beans-6.2.1.jar:6.2.1]
	at org.springframework.beans.factory.support.AbstractBeanFactory.doGetBean(AbstractBeanFactory.java:334) ~[spring-beans-6.2.1.jar:6.2.1]
	at org.springframework.beans.factory.support.AbstractBeanFactory.getBean(AbstractBeanFactory.java:199) ~[spring-beans-6.2.1.jar:6.2.1]
	at org.springframework.beans.factory.support.AbstractBeanFactory.doGetBean(AbstractBeanFactory.java:312) ~[spring-beans-6.2.1.jar:6.2.1]
	at org.springframework.beans.factory.support.AbstractBeanFactory.getBean(AbstractBeanFactory.java:199) ~[spring-beans-6.2.1.jar:6.2.1]
	at org.springframework.beans.factory.support.BeanDefinitionValueResolver.resolveReference(BeanDefinitionValueResolver.java:365) ~[spring-beans-6.2.1.jar:6.2.1]
	... 96 common frames omitted
Caused by: org.flywaydb.core.internal.exception.FlywaySqlException: Unable to obtain connection from database: Access denied for user 'root'@'localhost' (using password: YES)
----------------------------------------------------------------------------------------------------------
SQL State  : 28000
Error Code : 1045
Message    : Access denied for user 'root'@'localhost' (using password: YES)

	at org.flywaydb.core.internal.jdbc.JdbcUtils.openConnection(JdbcUtils.java:71) ~[flyway-core-10.20.1.jar:na]
	at org.flywaydb.core.internal.jdbc.JdbcConnectionFactory.<init>(JdbcConnectionFactory.java:76) ~[flyway-core-10.20.1.jar:na]
	at org.flywaydb.core.FlywayExecutor.execute(FlywayExecutor.java:137) ~[flyway-core-10.20.1.jar:na]
	at org.flywaydb.core.Flyway.migrate(Flyway.java:176) ~[flyway-core-10.20.1.jar:na]
	at org.springframework.boot.autoconfigure.flyway.FlywayMigrationInitializer.afterPropertiesSet(FlywayMigrationInitializer.java:66) ~[spring-boot-autoconfigure-3.4.1.jar:3.4.1]
	at org.springframework.beans.factory.support.AbstractAutowireCapableBeanFactory.invokeInitMethods(AbstractAutowireCapableBeanFactory.java:1855) ~[spring-beans-6.2.1.jar:6.2.1]
	at org.springframework.beans.factory.support.AbstractAutowireCapableBeanFactory.initializeBean(AbstractAutowireCapableBeanFactory.java:1804) ~[spring-beans-6.2.1.jar:6.2.1]
	... 105 common frames omitted
Caused by: java.sql.SQLException: Access denied for user 'root'@'localhost' (using password: YES)
	at com.mysql.cj.jdbc.exceptions.SQLError.createSQLException(SQLError.java:121) ~[mysql-connector-j-9.1.0.jar:9.1.0]
	at com.mysql.cj.jdbc.exceptions.SQLExceptionsMapping.translateException(SQLExceptionsMapping.java:114) ~[mysql-connector-j-9.1.0.jar:9.1.0]
	at com.mysql.cj.jdbc.ConnectionImpl.createNewIO(ConnectionImpl.java:837) ~[mysql-connector-j-9.1.0.jar:9.1.0]
	at com.mysql.cj.jdbc.ConnectionImpl.<init>(ConnectionImpl.java:420) ~[mysql-connector-j-9.1.0.jar:9.1.0]
	at com.mysql.cj.jdbc.ConnectionImpl.getInstance(ConnectionImpl.java:238) ~[mysql-connector-j-9.1.0.jar:9.1.0]
	at com.mysql.cj.jdbc.NonRegisteringDriver.connect(NonRegisteringDriver.java:180) ~[mysql-connector-j-9.1.0.jar:9.1.0]
	at com.zaxxer.hikari.util.DriverDataSource.getConnection(DriverDataSource.java:137) ~[HikariCP-5.1.0.jar:na]
	at com.zaxxer.hikari.pool.PoolBase.newConnection(PoolBase.java:360) ~[HikariCP-5.1.0.jar:na]
	at com.zaxxer.hikari.pool.PoolBase.newPoolEntry(PoolBase.java:202) ~[HikariCP-5.1.0.jar:na]
	at com.zaxxer.hikari.pool.HikariPool.createPoolEntry(HikariPool.java:461) ~[HikariCP-5.1.0.jar:na]
	at com.zaxxer.hikari.pool.HikariPool.checkFailFast(HikariPool.java:550) ~[HikariCP-5.1.0.jar:na]
	at com.zaxxer.hikari.pool.HikariPool.<init>(HikariPool.java:98) ~[HikariCP-5.1.0.jar:na]
	at com.zaxxer.hikari.HikariDataSource.getConnection(HikariDataSource.java:111) ~[HikariCP-5.1.0.jar:na]
	at org.flywaydb.core.internal.jdbc.JdbcUtils.openConnection(JdbcUtils.java:59) ~[flyway-core-10.20.1.jar:na]
	... 111 common frames omitted

2026-01-25T10:36:59.641+05:30  INFO 13376 --- [SpiderSync] [restartedMain] c.P.SpiderSync.SpiderSyncApplication     : Starting SpiderSyncApplication using Java 21.0.9 with PID 13376 (C:\Users\LOQ\SpiderSync\target\classes started by annki in C:\Users\LOQ\SpiderSync)
2026-01-25T10:36:59.643+05:30 DEBUG 13376 --- [SpiderSync] [restartedMain] c.P.SpiderSync.SpiderSyncApplication     : Running with Spring Boot v3.4.1, Spring v6.2.1
2026-01-25T10:36:59.643+05:30  INFO 13376 --- [SpiderSync] [restartedMain] c.P.SpiderSync.SpiderSyncApplication     : No active profile set, falling back to 1 default profile: "default"
2026-01-25T10:36:59.701+05:30  INFO 13376 --- [SpiderSync] [restartedMain] o.s.b.devtools.restart.ChangeableUrls    : The Class-Path manifest attribute in C:\Users\LOQ\.m2\repository\org\apache\opennlp\opennlp-tools\2.3.1\opennlp-tools-2.3.1.jar referenced one or more files that do not exist: file:/C:/Users/LOQ/.m2/repository/org/apache/opennlp/opennlp-tools/2.3.1/slf4j-api-1.7.36.jar
2026-01-25T10:36:59.701+05:30  INFO 13376 --- [SpiderSync] [restartedMain] .e.DevToolsPropertyDefaultsPostProcessor : Devtools property defaults active! Set 'spring.devtools.add-properties' to 'false' to disable
2026-01-25T10:36:59.701+05:30  INFO 13376 --- [SpiderSync] [restartedMain] .e.DevToolsPropertyDefaultsPostProcessor : For additional web related logging consider setting the 'logging.level.web' property to 'DEBUG'
2026-01-25T10:37:01.895+05:30  INFO 13376 --- [SpiderSync] [restartedMain] .s.d.r.c.RepositoryConfigurationDelegate : Multiple Spring Data modules found, entering strict repository configuration mode
2026-01-25T10:37:01.898+05:30  INFO 13376 --- [SpiderSync] [restartedMain] .s.d.r.c.RepositoryConfigurationDelegate : Bootstrapping Spring Data JPA repositories in DEFAULT mode.
2026-01-25T10:37:02.080+05:30  INFO 13376 --- [SpiderSync] [restartedMain] .s.d.r.c.RepositoryConfigurationDelegate : Finished Spring Data repository scanning in 170 ms. Found 4 JPA repository interfaces.
2026-01-25T10:37:02.094+05:30  INFO 13376 --- [SpiderSync] [restartedMain] .s.d.r.c.RepositoryConfigurationDelegate : Multiple Spring Data modules found, entering strict repository configuration mode
2026-01-25T10:37:02.096+05:30  INFO 13376 --- [SpiderSync] [restartedMain] .s.d.r.c.RepositoryConfigurationDelegate : Bootstrapping Spring Data Redis repositories in DEFAULT mode.
2026-01-25T10:37:02.119+05:30  INFO 13376 --- [SpiderSync] [restartedMain] .RepositoryConfigurationExtensionSupport : Spring Data Redis - Could not safely identify store assignment for repository candidate interface com.Project.SpiderSync.repositories.CrawlJobRepository; If you want this repository to be a Redis repository, consider annotating your entities with one of these annotations: org.springframework.data.redis.core.RedisHash (preferred), or consider extending one of the following types with your repository: org.springframework.data.keyvalue.repository.KeyValueRepository
2026-01-25T10:37:02.121+05:30  INFO 13376 --- [SpiderSync] [restartedMain] .RepositoryConfigurationExtensionSupport : Spring Data Redis - Could not safely identify store assignment for repository candidate interface com.Project.SpiderSync.repositories.PageRepository; If you want this repository to be a Redis repository, consider annotating your entities with one of these annotations: org.springframework.data.redis.core.RedisHash (preferred), or consider extending one of the following types with your repository: org.springframework.data.keyvalue.repository.KeyValueRepository
2026-01-25T10:37:02.121+05:30  INFO 13376 --- [SpiderSync] [restartedMain] .RepositoryConfigurationExtensionSupport : Spring Data Redis - Could not safely identify store assignment for repository candidate interface com.Project.SpiderSync.repositories.SearchQueryRepository; If you want this repository to be a Redis repository, consider annotating your entities with one of these annotations: org.springframework.data.redis.core.RedisHash (preferred), or consider extending one of the following types with your repository: org.springframework.data.keyvalue.repository.KeyValueRepository
2026-01-25T10:37:02.121+05:30  INFO 13376 --- [SpiderSync] [restartedMain] .RepositoryConfigurationExtensionSupport : Spring Data Redis - Could not safely identify store assignment for repository candidate interface com.Project.SpiderSync.repositories.UserRepository; If you want this repository to be a Redis repository, consider annotating your entities with one of these annotations: org.springframework.data.redis.core.RedisHash (preferred), or consider extending one of the following types with your repository: org.springframework.data.keyvalue.repository.KeyValueRepository
2026-01-25T10:37:02.121+05:30  INFO 13376 --- [SpiderSync] [restartedMain] .s.d.r.c.RepositoryConfigurationDelegate : Finished Spring Data repository scanning in 12 ms. Found 0 Redis repository interfaces.
2026-01-25T10:37:03.296+05:30  INFO 13376 --- [SpiderSync] [restartedMain] o.s.b.w.embedded.tomcat.TomcatWebServer  : Tomcat initialized with port 8081 (http)
2026-01-25T10:37:03.312+05:30  INFO 13376 --- [SpiderSync] [restartedMain] o.apache.catalina.core.StandardService   : Starting service [Tomcat]
2026-01-25T10:37:03.312+05:30  INFO 13376 --- [SpiderSync] [restartedMain] o.apache.catalina.core.StandardEngine    : Starting Servlet engine: [Apache Tomcat/10.1.34]
2026-01-25T10:37:03.408+05:30  INFO 13376 --- [SpiderSync] [restartedMain] o.a.c.c.C.[Tomcat].[localhost].[/]       : Initializing Spring embedded WebApplicationContext
2026-01-25T10:37:03.410+05:30  INFO 13376 --- [SpiderSync] [restartedMain] w.s.c.ServletWebServerApplicationContext : Root WebApplicationContext: initialization completed in 3708 ms
2026-01-25T10:37:04.056+05:30  INFO 13376 --- [SpiderSync] [restartedMain] com.zaxxer.hikari.HikariDataSource       : HikariPool-1 - Starting...
2026-01-25T10:37:04.276+05:30  INFO 13376 --- [SpiderSync] [restartedMain] com.zaxxer.hikari.pool.HikariPool        : HikariPool-1 - Added connection com.mysql.cj.jdbc.ConnectionImpl@5e4dd6e8
2026-01-25T10:37:04.279+05:30  INFO 13376 --- [SpiderSync] [restartedMain] com.zaxxer.hikari.HikariDataSource       : HikariPool-1 - Start completed.
2026-01-25T10:37:04.328+05:30  INFO 13376 --- [SpiderSync] [restartedMain] org.flywaydb.core.FlywayExecutor         : Database: jdbc:mysql://localhost:3306/search_engine?createDatabaseIfNotExists=true&useSSL=false&serverTimezone=UTC&allowPublicKeyRetrieval=true (MySQL 8.0)
2026-01-25T10:37:04.383+05:30  INFO 13376 --- [SpiderSync] [restartedMain] o.f.core.internal.command.DbValidate     : Successfully validated 1 migration (execution time 00:00.031s)
2026-01-25T10:37:04.402+05:30  INFO 13376 --- [SpiderSync] [restartedMain] o.f.core.internal.command.DbMigrate      : Current version of schema `search_engine`: 1
2026-01-25T10:37:04.405+05:30  INFO 13376 --- [SpiderSync] [restartedMain] o.f.core.internal.command.DbMigrate      : Schema `search_engine` is up to date. No migration necessary.
2026-01-25T10:37:04.531+05:30  INFO 13376 --- [SpiderSync] [restartedMain] o.hibernate.jpa.internal.util.LogHelper  : HHH000204: Processing PersistenceUnitInfo [name: default]
2026-01-25T10:37:04.594+05:30  INFO 13376 --- [SpiderSync] [restartedMain] org.hibernate.Version                    : HHH000412: Hibernate ORM core version 6.6.4.Final
2026-01-25T10:37:04.632+05:30  INFO 13376 --- [SpiderSync] [restartedMain] o.h.c.internal.RegionFactoryInitiator    : HHH000026: Second-level cache disabled
2026-01-25T10:37:04.929+05:30  INFO 13376 --- [SpiderSync] [restartedMain] o.s.o.j.p.SpringPersistenceUnitInfo      : No LoadTimeWeaver setup: ignoring JPA class transformer
2026-01-25T10:37:04.992+05:30  WARN 13376 --- [SpiderSync] [restartedMain] org.hibernate.orm.deprecation            : HHH90000025: MySQLDialect does not need to be specified explicitly using 'hibernate.dialect' (remove the property setting and it will be selected by default)
2026-01-25T10:37:05.007+05:30  INFO 13376 --- [SpiderSync] [restartedMain] org.hibernate.orm.connections.pooling    : HHH10001005: Database info:
	Database JDBC URL [Connecting through datasource 'HikariDataSource (HikariPool-1)']
	Database driver: undefined/unknown
	Database version: 8.0.44
	Autocommit mode: undefined/unknown
	Isolation level: undefined/unknown
	Minimum pool size: undefined/unknown
	Maximum pool size: undefined/unknown
2026-01-25T10:37:06.029+05:30  INFO 13376 --- [SpiderSync] [restartedMain] o.h.e.t.j.p.i.JtaPlatformInitiator       : HHH000489: No JTA platform available (set 'hibernate.transaction.jta.platform' to enable JTA platform integration)
2026-01-25T10:37:06.115+05:30  INFO 13376 --- [SpiderSync] [restartedMain] j.LocalContainerEntityManagerFactoryBean : Initialized JPA EntityManagerFactory for persistence unit 'default'
2026-01-25T10:37:06.571+05:30 DEBUG 13376 --- [SpiderSync] [restartedMain] c.P.S.security.JwtAuthenticationFilter   : Filter 'jwtAuthenticationFilter' configured for use
2026-01-25T10:37:06.573+05:30 DEBUG 13376 --- [SpiderSync] [restartedMain] o.s.w.f.ServerHttpObservationFilter      : Filter 'webMvcObservationFilter' configured for use
2026-01-25T10:37:06.573+05:30 DEBUG 13376 --- [SpiderSync] [restartedMain] c.P.S.security.RateLimitingFilter        : Filter 'rateLimitingFilter' configured for use
2026-01-25T10:37:06.645+05:30  INFO 13376 --- [SpiderSync] [restartedMain] o.s.d.j.r.query.QueryEnhancerFactory     : Hibernate is in classpath; If applicable, HQL parser will be used.
2026-01-25T10:37:07.059+05:30  INFO 13376 --- [SpiderSync] [restartedMain] r$InitializeUserDetailsManagerConfigurer : Global AuthenticationManager configured with UserDetailsService bean with name customUserDetailsService
2026-01-25T10:37:08.356+05:30  WARN 13376 --- [SpiderSync] [restartedMain] JpaBaseConfiguration$JpaWebConfiguration : spring.jpa.open-in-view is enabled by default. Therefore, database queries may be performed during view rendering. Explicitly configure spring.jpa.open-in-view to disable this warning
2026-01-25T10:37:08.541+05:30  INFO 13376 --- [SpiderSync] [restartedMain] o.s.b.a.w.s.WelcomePageHandlerMapping    : Adding welcome page: class path resource [static/index.html]
2026-01-25T10:37:08.665+05:30 DEBUG 13376 --- [SpiderSync] [restartedMain] s.w.s.m.m.a.RequestMappingHandlerMapping : 19 mappings in 'requestMappingHandlerMapping'
2026-01-25T10:37:08.849+05:30 DEBUG 13376 --- [SpiderSync] [restartedMain] o.s.w.s.handler.SimpleUrlHandlerMapping  : Patterns [/webjars/**, /**, /swagger-ui*/*swagger-initializer.js, /swagger-ui*/**] in 'resourceHandlerMapping'
2026-01-25T10:37:09.516+05:30  INFO 13376 --- [SpiderSync] [restartedMain] o.s.b.a.e.web.EndpointLinksResolver      : Exposing 4 endpoints beneath base path '/actuator'
2026-01-25T10:37:09.664+05:30 DEBUG 13376 --- [SpiderSync] [restartedMain] o.s.s.web.DefaultSecurityFilterChain     : Will secure any request with filters: DisableEncodeUrlFilter, WebAsyncManagerIntegrationFilter, SecurityContextHolderFilter, HeaderWriterFilter, LogoutFilter, RateLimitingFilter, JwtAuthenticationFilter, RequestCacheAwareFilter, SecurityContextHolderAwareRequestFilter, AnonymousAuthenticationFilter, SessionManagementFilter, ExceptionTranslationFilter, AuthorizationFilter
2026-01-25T10:37:09.826+05:30 DEBUG 13376 --- [SpiderSync] [restartedMain] s.w.s.m.m.a.RequestMappingHandlerAdapter : ControllerAdvice beans: 0 @ModelAttribute, 0 @InitBinder, 1 RequestBodyAdvice, 1 ResponseBodyAdvice
2026-01-25T10:37:09.905+05:30 DEBUG 13376 --- [SpiderSync] [restartedMain] .m.m.a.ExceptionHandlerExceptionResolver : ControllerAdvice beans: 1 @ExceptionHandler, 1 ResponseBodyAdvice
2026-01-25T10:37:10.502+05:30  WARN 13376 --- [SpiderSync] [restartedMain] i.m.c.i.b.cache.CaffeineCacheMetrics     : The cache 'robots-txt' is not recording statistics. No meters except 'cache.size' will be registered. Call 'Caffeine#recordStats()' prior to building the cache for metrics to be recorded.
2026-01-25T10:37:10.507+05:30  WARN 13376 --- [SpiderSync] [restartedMain] i.m.c.i.b.cache.CaffeineCacheMetrics     : The cache 'pages' is not recording statistics. No meters except 'cache.size' will be registered. Call 'Caffeine#recordStats()' prior to building the cache for metrics to be recorded.
2026-01-25T10:37:10.507+05:30  WARN 13376 --- [SpiderSync] [restartedMain] i.m.c.i.b.cache.CaffeineCacheMetrics     : The cache 'search-results' is not recording statistics. No meters except 'cache.size' will be registered. Call 'Caffeine#recordStats()' prior to building the cache for metrics to be recorded.
2026-01-25T10:37:13.241+05:30  INFO 15296 --- [SpiderSync] [restartedMain] c.P.SpiderSync.SpiderSyncApplication     : Starting SpiderSyncApplication using Java 21.0.9 with PID 15296 (C:\Users\LOQ\SpiderSync\target\classes started by annki in C:\Users\LOQ\SpiderSync)
2026-01-25T10:37:13.243+05:30 DEBUG 15296 --- [SpiderSync] [restartedMain] c.P.SpiderSync.SpiderSyncApplication     : Running with Spring Boot v3.4.1, Spring v6.2.1
2026-01-25T10:37:13.244+05:30  INFO 15296 --- [SpiderSync] [restartedMain] c.P.SpiderSync.SpiderSyncApplication     : No active profile set, falling back to 1 default profile: "default"
2026-01-25T10:37:13.301+05:30  INFO 15296 --- [SpiderSync] [restartedMain] o.s.b.devtools.restart.ChangeableUrls    : The Class-Path manifest attribute in C:\Users\LOQ\.m2\repository\org\apache\opennlp\opennlp-tools\2.3.1\opennlp-tools-2.3.1.jar referenced one or more files that do not exist: file:/C:/Users/LOQ/.m2/repository/org/apache/opennlp/opennlp-tools/2.3.1/slf4j-api-1.7.36.jar
2026-01-25T10:37:13.303+05:30  INFO 15296 --- [SpiderSync] [restartedMain] .e.DevToolsPropertyDefaultsPostProcessor : Devtools property defaults active! Set 'spring.devtools.add-properties' to 'false' to disable
2026-01-25T10:37:13.303+05:30  INFO 15296 --- [SpiderSync] [restartedMain] .e.DevToolsPropertyDefaultsPostProcessor : For additional web related logging consider setting the 'logging.level.web' property to 'DEBUG'
2026-01-25T10:37:15.620+05:30  INFO 15296 --- [SpiderSync] [restartedMain] .s.d.r.c.RepositoryConfigurationDelegate : Multiple Spring Data modules found, entering strict repository configuration mode
2026-01-25T10:37:15.622+05:30  INFO 15296 --- [SpiderSync] [restartedMain] .s.d.r.c.RepositoryConfigurationDelegate : Bootstrapping Spring Data JPA repositories in DEFAULT mode.
2026-01-25T10:37:15.805+05:30  INFO 15296 --- [SpiderSync] [restartedMain] .s.d.r.c.RepositoryConfigurationDelegate : Finished Spring Data repository scanning in 172 ms. Found 4 JPA repository interfaces.
2026-01-25T10:37:15.819+05:30  INFO 15296 --- [SpiderSync] [restartedMain] .s.d.r.c.RepositoryConfigurationDelegate : Multiple Spring Data modules found, entering strict repository configuration mode
2026-01-25T10:37:15.821+05:30  INFO 15296 --- [SpiderSync] [restartedMain] .s.d.r.c.RepositoryConfigurationDelegate : Bootstrapping Spring Data Redis repositories in DEFAULT mode.
2026-01-25T10:37:15.842+05:30  INFO 15296 --- [SpiderSync] [restartedMain] .RepositoryConfigurationExtensionSupport : Spring Data Redis - Could not safely identify store assignment for repository candidate interface com.Project.SpiderSync.repositories.CrawlJobRepository; If you want this repository to be a Redis repository, consider annotating your entities with one of these annotations: org.springframework.data.redis.core.RedisHash (preferred), or consider extending one of the following types with your repository: org.springframework.data.keyvalue.repository.KeyValueRepository
2026-01-25T10:37:15.843+05:30  INFO 15296 --- [SpiderSync] [restartedMain] .RepositoryConfigurationExtensionSupport : Spring Data Redis - Could not safely identify store assignment for repository candidate interface com.Project.SpiderSync.repositories.PageRepository; If you want this repository to be a Redis repository, consider annotating your entities with one of these annotations: org.springframework.data.redis.core.RedisHash (preferred), or consider extending one of the following types with your repository: org.springframework.data.keyvalue.repository.KeyValueRepository
2026-01-25T10:37:15.843+05:30  INFO 15296 --- [SpiderSync] [restartedMain] .RepositoryConfigurationExtensionSupport : Spring Data Redis - Could not safely identify store assignment for repository candidate interface com.Project.SpiderSync.repositories.SearchQueryRepository; If you want this repository to be a Redis repository, consider annotating your entities with one of these annotations: org.springframework.data.redis.core.RedisHash (preferred), or consider extending one of the following types with your repository: org.springframework.data.keyvalue.repository.KeyValueRepository
2026-01-25T10:37:15.844+05:30  INFO 15296 --- [SpiderSync] [restartedMain] .RepositoryConfigurationExtensionSupport : Spring Data Redis - Could not safely identify store assignment for repository candidate interface com.Project.SpiderSync.repositories.UserRepository; If you want this repository to be a Redis repository, consider annotating your entities with one of these annotations: org.springframework.data.redis.core.RedisHash (preferred), or consider extending one of the following types with your repository: org.springframework.data.keyvalue.repository.KeyValueRepository
2026-01-25T10:37:15.844+05:30  INFO 15296 --- [SpiderSync] [restartedMain] .s.d.r.c.RepositoryConfigurationDelegate : Finished Spring Data repository scanning in 10 ms. Found 0 Redis repository interfaces.
2026-01-25T10:37:17.117+05:30  INFO 15296 --- [SpiderSync] [restartedMain] o.s.b.w.embedded.tomcat.TomcatWebServer  : Tomcat initialized with port 8081 (http)
2026-01-25T10:37:17.129+05:30  INFO 15296 --- [SpiderSync] [restartedMain] o.apache.catalina.core.StandardService   : Starting service [Tomcat]
2026-01-25T10:37:17.130+05:30  INFO 15296 --- [SpiderSync] [restartedMain] o.apache.catalina.core.StandardEngine    : Starting Servlet engine: [Apache Tomcat/10.1.34]
2026-01-25T10:37:17.219+05:30  INFO 15296 --- [SpiderSync] [restartedMain] o.a.c.c.C.[Tomcat].[localhost].[/]       : Initializing Spring embedded WebApplicationContext
2026-01-25T10:37:17.219+05:30  INFO 15296 --- [SpiderSync] [restartedMain] w.s.c.ServletWebServerApplicationContext : Root WebApplicationContext: initialization completed in 3915 ms
2026-01-25T10:37:17.800+05:30  INFO 15296 --- [SpiderSync] [restartedMain] com.zaxxer.hikari.HikariDataSource       : HikariPool-1 - Starting...
2026-01-25T10:37:18.014+05:30  INFO 15296 --- [SpiderSync] [restartedMain] com.zaxxer.hikari.pool.HikariPool        : HikariPool-1 - Added connection com.mysql.cj.jdbc.ConnectionImpl@59135d85
2026-01-25T10:37:18.017+05:30  INFO 15296 --- [SpiderSync] [restartedMain] com.zaxxer.hikari.HikariDataSource       : HikariPool-1 - Start completed.
2026-01-25T10:37:18.076+05:30  INFO 15296 --- [SpiderSync] [restartedMain] org.flywaydb.core.FlywayExecutor         : Database: jdbc:mysql://localhost:3306/search_engine?createDatabaseIfNotExists=true&useSSL=false&serverTimezone=UTC&allowPublicKeyRetrieval=true (MySQL 8.0)
2026-01-25T10:37:18.140+05:30  INFO 15296 --- [SpiderSync] [restartedMain] o.f.core.internal.command.DbValidate     : Successfully validated 1 migration (execution time 00:00.034s)
2026-01-25T10:37:18.158+05:30  INFO 15296 --- [SpiderSync] [restartedMain] o.f.core.internal.command.DbMigrate      : Current version of schema `search_engine`: 1
2026-01-25T10:37:18.162+05:30  INFO 15296 --- [SpiderSync] [restartedMain] o.f.core.internal.command.DbMigrate      : Schema `search_engine` is up to date. No migration necessary.
2026-01-25T10:37:18.307+05:30  INFO 15296 --- [SpiderSync] [restartedMain] o.hibernate.jpa.internal.util.LogHelper  : HHH000204: Processing PersistenceUnitInfo [name: default]
2026-01-25T10:37:18.371+05:30  INFO 15296 --- [SpiderSync] [restartedMain] org.hibernate.Version                    : HHH000412: Hibernate ORM core version 6.6.4.Final
2026-01-25T10:37:18.412+05:30  INFO 15296 --- [SpiderSync] [restartedMain] o.h.c.internal.RegionFactoryInitiator    : HHH000026: Second-level cache disabled
2026-01-25T10:37:18.694+05:30  INFO 15296 --- [SpiderSync] [restartedMain] o.s.o.j.p.SpringPersistenceUnitInfo      : No LoadTimeWeaver setup: ignoring JPA class transformer
2026-01-25T10:37:18.758+05:30  WARN 15296 --- [SpiderSync] [restartedMain] org.hibernate.orm.deprecation            : HHH90000025: MySQLDialect does not need to be specified explicitly using 'hibernate.dialect' (remove the property setting and it will be selected by default)
2026-01-25T10:37:18.774+05:30  INFO 15296 --- [SpiderSync] [restartedMain] org.hibernate.orm.connections.pooling    : HHH10001005: Database info:
	Database JDBC URL [Connecting through datasource 'HikariDataSource (HikariPool-1)']
	Database driver: undefined/unknown
	Database version: 8.0.44
	Autocommit mode: undefined/unknown
	Isolation level: undefined/unknown
	Minimum pool size: undefined/unknown
	Maximum pool size: undefined/unknown
2026-01-25T10:37:19.766+05:30  INFO 15296 --- [SpiderSync] [restartedMain] o.h.e.t.j.p.i.JtaPlatformInitiator       : HHH000489: No JTA platform available (set 'hibernate.transaction.jta.platform' to enable JTA platform integration)
2026-01-25T10:37:19.828+05:30  INFO 15296 --- [SpiderSync] [restartedMain] j.LocalContainerEntityManagerFactoryBean : Initialized JPA EntityManagerFactory for persistence unit 'default'
2026-01-25T10:37:20.274+05:30 DEBUG 15296 --- [SpiderSync] [restartedMain] c.P.S.security.JwtAuthenticationFilter   : Filter 'jwtAuthenticationFilter' configured for use
2026-01-25T10:37:20.274+05:30 DEBUG 15296 --- [SpiderSync] [restartedMain] o.s.w.f.ServerHttpObservationFilter      : Filter 'webMvcObservationFilter' configured for use
2026-01-25T10:37:20.274+05:30 DEBUG 15296 --- [SpiderSync] [restartedMain] c.P.S.security.RateLimitingFilter        : Filter 'rateLimitingFilter' configured for use
2026-01-25T10:37:20.341+05:30  INFO 15296 --- [SpiderSync] [restartedMain] o.s.d.j.r.query.QueryEnhancerFactory     : Hibernate is in classpath; If applicable, HQL parser will be used.
2026-01-25T10:37:20.708+05:30  INFO 15296 --- [SpiderSync] [restartedMain] r$InitializeUserDetailsManagerConfigurer : Global AuthenticationManager configured with UserDetailsService bean with name customUserDetailsService
2026-01-25T10:37:21.883+05:30  WARN 15296 --- [SpiderSync] [restartedMain] JpaBaseConfiguration$JpaWebConfiguration : spring.jpa.open-in-view is enabled by default. Therefore, database queries may be performed during view rendering. Explicitly configure spring.jpa.open-in-view to disable this warning
2026-01-25T10:37:22.034+05:30  INFO 15296 --- [SpiderSync] [restartedMain] o.s.b.a.w.s.WelcomePageHandlerMapping    : Adding welcome page: class path resource [static/index.html]
2026-01-25T10:37:22.155+05:30 DEBUG 15296 --- [SpiderSync] [restartedMain] s.w.s.m.m.a.RequestMappingHandlerMapping : 19 mappings in 'requestMappingHandlerMapping'
2026-01-25T10:37:22.354+05:30 DEBUG 15296 --- [SpiderSync] [restartedMain] o.s.w.s.handler.SimpleUrlHandlerMapping  : Patterns [/webjars/**, /**, /swagger-ui*/*swagger-initializer.js, /swagger-ui*/**] in 'resourceHandlerMapping'
2026-01-25T10:37:22.950+05:30  INFO 15296 --- [SpiderSync] [restartedMain] o.s.b.a.e.web.EndpointLinksResolver      : Exposing 4 endpoints beneath base path '/actuator'
2026-01-25T10:37:23.099+05:30 DEBUG 15296 --- [SpiderSync] [restartedMain] o.s.s.web.DefaultSecurityFilterChain     : Will secure any request with filters: DisableEncodeUrlFilter, WebAsyncManagerIntegrationFilter, SecurityContextHolderFilter, HeaderWriterFilter, LogoutFilter, RateLimitingFilter, JwtAuthenticationFilter, RequestCacheAwareFilter, SecurityContextHolderAwareRequestFilter, AnonymousAuthenticationFilter, SessionManagementFilter, ExceptionTranslationFilter, AuthorizationFilter
2026-01-25T10:37:23.257+05:30 DEBUG 15296 --- [SpiderSync] [restartedMain] s.w.s.m.m.a.RequestMappingHandlerAdapter : ControllerAdvice beans: 0 @ModelAttribute, 0 @InitBinder, 1 RequestBodyAdvice, 1 ResponseBodyAdvice
2026-01-25T10:37:23.330+05:30 DEBUG 15296 --- [SpiderSync] [restartedMain] .m.m.a.ExceptionHandlerExceptionResolver : ControllerAdvice beans: 1 @ExceptionHandler, 1 ResponseBodyAdvice
2026-01-25T10:37:24.017+05:30  WARN 15296 --- [SpiderSync] [restartedMain] i.m.c.i.b.cache.CaffeineCacheMetrics     : The cache 'robots-txt' is not recording statistics. No meters except 'cache.size' will be registered. Call 'Caffeine#recordStats()' prior to building the cache for metrics to be recorded.
2026-01-25T10:37:24.018+05:30  WARN 15296 --- [SpiderSync] [restartedMain] i.m.c.i.b.cache.CaffeineCacheMetrics     : The cache 'pages' is not recording statistics. No meters except 'cache.size' will be registered. Call 'Caffeine#recordStats()' prior to building the cache for metrics to be recorded.
2026-01-25T10:37:24.018+05:30  WARN 15296 --- [SpiderSync] [restartedMain] i.m.c.i.b.cache.CaffeineCacheMetrics     : The cache 'search-results' is not recording statistics. No meters except 'cache.size' will be registered. Call 'Caffeine#recordStats()' prior to building the cache for metrics to be recorded.
2026-01-25T10:37:24.391+05:30  INFO 15296 --- [SpiderSync] [restartedMain] o.s.b.d.a.OptionalLiveReloadServer       : LiveReload server is running on port 35729
2026-01-25T10:37:24.490+05:30  INFO 15296 --- [SpiderSync] [restartedMain] o.s.b.w.embedded.tomcat.TomcatWebServer  : Tomcat started on port 8081 (http) with context path '/'
2026-01-25T10:37:24.504+05:30  INFO 15296 --- [SpiderSync] [restartedMain] c.P.SpiderSync.SpiderSyncApplication     : Started SpiderSyncApplication in 11.821 seconds (process running for 13.388)
2026-01-25T10:37:24.513+05:30  INFO 15296 --- [SpiderSync] [restartedMain] c.P.S.service.DataSeedingService         : Checking for data seeding requirements...
2026-01-25T10:37:24.619+05:30 DEBUG 15296 --- [SpiderSync] [restartedMain] org.hibernate.SQL                        : 
    select
        p1_0.id,
        p1_0.content,
        p1_0.content_hash,
        p1_0.crawl_depth,
        p1_0.created_at,
        p1_0.description,
        p1_0.keywords,
        p1_0.language,
        p1_0.last_crawled_at,
        p1_0.page_rank,
        p1_0.response_time,
        p1_0.status_code,
        p1_0.title,
        p1_0.updated_at,
        p1_0.url 
    from
        pages p1_0 
    where
        p1_0.url in (?, ?, ?, ?, ?, ?, ?, ?, ?, ?, ?, ?, ?, ?, ?, ?, ?, ?, ?)
2026-01-25T10:37:24.669+05:30  INFO 15296 --- [SpiderSync] [restartedMain] c.P.S.service.DataSeedingService         : All seed pages already exist in database.
2026-01-25T10:37:24.704+05:30 ERROR 15296 --- [SpiderSync] [restartedMain] c.P.SpiderSync.service.IndexingService   : Error checking index existence: Connection refused: getsockopt
2026-01-25T10:37:24.704+05:30  INFO 15296 --- [SpiderSync] [restartedMain] c.P.S.service.DataSeedingService         : Elasticsearch index is missing or empty. Populating from database...
2026-01-25T10:37:24.719+05:30 DEBUG 15296 --- [SpiderSync] [restartedMain] org.hibernate.SQL                        : 
    select
        p1_0.id,
        p1_0.content,
        p1_0.content_hash,
        p1_0.crawl_depth,
        p1_0.created_at,
        p1_0.description,
        p1_0.keywords,
        p1_0.language,
        p1_0.last_crawled_at,
        p1_0.page_rank,
        p1_0.response_time,
        p1_0.status_code,
        p1_0.title,
        p1_0.updated_at,
        p1_0.url 
    from
        pages p1_0
2026-01-25T10:37:24.731+05:30 ERROR 15296 --- [SpiderSync] [restartedMain] c.P.SpiderSync.service.IndexingService   : Error creating Elasticsearch index: Connection refused: getsockopt
2026-01-25T10:37:24.760+05:30 ERROR 15296 --- [SpiderSync] [restartedMain] c.P.SpiderSync.service.IndexingService   : Error in bulk indexing: Connection refused: getsockopt
2026-01-25T10:37:24.760+05:30  INFO 15296 --- [SpiderSync] [restartedMain] c.P.S.service.DataSeedingService         : Successfully indexed 19 total pages from database.
2026-01-25T10:37:24.760+05:30  INFO 15296 --- [SpiderSync] [restartedMain] c.P.S.service.DataSeedingService         : Data seeding and indexing check completed!
2026-01-25T10:37:25.288+05:30  INFO 15296 --- [SpiderSync] [RMI TCP Connection(2)-192.168.1.73] o.s.a.r.c.CachingConnectionFactory       : Attempting to connect to: [localhost:5672]
2026-01-25T10:37:25.293+05:30  INFO 15296 --- [SpiderSync] [RMI TCP Connection(1)-192.168.1.73] o.a.c.c.C.[Tomcat].[localhost].[/]       : Initializing Spring DispatcherServlet 'dispatcherServlet'
2026-01-25T10:37:25.294+05:30  INFO 15296 --- [SpiderSync] [RMI TCP Connection(1)-192.168.1.73] o.s.web.servlet.DispatcherServlet        : Initializing Servlet 'dispatcherServlet'
2026-01-25T10:37:25.294+05:30 DEBUG 15296 --- [SpiderSync] [RMI TCP Connection(1)-192.168.1.73] o.s.web.servlet.DispatcherServlet        : Detected StandardServletMultipartResolver
2026-01-25T10:37:25.295+05:30 DEBUG 15296 --- [SpiderSync] [RMI TCP Connection(1)-192.168.1.73] o.s.web.servlet.DispatcherServlet        : Detected AcceptHeaderLocaleResolver
2026-01-25T10:37:25.295+05:30 DEBUG 15296 --- [SpiderSync] [RMI TCP Connection(1)-192.168.1.73] o.s.web.servlet.DispatcherServlet        : Detected FixedThemeResolver
2026-01-25T10:37:25.298+05:30 DEBUG 15296 --- [SpiderSync] [RMI TCP Connection(1)-192.168.1.73] o.s.web.servlet.DispatcherServlet        : Detected org.springframework.web.servlet.view.DefaultRequestToViewNameTranslator@482d69d1
2026-01-25T10:37:25.300+05:30 DEBUG 15296 --- [SpiderSync] [RMI TCP Connection(1)-192.168.1.73] o.s.web.servlet.DispatcherServlet        : Detected org.springframework.web.servlet.support.SessionFlashMapManager@d087ec8
2026-01-25T10:37:25.301+05:30 DEBUG 15296 --- [SpiderSync] [RMI TCP Connection(1)-192.168.1.73] o.s.web.servlet.DispatcherServlet        : enableLoggingRequestDetails='false': request parameters and headers will be masked to prevent unsafe logging of potentially sensitive data
2026-01-25T10:37:25.301+05:30  INFO 15296 --- [SpiderSync] [RMI TCP Connection(1)-192.168.1.73] o.s.web.servlet.DispatcherServlet        : Completed initialization in 7 ms
2026-01-25T10:37:25.313+05:30  WARN 15296 --- [SpiderSync] [RMI TCP Connection(2)-192.168.1.73] o.s.b.a.amqp.RabbitHealthIndicator       : Rabbit health check failed

org.springframework.amqp.AmqpConnectException: java.net.ConnectException: Connection refused: getsockopt
	at org.springframework.amqp.rabbit.support.RabbitExceptionTranslator.convertRabbitAccessException(RabbitExceptionTranslator.java:61) ~[spring-rabbit-3.2.1.jar:3.2.1]
	at org.springframework.amqp.rabbit.connection.AbstractConnectionFactory.createBareConnection(AbstractConnectionFactory.java:633) ~[spring-rabbit-3.2.1.jar:3.2.1]
	at org.springframework.amqp.rabbit.connection.CachingConnectionFactory.createConnection(CachingConnectionFactory.java:726) ~[spring-rabbit-3.2.1.jar:3.2.1]
	at org.springframework.amqp.rabbit.connection.ConnectionFactoryUtils.createConnection(ConnectionFactoryUtils.java:257) ~[spring-rabbit-3.2.1.jar:3.2.1]
	at org.springframework.amqp.rabbit.core.RabbitTemplate.doExecute(RabbitTemplate.java:2262) ~[spring-rabbit-3.2.1.jar:3.2.1]
	at org.springframework.amqp.rabbit.core.RabbitTemplate.execute(RabbitTemplate.java:2235) ~[spring-rabbit-3.2.1.jar:3.2.1]
	at org.springframework.amqp.rabbit.core.RabbitTemplate.execute(RabbitTemplate.java:2215) ~[spring-rabbit-3.2.1.jar:3.2.1]
	at org.springframework.boot.actuate.amqp.RabbitHealthIndicator.getVersion(RabbitHealthIndicator.java:49) ~[spring-boot-actuator-3.4.1.jar:3.4.1]
	at org.springframework.boot.actuate.amqp.RabbitHealthIndicator.doHealthCheck(RabbitHealthIndicator.java:44) ~[spring-boot-actuator-3.4.1.jar:3.4.1]
	at org.springframework.boot.actuate.health.AbstractHealthIndicator.health(AbstractHealthIndicator.java:82) ~[spring-boot-actuator-3.4.1.jar:3.4.1]
	at org.springframework.boot.actuate.health.HealthIndicator.getHealth(HealthIndicator.java:37) ~[spring-boot-actuator-3.4.1.jar:3.4.1]
	at org.springframework.boot.actuate.health.HealthEndpoint.getHealth(HealthEndpoint.java:82) ~[spring-boot-actuator-3.4.1.jar:3.4.1]
	at org.springframework.boot.actuate.health.HealthEndpoint.getHealth(HealthEndpoint.java:41) ~[spring-boot-actuator-3.4.1.jar:3.4.1]
	at org.springframework.boot.actuate.health.HealthEndpointSupport.getLoggedHealth(HealthEndpointSupport.java:172) ~[spring-boot-actuator-3.4.1.jar:3.4.1]
	at org.springframework.boot.actuate.health.HealthEndpointSupport.getContribution(HealthEndpointSupport.java:145) ~[spring-boot-actuator-3.4.1.jar:3.4.1]
	at org.springframework.boot.actuate.health.HealthEndpointSupport.getAggregateContribution(HealthEndpointSupport.java:156) ~[spring-boot-actuator-3.4.1.jar:3.4.1]
	at org.springframework.boot.actuate.health.HealthEndpointSupport.getContribution(HealthEndpointSupport.java:141) ~[spring-boot-actuator-3.4.1.jar:3.4.1]
	at org.springframework.boot.actuate.health.HealthEndpointSupport.getHealth(HealthEndpointSupport.java:110) ~[spring-boot-actuator-3.4.1.jar:3.4.1]
	at org.springframework.boot.actuate.health.HealthEndpointSupport.getHealth(HealthEndpointSupport.java:81) ~[spring-boot-actuator-3.4.1.jar:3.4.1]
	at org.springframework.boot.actuate.health.HealthEndpoint.health(HealthEndpoint.java:76) ~[spring-boot-actuator-3.4.1.jar:3.4.1]
	at org.springframework.boot.actuate.health.HealthEndpoint.health(HealthEndpoint.java:66) ~[spring-boot-actuator-3.4.1.jar:3.4.1]
	at java.base/jdk.internal.reflect.DirectMethodHandleAccessor.invoke(DirectMethodHandleAccessor.java:103) ~[na:na]
	at java.base/java.lang.reflect.Method.invoke(Method.java:580) ~[na:na]
	at org.springframework.util.ReflectionUtils.invokeMethod(ReflectionUtils.java:281) ~[spring-core-6.2.1.jar:6.2.1]
	at org.springframework.boot.actuate.endpoint.invoke.reflect.ReflectiveOperationInvoker.invoke(ReflectiveOperationInvoker.java:74) ~[spring-boot-actuator-3.4.1.jar:3.4.1]
	at org.springframework.boot.actuate.endpoint.annotation.AbstractDiscoveredOperation.invoke(AbstractDiscoveredOperation.java:60) ~[spring-boot-actuator-3.4.1.jar:3.4.1]
	at org.springframework.boot.actuate.endpoint.jmx.EndpointMBean.invoke(EndpointMBean.java:124) ~[spring-boot-actuator-3.4.1.jar:3.4.1]
	at org.springframework.boot.actuate.endpoint.jmx.EndpointMBean.invoke(EndpointMBean.java:97) ~[spring-boot-actuator-3.4.1.jar:3.4.1]
	at java.management/com.sun.jmx.interceptor.DefaultMBeanServerInterceptor.invoke(DefaultMBeanServerInterceptor.java:803) ~[na:na]
	at java.management/com.sun.jmx.mbeanserver.JmxMBeanServer.invoke(JmxMBeanServer.java:802) ~[na:na]
	at java.management.rmi/javax.management.remote.rmi.RMIConnectionImpl.doOperation(RMIConnectionImpl.java:1472) ~[na:na]
	at java.management.rmi/javax.management.remote.rmi.RMIConnectionImpl$PrivilegedOperation.run(RMIConnectionImpl.java:1310) ~[na:na]
	at java.management.rmi/javax.management.remote.rmi.RMIConnectionImpl.doPrivilegedOperation(RMIConnectionImpl.java:1405) ~[na:na]
	at java.management.rmi/javax.management.remote.rmi.RMIConnectionImpl.invoke(RMIConnectionImpl.java:829) ~[na:na]
	at java.base/jdk.internal.reflect.DirectMethodHandleAccessor.invoke(DirectMethodHandleAccessor.java:103) ~[na:na]
	at java.base/java.lang.reflect.Method.invoke(Method.java:580) ~[na:na]
	at java.rmi/sun.rmi.server.UnicastServerRef.dispatch(UnicastServerRef.java:360) ~[na:na]
	at java.rmi/sun.rmi.transport.Transport$1.run(Transport.java:200) ~[na:na]
	at java.rmi/sun.rmi.transport.Transport$1.run(Transport.java:197) ~[na:na]
	at java.base/java.security.AccessController.doPrivileged(AccessController.java:714) ~[na:na]
	at java.rmi/sun.rmi.transport.Transport.serviceCall(Transport.java:196) ~[na:na]
	at java.rmi/sun.rmi.transport.tcp.TCPTransport.handleMessages(TCPTransport.java:598) ~[na:na]
	at java.rmi/sun.rmi.transport.tcp.TCPTransport$ConnectionHandler.run0(TCPTransport.java:844) ~[na:na]
	at java.rmi/sun.rmi.transport.tcp.TCPTransport$ConnectionHandler.lambda$run$0(TCPTransport.java:721) ~[na:na]
	at java.base/java.security.AccessController.doPrivileged(AccessController.java:400) ~[na:na]
	at java.rmi/sun.rmi.transport.tcp.TCPTransport$ConnectionHandler.run(TCPTransport.java:720) ~[na:na]
	at java.base/java.util.concurrent.ThreadPoolExecutor.runWorker(ThreadPoolExecutor.java:1144) ~[na:na]
	at java.base/java.util.concurrent.ThreadPoolExecutor$Worker.run(ThreadPoolExecutor.java:642) ~[na:na]
	at java.base/java.lang.Thread.run(Thread.java:1583) ~[na:na]
Caused by: java.net.ConnectException: Connection refused: getsockopt
	at java.base/sun.nio.ch.Net.pollConnect(Native Method) ~[na:na]
	at java.base/sun.nio.ch.Net.pollConnectNow(Net.java:682) ~[na:na]
	at java.base/sun.nio.ch.NioSocketImpl.timedFinishConnect(NioSocketImpl.java:542) ~[na:na]
	at java.base/sun.nio.ch.NioSocketImpl.connect(NioSocketImpl.java:592) ~[na:na]
	at java.base/java.net.SocksSocketImpl.connect(SocksSocketImpl.java:327) ~[na:na]
	at java.base/java.net.Socket.connect(Socket.java:751) ~[na:na]
	at com.rabbitmq.client.impl.SocketFrameHandlerFactory.create(SocketFrameHandlerFactory.java:61) ~[amqp-client-5.22.0.jar:5.22.0]
	at com.rabbitmq.client.ConnectionFactory.newConnection(ConnectionFactory.java:1249) ~[amqp-client-5.22.0.jar:5.22.0]
	at com.rabbitmq.client.ConnectionFactory.newConnection(ConnectionFactory.java:1198) ~[amqp-client-5.22.0.jar:5.22.0]
	at org.springframework.amqp.rabbit.connection.AbstractConnectionFactory.connectAddresses(AbstractConnectionFactory.java:679) ~[spring-rabbit-3.2.1.jar:3.2.1]
	at org.springframework.amqp.rabbit.connection.AbstractConnectionFactory.connect(AbstractConnectionFactory.java:648) ~[spring-rabbit-3.2.1.jar:3.2.1]
	at org.springframework.amqp.rabbit.connection.AbstractConnectionFactory.createBareConnection(AbstractConnectionFactory.java:594) ~[spring-rabbit-3.2.1.jar:3.2.1]
	... 47 common frames omitted

2026-01-25T10:37:25.329+05:30  WARN 15296 --- [SpiderSync] [RMI TCP Connection(2)-192.168.1.73] e.ElasticsearchRestClientHealthIndicator : Elasticsearch health check failed

java.net.ConnectException: Connection refused: getsockopt
	at org.elasticsearch.client.RestClient.extractAndWrapCause(RestClient.java:934) ~[elasticsearch-rest-client-8.15.5.jar:8.15.5]
	at org.elasticsearch.client.RestClient.performRequest(RestClient.java:304) ~[elasticsearch-rest-client-8.15.5.jar:8.15.5]
	at org.elasticsearch.client.RestClient.performRequest(RestClient.java:292) ~[elasticsearch-rest-client-8.15.5.jar:8.15.5]
	at org.springframework.boot.actuate.elasticsearch.ElasticsearchRestClientHealthIndicator.doHealthCheck(ElasticsearchRestClientHealthIndicator.java:60) ~[spring-boot-actuator-3.4.1.jar:3.4.1]
	at org.springframework.boot.actuate.health.AbstractHealthIndicator.health(AbstractHealthIndicator.java:82) ~[spring-boot-actuator-3.4.1.jar:3.4.1]
	at org.springframework.boot.actuate.health.HealthIndicator.getHealth(HealthIndicator.java:37) ~[spring-boot-actuator-3.4.1.jar:3.4.1]
	at org.springframework.boot.actuate.health.HealthEndpoint.getHealth(HealthEndpoint.java:82) ~[spring-boot-actuator-3.4.1.jar:3.4.1]
	at org.springframework.boot.actuate.health.HealthEndpoint.getHealth(HealthEndpoint.java:41) ~[spring-boot-actuator-3.4.1.jar:3.4.1]
	at org.springframework.boot.actuate.health.HealthEndpointSupport.getLoggedHealth(HealthEndpointSupport.java:172) ~[spring-boot-actuator-3.4.1.jar:3.4.1]
	at org.springframework.boot.actuate.health.HealthEndpointSupport.getContribution(HealthEndpointSupport.java:145) ~[spring-boot-actuator-3.4.1.jar:3.4.1]
	at org.springframework.boot.actuate.health.HealthEndpointSupport.getAggregateContribution(HealthEndpointSupport.java:156) ~[spring-boot-actuator-3.4.1.jar:3.4.1]
	at org.springframework.boot.actuate.health.HealthEndpointSupport.getContribution(HealthEndpointSupport.java:141) ~[spring-boot-actuator-3.4.1.jar:3.4.1]
	at org.springframework.boot.actuate.health.HealthEndpointSupport.getHealth(HealthEndpointSupport.java:110) ~[spring-boot-actuator-3.4.1.jar:3.4.1]
	at org.springframework.boot.actuate.health.HealthEndpointSupport.getHealth(HealthEndpointSupport.java:81) ~[spring-boot-actuator-3.4.1.jar:3.4.1]
	at org.springframework.boot.actuate.health.HealthEndpoint.health(HealthEndpoint.java:76) ~[spring-boot-actuator-3.4.1.jar:3.4.1]
	at org.springframework.boot.actuate.health.HealthEndpoint.health(HealthEndpoint.java:66) ~[spring-boot-actuator-3.4.1.jar:3.4.1]
	at java.base/jdk.internal.reflect.DirectMethodHandleAccessor.invoke(DirectMethodHandleAccessor.java:103) ~[na:na]
	at java.base/java.lang.reflect.Method.invoke(Method.java:580) ~[na:na]
	at org.springframework.util.ReflectionUtils.invokeMethod(ReflectionUtils.java:281) ~[spring-core-6.2.1.jar:6.2.1]
	at org.springframework.boot.actuate.endpoint.invoke.reflect.ReflectiveOperationInvoker.invoke(ReflectiveOperationInvoker.java:74) ~[spring-boot-actuator-3.4.1.jar:3.4.1]
	at org.springframework.boot.actuate.endpoint.annotation.AbstractDiscoveredOperation.invoke(AbstractDiscoveredOperation.java:60) ~[spring-boot-actuator-3.4.1.jar:3.4.1]
	at org.springframework.boot.actuate.endpoint.jmx.EndpointMBean.invoke(EndpointMBean.java:124) ~[spring-boot-actuator-3.4.1.jar:3.4.1]
	at org.springframework.boot.actuate.endpoint.jmx.EndpointMBean.invoke(EndpointMBean.java:97) ~[spring-boot-actuator-3.4.1.jar:3.4.1]
	at java.management/com.sun.jmx.interceptor.DefaultMBeanServerInterceptor.invoke(DefaultMBeanServerInterceptor.java:803) ~[na:na]
	at java.management/com.sun.jmx.mbeanserver.JmxMBeanServer.invoke(JmxMBeanServer.java:802) ~[na:na]
	at java.management.rmi/javax.management.remote.rmi.RMIConnectionImpl.doOperation(RMIConnectionImpl.java:1472) ~[na:na]
	at java.management.rmi/javax.management.remote.rmi.RMIConnectionImpl$PrivilegedOperation.run(RMIConnectionImpl.java:1310) ~[na:na]
	at java.management.rmi/javax.management.remote.rmi.RMIConnectionImpl.doPrivilegedOperation(RMIConnectionImpl.java:1405) ~[na:na]
	at java.management.rmi/javax.management.remote.rmi.RMIConnectionImpl.invoke(RMIConnectionImpl.java:829) ~[na:na]
	at java.base/jdk.internal.reflect.DirectMethodHandleAccessor.invoke(DirectMethodHandleAccessor.java:103) ~[na:na]
	at java.base/java.lang.reflect.Method.invoke(Method.java:580) ~[na:na]
	at java.rmi/sun.rmi.server.UnicastServerRef.dispatch(UnicastServerRef.java:360) ~[na:na]
	at java.rmi/sun.rmi.transport.Transport$1.run(Transport.java:200) ~[na:na]
	at java.rmi/sun.rmi.transport.Transport$1.run(Transport.java:197) ~[na:na]
	at java.base/java.security.AccessController.doPrivileged(AccessController.java:714) ~[na:na]
	at java.rmi/sun.rmi.transport.Transport.serviceCall(Transport.java:196) ~[na:na]
	at java.rmi/sun.rmi.transport.tcp.TCPTransport.handleMessages(TCPTransport.java:598) ~[na:na]
	at java.rmi/sun.rmi.transport.tcp.TCPTransport$ConnectionHandler.run0(TCPTransport.java:844) ~[na:na]
	at java.rmi/sun.rmi.transport.tcp.TCPTransport$ConnectionHandler.lambda$run$0(TCPTransport.java:721) ~[na:na]
	at java.base/java.security.AccessController.doPrivileged(AccessController.java:400) ~[na:na]
	at java.rmi/sun.rmi.transport.tcp.TCPTransport$ConnectionHandler.run(TCPTransport.java:720) ~[na:na]
	at java.base/java.util.concurrent.ThreadPoolExecutor.runWorker(ThreadPoolExecutor.java:1144) ~[na:na]
	at java.base/java.util.concurrent.ThreadPoolExecutor$Worker.run(ThreadPoolExecutor.java:642) ~[na:na]
	at java.base/java.lang.Thread.run(Thread.java:1583) ~[na:na]
Caused by: java.net.ConnectException: Connection refused: getsockopt
	at java.base/sun.nio.ch.Net.pollConnect(Native Method) ~[na:na]
	at java.base/sun.nio.ch.Net.pollConnectNow(Net.java:682) ~[na:na]
	at java.base/sun.nio.ch.SocketChannelImpl.finishConnect(SocketChannelImpl.java:973) ~[na:na]
	at org.apache.http.impl.nio.reactor.DefaultConnectingIOReactor.processEvent(DefaultConnectingIOReactor.java:174) ~[httpcore-nio-4.4.16.jar:4.4.16]
	at org.apache.http.impl.nio.reactor.DefaultConnectingIOReactor.processEvents(DefaultConnectingIOReactor.java:148) ~[httpcore-nio-4.4.16.jar:4.4.16]
	at org.apache.http.impl.nio.reactor.AbstractMultiworkerIOReactor.execute(AbstractMultiworkerIOReactor.java:351) ~[httpcore-nio-4.4.16.jar:4.4.16]
	at org.apache.http.impl.nio.conn.PoolingNHttpClientConnectionManager.execute(PoolingNHttpClientConnectionManager.java:221) ~[httpasyncclient-4.1.5.jar:4.1.5]
	at org.apache.http.impl.nio.client.CloseableHttpAsyncClientBase$1.run(CloseableHttpAsyncClientBase.java:64) ~[httpasyncclient-4.1.5.jar:4.1.5]
	... 1 common frames omitted

2026-01-25T10:37:25.900+05:30  WARN 15296 --- [SpiderSync] [boundedElastic-1] o.s.b.a.d.r.RedisReactiveHealthIndicator : Redis health check failed

org.springframework.data.redis.RedisConnectionFailureException: Unable to connect to Redis
	at org.springframework.data.redis.connection.lettuce.LettuceConnectionFactory$ExceptionTranslatingConnectionProvider.translateException(LettuceConnectionFactory.java:1858) ~[spring-data-redis-3.4.1.jar:3.4.1]
	at org.springframework.data.redis.connection.lettuce.LettuceConnectionFactory$ExceptionTranslatingConnectionProvider.getConnection(LettuceConnectionFactory.java:1789) ~[spring-data-redis-3.4.1.jar:3.4.1]
	at org.springframework.data.redis.connection.lettuce.LettuceConnectionFactory$SharedConnection.getNativeConnection(LettuceConnectionFactory.java:1586) ~[spring-data-redis-3.4.1.jar:3.4.1]
	at org.springframework.data.redis.connection.lettuce.LettuceConnectionFactory$SharedConnection.lambda$getConnection$0(LettuceConnectionFactory.java:1566) ~[spring-data-redis-3.4.1.jar:3.4.1]
	at org.springframework.data.redis.connection.lettuce.LettuceConnectionFactory.doInLock(LettuceConnectionFactory.java:1527) ~[spring-data-redis-3.4.1.jar:3.4.1]
	at org.springframework.data.redis.connection.lettuce.LettuceConnectionFactory$SharedConnection.getConnection(LettuceConnectionFactory.java:1563) ~[spring-data-redis-3.4.1.jar:3.4.1]
	at org.springframework.data.redis.connection.lettuce.LettuceConnectionFactory.getSharedReactiveConnection(LettuceConnectionFactory.java:1274) ~[spring-data-redis-3.4.1.jar:3.4.1]
	at org.springframework.data.redis.connection.lettuce.LettuceConnectionFactory.getReactiveConnection(LettuceConnectionFactory.java:1149) ~[spring-data-redis-3.4.1.jar:3.4.1]
	at org.springframework.data.redis.connection.lettuce.LettuceConnectionFactory.getReactiveConnection(LettuceConnectionFactory.java:120) ~[spring-data-redis-3.4.1.jar:3.4.1]
	at reactor.core.publisher.MonoSupplier.call(MonoSupplier.java:67) ~[reactor-core-3.7.1.jar:3.7.1]
	at reactor.core.publisher.FluxSubscribeOnCallable$CallableSubscribeOnSubscription.run(FluxSubscribeOnCallable.java:228) ~[reactor-core-3.7.1.jar:3.7.1]
	at reactor.core.scheduler.SchedulerTask.call(SchedulerTask.java:68) ~[reactor-core-3.7.1.jar:3.7.1]
	at reactor.core.scheduler.SchedulerTask.call(SchedulerTask.java:28) ~[reactor-core-3.7.1.jar:3.7.1]
	at java.base/java.util.concurrent.FutureTask.run(FutureTask.java:317) ~[na:na]
	at java.base/java.util.concurrent.ScheduledThreadPoolExecutor$ScheduledFutureTask.run(ScheduledThreadPoolExecutor.java:304) ~[na:na]
	at java.base/java.util.concurrent.ThreadPoolExecutor.runWorker(ThreadPoolExecutor.java:1144) ~[na:na]
	at java.base/java.util.concurrent.ThreadPoolExecutor$Worker.run(ThreadPoolExecutor.java:642) ~[na:na]
	at java.base/java.lang.Thread.run(Thread.java:1583) ~[na:na]
Caused by: org.springframework.data.redis.connection.PoolException: Could not get a resource from the pool
	at org.springframework.data.redis.connection.lettuce.LettucePoolingConnectionProvider.getConnection(LettucePoolingConnectionProvider.java:104) ~[spring-data-redis-3.4.1.jar:3.4.1]
	at org.springframework.data.redis.connection.lettuce.LettuceConnectionFactory$ExceptionTranslatingConnectionProvider.getConnection(LettuceConnectionFactory.java:1787) ~[spring-data-redis-3.4.1.jar:3.4.1]
	... 16 common frames omitted
Caused by: io.lettuce.core.RedisConnectionException: Unable to connect to localhost/<unresolved>:6379
	at io.lettuce.core.RedisConnectionException.create(RedisConnectionException.java:63) ~[lettuce-core-6.4.1.RELEASE.jar:6.4.1.RELEASE/08096cf]
	at io.lettuce.core.RedisConnectionException.create(RedisConnectionException.java:41) ~[lettuce-core-6.4.1.RELEASE.jar:6.4.1.RELEASE/08096cf]
	at io.lettuce.core.AbstractRedisClient.getConnection(AbstractRedisClient.java:354) ~[lettuce-core-6.4.1.RELEASE.jar:6.4.1.RELEASE/08096cf]
	at io.lettuce.core.RedisClient.connect(RedisClient.java:219) ~[lettuce-core-6.4.1.RELEASE.jar:6.4.1.RELEASE/08096cf]
	at org.springframework.data.redis.connection.lettuce.StandaloneConnectionProvider.lambda$getConnection$1(StandaloneConnectionProvider.java:112) ~[spring-data-redis-3.4.1.jar:3.4.1]
	at java.base/java.util.Optional.orElseGet(Optional.java:364) ~[na:na]
	at org.springframework.data.redis.connection.lettuce.StandaloneConnectionProvider.getConnection(StandaloneConnectionProvider.java:112) ~[spring-data-redis-3.4.1.jar:3.4.1]
	at org.springframework.data.redis.connection.lettuce.LettucePoolingConnectionProvider.lambda$getConnection$0(LettucePoolingConnectionProvider.java:93) ~[spring-data-redis-3.4.1.jar:3.4.1]
	at io.lettuce.core.support.ConnectionPoolSupport$RedisPooledObjectFactory.create(ConnectionPoolSupport.java:196) ~[lettuce-core-6.4.1.RELEASE.jar:6.4.1.RELEASE/08096cf]
	at io.lettuce.core.support.ConnectionPoolSupport$RedisPooledObjectFactory.create(ConnectionPoolSupport.java:186) ~[lettuce-core-6.4.1.RELEASE.jar:6.4.1.RELEASE/08096cf]
	at org.apache.commons.pool2.BasePooledObjectFactory.makeObject(BasePooledObjectFactory.java:71) ~[commons-pool2-2.12.0.jar:2.12.0]
	at org.apache.commons.pool2.impl.GenericObjectPool.create(GenericObjectPool.java:566) ~[commons-pool2-2.12.0.jar:2.12.0]
	at org.apache.commons.pool2.impl.GenericObjectPool.borrowObject(GenericObjectPool.java:306) ~[commons-pool2-2.12.0.jar:2.12.0]
	at org.apache.commons.pool2.impl.GenericObjectPool.borrowObject(GenericObjectPool.java:233) ~[commons-pool2-2.12.0.jar:2.12.0]
	at io.lettuce.core.support.ConnectionPoolSupport$1.borrowObject(ConnectionPoolSupport.java:107) ~[lettuce-core-6.4.1.RELEASE.jar:6.4.1.RELEASE/08096cf]
	at io.lettuce.core.support.ConnectionPoolSupport$1.borrowObject(ConnectionPoolSupport.java:102) ~[lettuce-core-6.4.1.RELEASE.jar:6.4.1.RELEASE/08096cf]
	at org.springframework.data.redis.connection.lettuce.LettucePoolingConnectionProvider.getConnection(LettucePoolingConnectionProvider.java:99) ~[spring-data-redis-3.4.1.jar:3.4.1]
	... 17 common frames omitted
Caused by: io.netty.channel.AbstractChannel$AnnotatedConnectException: Connection refused: getsockopt: localhost/127.0.0.1:6379
Caused by: java.net.ConnectException: Connection refused: getsockopt
	at java.base/sun.nio.ch.Net.pollConnect(Native Method) ~[na:na]
	at java.base/sun.nio.ch.Net.pollConnectNow(Net.java:682) ~[na:na]
	at java.base/sun.nio.ch.SocketChannelImpl.finishConnect(SocketChannelImpl.java:973) ~[na:na]
	at io.netty.channel.socket.nio.NioSocketChannel.doFinishConnect(NioSocketChannel.java:336) ~[netty-transport-4.1.116.Final.jar:4.1.116.Final]
	at io.netty.channel.nio.AbstractNioChannel$AbstractNioUnsafe.finishConnect(AbstractNioChannel.java:339) ~[netty-transport-4.1.116.Final.jar:4.1.116.Final]
	at io.netty.channel.nio.NioEventLoop.processSelectedKey(NioEventLoop.java:776) ~[netty-transport-4.1.116.Final.jar:4.1.116.Final]
	at io.netty.channel.nio.NioEventLoop.processSelectedKeysOptimized(NioEventLoop.java:724) ~[netty-transport-4.1.116.Final.jar:4.1.116.Final]
	at io.netty.channel.nio.NioEventLoop.processSelectedKeys(NioEventLoop.java:650) ~[netty-transport-4.1.116.Final.jar:4.1.116.Final]
	at io.netty.channel.nio.NioEventLoop.run(NioEventLoop.java:562) ~[netty-transport-4.1.116.Final.jar:4.1.116.Final]
	at io.netty.util.concurrent.SingleThreadEventExecutor$4.run(SingleThreadEventExecutor.java:997) ~[netty-common-4.1.116.Final.jar:4.1.116.Final]
	at io.netty.util.internal.ThreadExecutorMap$2.run(ThreadExecutorMap.java:74) ~[netty-common-4.1.116.Final.jar:4.1.116.Final]
	at io.netty.util.concurrent.FastThreadLocalRunnable.run(FastThreadLocalRunnable.java:30) ~[netty-common-4.1.116.Final.jar:4.1.116.Final]
	at java.base/java.lang.Thread.run(Thread.java:1583) ~[na:na]

2026-01-25T11:54:30.990+05:30  WARN 15296 --- [SpiderSync] [HikariPool-1 housekeeper] com.zaxxer.hikari.pool.HikariPool        : HikariPool-1 - Thread starvation or clock leap detected (housekeeper delta=1h15m12s821ms678µs700ns).
2026-01-25T11:55:03.034+05:30  INFO 15296 --- [SpiderSync] [SpringApplicationShutdownHook] o.s.b.w.e.tomcat.GracefulShutdown        : Commencing graceful shutdown. Waiting for active requests to complete
2026-01-25T11:55:03.051+05:30  INFO 15296 --- [SpiderSync] [tomcat-shutdown] o.s.b.w.e.tomcat.GracefulShutdown        : Graceful shutdown complete
2026-01-25T11:55:03.095+05:30  INFO 15296 --- [SpiderSync] [SpringApplicationShutdownHook] j.LocalContainerEntityManagerFactoryBean : Closing JPA EntityManagerFactory for persistence unit 'default'
2026-01-25T11:55:03.096+05:30  INFO 15296 --- [SpiderSync] [SpringApplicationShutdownHook] com.zaxxer.hikari.HikariDataSource       : HikariPool-1 - Shutdown initiated...
2026-01-25T11:55:03.102+05:30  INFO 15296 --- [SpiderSync] [SpringApplicationShutdownHook] com.zaxxer.hikari.HikariDataSource       : HikariPool-1 - Shutdown completed.
2026-01-25T11:56:25.061+05:30  INFO 24096 --- [SpiderSync] [restartedMain] c.P.SpiderSync.SpiderSyncApplication     : Starting SpiderSyncApplication using Java 21.0.9 with PID 24096 (C:\Users\LOQ\SpiderSync\target\classes started by annki in C:\Users\LOQ\SpiderSync)
2026-01-25T11:56:25.064+05:30 DEBUG 24096 --- [SpiderSync] [restartedMain] c.P.SpiderSync.SpiderSyncApplication     : Running with Spring Boot v3.4.1, Spring v6.2.1
2026-01-25T11:56:25.064+05:30  INFO 24096 --- [SpiderSync] [restartedMain] c.P.SpiderSync.SpiderSyncApplication     : No active profile set, falling back to 1 default profile: "default"
2026-01-25T11:56:25.117+05:30  INFO 24096 --- [SpiderSync] [restartedMain] o.s.b.devtools.restart.ChangeableUrls    : The Class-Path manifest attribute in C:\Users\LOQ\.m2\repository\org\apache\opennlp\opennlp-tools\2.3.1\opennlp-tools-2.3.1.jar referenced one or more files that do not exist: file:/C:/Users/LOQ/.m2/repository/org/apache/opennlp/opennlp-tools/2.3.1/slf4j-api-1.7.36.jar
2026-01-25T11:56:25.118+05:30  INFO 24096 --- [SpiderSync] [restartedMain] .e.DevToolsPropertyDefaultsPostProcessor : Devtools property defaults active! Set 'spring.devtools.add-properties' to 'false' to disable
2026-01-25T11:56:25.118+05:30  INFO 24096 --- [SpiderSync] [restartedMain] .e.DevToolsPropertyDefaultsPostProcessor : For additional web related logging consider setting the 'logging.level.web' property to 'DEBUG'
2026-01-25T11:56:27.312+05:30  INFO 24096 --- [SpiderSync] [restartedMain] .s.d.r.c.RepositoryConfigurationDelegate : Multiple Spring Data modules found, entering strict repository configuration mode
2026-01-25T11:56:27.314+05:30  INFO 24096 --- [SpiderSync] [restartedMain] .s.d.r.c.RepositoryConfigurationDelegate : Bootstrapping Spring Data JPA repositories in DEFAULT mode.
2026-01-25T11:56:27.513+05:30  INFO 24096 --- [SpiderSync] [restartedMain] .s.d.r.c.RepositoryConfigurationDelegate : Finished Spring Data repository scanning in 186 ms. Found 4 JPA repository interfaces.
2026-01-25T11:56:27.535+05:30  INFO 24096 --- [SpiderSync] [restartedMain] .s.d.r.c.RepositoryConfigurationDelegate : Multiple Spring Data modules found, entering strict repository configuration mode
2026-01-25T11:56:27.537+05:30  INFO 24096 --- [SpiderSync] [restartedMain] .s.d.r.c.RepositoryConfigurationDelegate : Bootstrapping Spring Data Redis repositories in DEFAULT mode.
2026-01-25T11:56:27.564+05:30  INFO 24096 --- [SpiderSync] [restartedMain] .RepositoryConfigurationExtensionSupport : Spring Data Redis - Could not safely identify store assignment for repository candidate interface com.Project.SpiderSync.repositories.CrawlJobRepository; If you want this repository to be a Redis repository, consider annotating your entities with one of these annotations: org.springframework.data.redis.core.RedisHash (preferred), or consider extending one of the following types with your repository: org.springframework.data.keyvalue.repository.KeyValueRepository
2026-01-25T11:56:27.564+05:30  INFO 24096 --- [SpiderSync] [restartedMain] .RepositoryConfigurationExtensionSupport : Spring Data Redis - Could not safely identify store assignment for repository candidate interface com.Project.SpiderSync.repositories.PageRepository; If you want this repository to be a Redis repository, consider annotating your entities with one of these annotations: org.springframework.data.redis.core.RedisHash (preferred), or consider extending one of the following types with your repository: org.springframework.data.keyvalue.repository.KeyValueRepository
2026-01-25T11:56:27.565+05:30  INFO 24096 --- [SpiderSync] [restartedMain] .RepositoryConfigurationExtensionSupport : Spring Data Redis - Could not safely identify store assignment for repository candidate interface com.Project.SpiderSync.repositories.SearchQueryRepository; If you want this repository to be a Redis repository, consider annotating your entities with one of these annotations: org.springframework.data.redis.core.RedisHash (preferred), or consider extending one of the following types with your repository: org.springframework.data.keyvalue.repository.KeyValueRepository
2026-01-25T11:56:27.565+05:30  INFO 24096 --- [SpiderSync] [restartedMain] .RepositoryConfigurationExtensionSupport : Spring Data Redis - Could not safely identify store assignment for repository candidate interface com.Project.SpiderSync.repositories.UserRepository; If you want this repository to be a Redis repository, consider annotating your entities with one of these annotations: org.springframework.data.redis.core.RedisHash (preferred), or consider extending one of the following types with your repository: org.springframework.data.keyvalue.repository.KeyValueRepository
2026-01-25T11:56:27.565+05:30  INFO 24096 --- [SpiderSync] [restartedMain] .s.d.r.c.RepositoryConfigurationDelegate : Finished Spring Data repository scanning in 15 ms. Found 0 Redis repository interfaces.
2026-01-25T11:56:28.925+05:30  INFO 24096 --- [SpiderSync] [restartedMain] o.s.b.w.embedded.tomcat.TomcatWebServer  : Tomcat initialized with port 8081 (http)
2026-01-25T11:56:28.941+05:30  INFO 24096 --- [SpiderSync] [restartedMain] o.apache.catalina.core.StandardService   : Starting service [Tomcat]
2026-01-25T11:56:28.941+05:30  INFO 24096 --- [SpiderSync] [restartedMain] o.apache.catalina.core.StandardEngine    : Starting Servlet engine: [Apache Tomcat/10.1.34]
2026-01-25T11:56:29.043+05:30  INFO 24096 --- [SpiderSync] [restartedMain] o.a.c.c.C.[Tomcat].[localhost].[/]       : Initializing Spring embedded WebApplicationContext
2026-01-25T11:56:29.044+05:30  INFO 24096 --- [SpiderSync] [restartedMain] w.s.c.ServletWebServerApplicationContext : Root WebApplicationContext: initialization completed in 3925 ms
2026-01-25T11:56:29.648+05:30  INFO 24096 --- [SpiderSync] [restartedMain] com.zaxxer.hikari.HikariDataSource       : HikariPool-1 - Starting...
2026-01-25T11:56:31.315+05:30 ERROR 24096 --- [SpiderSync] [restartedMain] o.s.b.web.embedded.tomcat.TomcatStarter  : Error starting Tomcat context. Exception: org.springframework.beans.factory.UnsatisfiedDependencyException. Message: Error creating bean with name 'jwtAuthenticationFilter' defined in file [C:\Users\LOQ\SpiderSync\target\classes\com\Project\SpiderSync\security\JwtAuthenticationFilter.class]: Unsatisfied dependency expressed through constructor parameter 1: Error creating bean with name 'customUserDetailsService' defined in file [C:\Users\LOQ\SpiderSync\target\classes\com\Project\SpiderSync\security\CustomUserDetailsService.class]: Unsatisfied dependency expressed through constructor parameter 0: Error creating bean with name 'userRepository' defined in com.Project.SpiderSync.repositories.UserRepository defined in @EnableJpaRepositories declared on JpaRepositoriesRegistrar.EnableJpaRepositoriesConfiguration: Cannot resolve reference to bean 'jpaSharedEM_entityManagerFactory' while setting bean property 'entityManager'
2026-01-25T11:56:31.345+05:30  INFO 24096 --- [SpiderSync] [restartedMain] o.apache.catalina.core.StandardService   : Stopping service [Tomcat]
2026-01-25T11:56:31.350+05:30  WARN 24096 --- [SpiderSync] [restartedMain] ConfigServletWebServerApplicationContext : Exception encountered during context initialization - cancelling refresh attempt: org.springframework.context.ApplicationContextException: Unable to start web server
2026-01-25T11:56:31.371+05:30  INFO 24096 --- [SpiderSync] [restartedMain] .s.b.a.l.ConditionEvaluationReportLogger : 

Error starting ApplicationContext. To display the condition evaluation report re-run your application with 'debug' enabled.
2026-01-25T11:56:31.398+05:30 ERROR 24096 --- [SpiderSync] [restartedMain] o.s.boot.SpringApplication               : Application run failed

org.springframework.context.ApplicationContextException: Unable to start web server
	at org.springframework.boot.web.servlet.context.ServletWebServerApplicationContext.onRefresh(ServletWebServerApplicationContext.java:165) ~[spring-boot-3.4.1.jar:3.4.1]
	at org.springframework.context.support.AbstractApplicationContext.refresh(AbstractApplicationContext.java:621) ~[spring-context-6.2.1.jar:6.2.1]
	at org.springframework.boot.web.servlet.context.ServletWebServerApplicationContext.refresh(ServletWebServerApplicationContext.java:146) ~[spring-boot-3.4.1.jar:3.4.1]
	at org.springframework.boot.SpringApplication.refresh(SpringApplication.java:752) ~[spring-boot-3.4.1.jar:3.4.1]
	at org.springframework.boot.SpringApplication.refreshContext(SpringApplication.java:439) ~[spring-boot-3.4.1.jar:3.4.1]
	at org.springframework.boot.SpringApplication.run(SpringApplication.java:318) ~[spring-boot-3.4.1.jar:3.4.1]
	at org.springframework.boot.SpringApplication.run(SpringApplication.java:1361) ~[spring-boot-3.4.1.jar:3.4.1]
	at org.springframework.boot.SpringApplication.run(SpringApplication.java:1350) ~[spring-boot-3.4.1.jar:3.4.1]
	at com.Project.SpiderSync.SpiderSyncApplication.main(SpiderSyncApplication.java:10) ~[classes/:na]
	at java.base/jdk.internal.reflect.DirectMethodHandleAccessor.invoke(DirectMethodHandleAccessor.java:103) ~[na:na]
	at java.base/java.lang.reflect.Method.invoke(Method.java:580) ~[na:na]
	at org.springframework.boot.devtools.restart.RestartLauncher.run(RestartLauncher.java:50) ~[spring-boot-devtools-3.4.1.jar:3.4.1]
Caused by: org.springframework.boot.web.server.WebServerException: Unable to start embedded Tomcat
	at org.springframework.boot.web.embedded.tomcat.TomcatWebServer.initialize(TomcatWebServer.java:147) ~[spring-boot-3.4.1.jar:3.4.1]
	at org.springframework.boot.web.embedded.tomcat.TomcatWebServer.<init>(TomcatWebServer.java:107) ~[spring-boot-3.4.1.jar:3.4.1]
	at org.springframework.boot.web.embedded.tomcat.TomcatServletWebServerFactory.getTomcatWebServer(TomcatServletWebServerFactory.java:516) ~[spring-boot-3.4.1.jar:3.4.1]
	at org.springframework.boot.web.embedded.tomcat.TomcatServletWebServerFactory.getWebServer(TomcatServletWebServerFactory.java:222) ~[spring-boot-3.4.1.jar:3.4.1]
	at org.springframework.boot.web.servlet.context.ServletWebServerApplicationContext.createWebServer(ServletWebServerApplicationContext.java:188) ~[spring-boot-3.4.1.jar:3.4.1]
	at org.springframework.boot.web.servlet.context.ServletWebServerApplicationContext.onRefresh(ServletWebServerApplicationContext.java:162) ~[spring-boot-3.4.1.jar:3.4.1]
	... 11 common frames omitted
Caused by: org.springframework.beans.factory.UnsatisfiedDependencyException: Error creating bean with name 'jwtAuthenticationFilter' defined in file [C:\Users\LOQ\SpiderSync\target\classes\com\Project\SpiderSync\security\JwtAuthenticationFilter.class]: Unsatisfied dependency expressed through constructor parameter 1: Error creating bean with name 'customUserDetailsService' defined in file [C:\Users\LOQ\SpiderSync\target\classes\com\Project\SpiderSync\security\CustomUserDetailsService.class]: Unsatisfied dependency expressed through constructor parameter 0: Error creating bean with name 'userRepository' defined in com.Project.SpiderSync.repositories.UserRepository defined in @EnableJpaRepositories declared on JpaRepositoriesRegistrar.EnableJpaRepositoriesConfiguration: Cannot resolve reference to bean 'jpaSharedEM_entityManagerFactory' while setting bean property 'entityManager'
	at org.springframework.beans.factory.support.ConstructorResolver.createArgumentArray(ConstructorResolver.java:804) ~[spring-beans-6.2.1.jar:6.2.1]
	at org.springframework.beans.factory.support.ConstructorResolver.autowireConstructor(ConstructorResolver.java:240) ~[spring-beans-6.2.1.jar:6.2.1]
	at org.springframework.beans.factory.support.AbstractAutowireCapableBeanFactory.autowireConstructor(AbstractAutowireCapableBeanFactory.java:1377) ~[spring-beans-6.2.1.jar:6.2.1]
	at org.springframework.beans.factory.support.AbstractAutowireCapableBeanFactory.createBeanInstance(AbstractAutowireCapableBeanFactory.java:1214) ~[spring-beans-6.2.1.jar:6.2.1]
	at org.springframework.beans.factory.support.AbstractAutowireCapableBeanFactory.doCreateBean(AbstractAutowireCapableBeanFactory.java:563) ~[spring-beans-6.2.1.jar:6.2.1]
	at org.springframework.beans.factory.support.AbstractAutowireCapableBeanFactory.createBean(AbstractAutowireCapableBeanFactory.java:523) ~[spring-beans-6.2.1.jar:6.2.1]
	at org.springframework.beans.factory.support.AbstractBeanFactory.lambda$doGetBean$0(AbstractBeanFactory.java:336) ~[spring-beans-6.2.1.jar:6.2.1]
	at org.springframework.beans.factory.support.DefaultSingletonBeanRegistry.getSingleton(DefaultSingletonBeanRegistry.java:289) ~[spring-beans-6.2.1.jar:6.2.1]
	at org.springframework.beans.factory.support.AbstractBeanFactory.doGetBean(AbstractBeanFactory.java:334) ~[spring-beans-6.2.1.jar:6.2.1]
	at org.springframework.beans.factory.support.AbstractBeanFactory.getBean(AbstractBeanFactory.java:204) ~[spring-beans-6.2.1.jar:6.2.1]
	at org.springframework.boot.web.servlet.ServletContextInitializerBeans.getOrderedBeansOfType(ServletContextInitializerBeans.java:211) ~[spring-boot-3.4.1.jar:3.4.1]
	at org.springframework.boot.web.servlet.ServletContextInitializerBeans.addAsRegistrationBean(ServletContextInitializerBeans.java:174) ~[spring-boot-3.4.1.jar:3.4.1]
	at org.springframework.boot.web.servlet.ServletContextInitializerBeans.addAsRegistrationBean(ServletContextInitializerBeans.java:169) ~[spring-boot-3.4.1.jar:3.4.1]
	at org.springframework.boot.web.servlet.ServletContextInitializerBeans.addAdaptableBeans(ServletContextInitializerBeans.java:154) ~[spring-boot-3.4.1.jar:3.4.1]
	at org.springframework.boot.web.servlet.ServletContextInitializerBeans.<init>(ServletContextInitializerBeans.java:87) ~[spring-boot-3.4.1.jar:3.4.1]
	at org.springframework.boot.web.servlet.context.ServletWebServerApplicationContext.getServletContextInitializerBeans(ServletWebServerApplicationContext.java:266) ~[spring-boot-3.4.1.jar:3.4.1]
	at org.springframework.boot.web.servlet.context.ServletWebServerApplicationContext.selfInitialize(ServletWebServerApplicationContext.java:240) ~[spring-boot-3.4.1.jar:3.4.1]
	at org.springframework.boot.web.embedded.tomcat.TomcatStarter.onStartup(TomcatStarter.java:52) ~[spring-boot-3.4.1.jar:3.4.1]
	at org.apache.catalina.core.StandardContext.startInternal(StandardContext.java:4426) ~[tomcat-embed-core-10.1.34.jar:10.1.34]
	at org.apache.catalina.util.LifecycleBase.start(LifecycleBase.java:164) ~[tomcat-embed-core-10.1.34.jar:10.1.34]
	at org.apache.catalina.core.ContainerBase$StartChild.call(ContainerBase.java:1203) ~[tomcat-embed-core-10.1.34.jar:10.1.34]
	at org.apache.catalina.core.ContainerBase$StartChild.call(ContainerBase.java:1193) ~[tomcat-embed-core-10.1.34.jar:10.1.34]
	at java.base/java.util.concurrent.FutureTask.run(FutureTask.java:317) ~[na:na]
	at org.apache.tomcat.util.threads.InlineExecutorService.execute(InlineExecutorService.java:75) ~[tomcat-embed-core-10.1.34.jar:10.1.34]
	at java.base/java.util.concurrent.AbstractExecutorService.submit(AbstractExecutorService.java:145) ~[na:na]
	at org.apache.catalina.core.ContainerBase.startInternal(ContainerBase.java:749) ~[tomcat-embed-core-10.1.34.jar:10.1.34]
	at org.apache.catalina.core.StandardHost.startInternal(StandardHost.java:772) ~[tomcat-embed-core-10.1.34.jar:10.1.34]
	at org.apache.catalina.util.LifecycleBase.start(LifecycleBase.java:164) ~[tomcat-embed-core-10.1.34.jar:10.1.34]
	at org.apache.catalina.core.ContainerBase$StartChild.call(ContainerBase.java:1203) ~[tomcat-embed-core-10.1.34.jar:10.1.34]
	at org.apache.catalina.core.ContainerBase$StartChild.call(ContainerBase.java:1193) ~[tomcat-embed-core-10.1.34.jar:10.1.34]
	at java.base/java.util.concurrent.FutureTask.run(FutureTask.java:317) ~[na:na]
	at org.apache.tomcat.util.threads.InlineExecutorService.execute(InlineExecutorService.java:75) ~[tomcat-embed-core-10.1.34.jar:10.1.34]
	at java.base/java.util.concurrent.AbstractExecutorService.submit(AbstractExecutorService.java:145) ~[na:na]
	at org.apache.catalina.core.ContainerBase.startInternal(ContainerBase.java:749) ~[tomcat-embed-core-10.1.34.jar:10.1.34]
	at org.apache.catalina.core.StandardEngine.startInternal(StandardEngine.java:203) ~[tomcat-embed-core-10.1.34.jar:10.1.34]
	at org.apache.catalina.util.LifecycleBase.start(LifecycleBase.java:164) ~[tomcat-embed-core-10.1.34.jar:10.1.34]
	at org.apache.catalina.core.StandardService.startInternal(StandardService.java:415) ~[tomcat-embed-core-10.1.34.jar:10.1.34]
	at org.apache.catalina.util.LifecycleBase.start(LifecycleBase.java:164) ~[tomcat-embed-core-10.1.34.jar:10.1.34]
	at org.apache.catalina.core.StandardServer.startInternal(StandardServer.java:870) ~[tomcat-embed-core-10.1.34.jar:10.1.34]
	at org.apache.catalina.util.LifecycleBase.start(LifecycleBase.java:164) ~[tomcat-embed-core-10.1.34.jar:10.1.34]
	at org.apache.catalina.startup.Tomcat.start(Tomcat.java:437) ~[tomcat-embed-core-10.1.34.jar:10.1.34]
	at org.springframework.boot.web.embedded.tomcat.TomcatWebServer.initialize(TomcatWebServer.java:128) ~[spring-boot-3.4.1.jar:3.4.1]
	... 16 common frames omitted
Caused by: org.springframework.beans.factory.UnsatisfiedDependencyException: Error creating bean with name 'customUserDetailsService' defined in file [C:\Users\LOQ\SpiderSync\target\classes\com\Project\SpiderSync\security\CustomUserDetailsService.class]: Unsatisfied dependency expressed through constructor parameter 0: Error creating bean with name 'userRepository' defined in com.Project.SpiderSync.repositories.UserRepository defined in @EnableJpaRepositories declared on JpaRepositoriesRegistrar.EnableJpaRepositoriesConfiguration: Cannot resolve reference to bean 'jpaSharedEM_entityManagerFactory' while setting bean property 'entityManager'
	at org.springframework.beans.factory.support.ConstructorResolver.createArgumentArray(ConstructorResolver.java:804) ~[spring-beans-6.2.1.jar:6.2.1]
	at org.springframework.beans.factory.support.ConstructorResolver.autowireConstructor(ConstructorResolver.java:240) ~[spring-beans-6.2.1.jar:6.2.1]
	at org.springframework.beans.factory.support.AbstractAutowireCapableBeanFactory.autowireConstructor(AbstractAutowireCapableBeanFactory.java:1377) ~[spring-beans-6.2.1.jar:6.2.1]
	at org.springframework.beans.factory.support.AbstractAutowireCapableBeanFactory.createBeanInstance(AbstractAutowireCapableBeanFactory.java:1214) ~[spring-beans-6.2.1.jar:6.2.1]
	at org.springframework.beans.factory.support.AbstractAutowireCapableBeanFactory.doCreateBean(AbstractAutowireCapableBeanFactory.java:563) ~[spring-beans-6.2.1.jar:6.2.1]
	at org.springframework.beans.factory.support.AbstractAutowireCapableBeanFactory.createBean(AbstractAutowireCapableBeanFactory.java:523) ~[spring-beans-6.2.1.jar:6.2.1]
	at org.springframework.beans.factory.support.AbstractBeanFactory.lambda$doGetBean$0(AbstractBeanFactory.java:336) ~[spring-beans-6.2.1.jar:6.2.1]
	at org.springframework.beans.factory.support.DefaultSingletonBeanRegistry.getSingleton(DefaultSingletonBeanRegistry.java:289) ~[spring-beans-6.2.1.jar:6.2.1]
	at org.springframework.beans.factory.support.AbstractBeanFactory.doGetBean(AbstractBeanFactory.java:334) ~[spring-beans-6.2.1.jar:6.2.1]
	at org.springframework.beans.factory.support.AbstractBeanFactory.getBean(AbstractBeanFactory.java:199) ~[spring-beans-6.2.1.jar:6.2.1]
	at org.springframework.beans.factory.config.DependencyDescriptor.resolveCandidate(DependencyDescriptor.java:254) ~[spring-beans-6.2.1.jar:6.2.1]
	at org.springframework.beans.factory.support.DefaultListableBeanFactory.doResolveDependency(DefaultListableBeanFactory.java:1631) ~[spring-beans-6.2.1.jar:6.2.1]
	at org.springframework.beans.factory.support.DefaultListableBeanFactory.resolveDependency(DefaultListableBeanFactory.java:1519) ~[spring-beans-6.2.1.jar:6.2.1]
	at org.springframework.beans.factory.support.ConstructorResolver.resolveAutowiredArgument(ConstructorResolver.java:913) ~[spring-beans-6.2.1.jar:6.2.1]
	at org.springframework.beans.factory.support.ConstructorResolver.createArgumentArray(ConstructorResolver.java:791) ~[spring-beans-6.2.1.jar:6.2.1]
	... 57 common frames omitted
Caused by: org.springframework.beans.factory.BeanCreationException: Error creating bean with name 'userRepository' defined in com.Project.SpiderSync.repositories.UserRepository defined in @EnableJpaRepositories declared on JpaRepositoriesRegistrar.EnableJpaRepositoriesConfiguration: Cannot resolve reference to bean 'jpaSharedEM_entityManagerFactory' while setting bean property 'entityManager'
	at org.springframework.beans.factory.support.BeanDefinitionValueResolver.resolveReference(BeanDefinitionValueResolver.java:377) ~[spring-beans-6.2.1.jar:6.2.1]
	at org.springframework.beans.factory.support.BeanDefinitionValueResolver.resolveValueIfNecessary(BeanDefinitionValueResolver.java:135) ~[spring-beans-6.2.1.jar:6.2.1]
	at org.springframework.beans.factory.support.AbstractAutowireCapableBeanFactory.applyPropertyValues(AbstractAutowireCapableBeanFactory.java:1707) ~[spring-beans-6.2.1.jar:6.2.1]
	at org.springframework.beans.factory.support.AbstractAutowireCapableBeanFactory.populateBean(AbstractAutowireCapableBeanFactory.java:1456) ~[spring-beans-6.2.1.jar:6.2.1]
	at org.springframework.beans.factory.support.AbstractAutowireCapableBeanFactory.doCreateBean(AbstractAutowireCapableBeanFactory.java:600) ~[spring-beans-6.2.1.jar:6.2.1]
	at org.springframework.beans.factory.support.AbstractAutowireCapableBeanFactory.createBean(AbstractAutowireCapableBeanFactory.java:523) ~[spring-beans-6.2.1.jar:6.2.1]
	at org.springframework.beans.factory.support.AbstractBeanFactory.lambda$doGetBean$0(AbstractBeanFactory.java:336) ~[spring-beans-6.2.1.jar:6.2.1]
	at org.springframework.beans.factory.support.DefaultSingletonBeanRegistry.getSingleton(DefaultSingletonBeanRegistry.java:289) ~[spring-beans-6.2.1.jar:6.2.1]
	at org.springframework.beans.factory.support.AbstractBeanFactory.doGetBean(AbstractBeanFactory.java:334) ~[spring-beans-6.2.1.jar:6.2.1]
	at org.springframework.beans.factory.support.AbstractBeanFactory.getBean(AbstractBeanFactory.java:199) ~[spring-beans-6.2.1.jar:6.2.1]
	at org.springframework.beans.factory.support.DefaultListableBeanFactory.doResolveDependency(DefaultListableBeanFactory.java:1573) ~[spring-beans-6.2.1.jar:6.2.1]
	at org.springframework.beans.factory.support.DefaultListableBeanFactory.resolveDependency(DefaultListableBeanFactory.java:1519) ~[spring-beans-6.2.1.jar:6.2.1]
	at org.springframework.beans.factory.support.ConstructorResolver.resolveAutowiredArgument(ConstructorResolver.java:913) ~[spring-beans-6.2.1.jar:6.2.1]
	at org.springframework.beans.factory.support.ConstructorResolver.createArgumentArray(ConstructorResolver.java:791) ~[spring-beans-6.2.1.jar:6.2.1]
	... 71 common frames omitted
Caused by: org.springframework.beans.factory.BeanCreationException: Error creating bean with name 'jpaSharedEM_entityManagerFactory': Cannot resolve reference to bean 'entityManagerFactory' while setting constructor argument
	at org.springframework.beans.factory.support.BeanDefinitionValueResolver.resolveReference(BeanDefinitionValueResolver.java:377) ~[spring-beans-6.2.1.jar:6.2.1]
	at org.springframework.beans.factory.support.BeanDefinitionValueResolver.resolveValueIfNecessary(BeanDefinitionValueResolver.java:135) ~[spring-beans-6.2.1.jar:6.2.1]
	at org.springframework.beans.factory.support.ConstructorResolver.resolveConstructorArguments(ConstructorResolver.java:691) ~[spring-beans-6.2.1.jar:6.2.1]
	at org.springframework.beans.factory.support.ConstructorResolver.instantiateUsingFactoryMethod(ConstructorResolver.java:513) ~[spring-beans-6.2.1.jar:6.2.1]
	at org.springframework.beans.factory.support.AbstractAutowireCapableBeanFactory.instantiateUsingFactoryMethod(AbstractAutowireCapableBeanFactory.java:1357) ~[spring-beans-6.2.1.jar:6.2.1]
	at org.springframework.beans.factory.support.AbstractAutowireCapableBeanFactory.createBeanInstance(AbstractAutowireCapableBeanFactory.java:1187) ~[spring-beans-6.2.1.jar:6.2.1]
	at org.springframework.beans.factory.support.AbstractAutowireCapableBeanFactory.doCreateBean(AbstractAutowireCapableBeanFactory.java:563) ~[spring-beans-6.2.1.jar:6.2.1]
	at org.springframework.beans.factory.support.AbstractAutowireCapableBeanFactory.createBean(AbstractAutowireCapableBeanFactory.java:523) ~[spring-beans-6.2.1.jar:6.2.1]
	at org.springframework.beans.factory.support.AbstractBeanFactory.lambda$doGetBean$0(AbstractBeanFactory.java:336) ~[spring-beans-6.2.1.jar:6.2.1]
	at org.springframework.beans.factory.support.DefaultSingletonBeanRegistry.getSingleton(DefaultSingletonBeanRegistry.java:289) ~[spring-beans-6.2.1.jar:6.2.1]
	at org.springframework.beans.factory.support.AbstractBeanFactory.doGetBean(AbstractBeanFactory.java:334) ~[spring-beans-6.2.1.jar:6.2.1]
	at org.springframework.beans.factory.support.AbstractBeanFactory.getBean(AbstractBeanFactory.java:199) ~[spring-beans-6.2.1.jar:6.2.1]
	at org.springframework.beans.factory.support.BeanDefinitionValueResolver.resolveReference(BeanDefinitionValueResolver.java:365) ~[spring-beans-6.2.1.jar:6.2.1]
	... 84 common frames omitted
Caused by: org.springframework.beans.factory.BeanCreationException: Error creating bean with name 'flywayInitializer' defined in class path resource [org/springframework/boot/autoconfigure/flyway/FlywayAutoConfiguration$FlywayConfiguration.class]: Unable to obtain connection from database: Access denied for user 'root'@'localhost' (using password: YES)
----------------------------------------------------------------------------------------------------------
SQL State  : 28000
Error Code : 1045
Message    : Access denied for user 'root'@'localhost' (using password: YES)

	at org.springframework.beans.factory.support.AbstractAutowireCapableBeanFactory.initializeBean(AbstractAutowireCapableBeanFactory.java:1808) ~[spring-beans-6.2.1.jar:6.2.1]
	at org.springframework.beans.factory.support.AbstractAutowireCapableBeanFactory.doCreateBean(AbstractAutowireCapableBeanFactory.java:601) ~[spring-beans-6.2.1.jar:6.2.1]
	at org.springframework.beans.factory.support.AbstractAutowireCapableBeanFactory.createBean(AbstractAutowireCapableBeanFactory.java:523) ~[spring-beans-6.2.1.jar:6.2.1]
	at org.springframework.beans.factory.support.AbstractBeanFactory.lambda$doGetBean$0(AbstractBeanFactory.java:336) ~[spring-beans-6.2.1.jar:6.2.1]
	at org.springframework.beans.factory.support.DefaultSingletonBeanRegistry.getSingleton(DefaultSingletonBeanRegistry.java:289) ~[spring-beans-6.2.1.jar:6.2.1]
	at org.springframework.beans.factory.support.AbstractBeanFactory.doGetBean(AbstractBeanFactory.java:334) ~[spring-beans-6.2.1.jar:6.2.1]
	at org.springframework.beans.factory.support.AbstractBeanFactory.getBean(AbstractBeanFactory.java:199) ~[spring-beans-6.2.1.jar:6.2.1]
	at org.springframework.beans.factory.support.AbstractBeanFactory.doGetBean(AbstractBeanFactory.java:312) ~[spring-beans-6.2.1.jar:6.2.1]
	at org.springframework.beans.factory.support.AbstractBeanFactory.getBean(AbstractBeanFactory.java:199) ~[spring-beans-6.2.1.jar:6.2.1]
	at org.springframework.beans.factory.support.BeanDefinitionValueResolver.resolveReference(BeanDefinitionValueResolver.java:365) ~[spring-beans-6.2.1.jar:6.2.1]
	... 96 common frames omitted
Caused by: org.flywaydb.core.internal.exception.FlywaySqlException: Unable to obtain connection from database: Access denied for user 'root'@'localhost' (using password: YES)
----------------------------------------------------------------------------------------------------------
SQL State  : 28000
Error Code : 1045
Message    : Access denied for user 'root'@'localhost' (using password: YES)

	at org.flywaydb.core.internal.jdbc.JdbcUtils.openConnection(JdbcUtils.java:71) ~[flyway-core-10.20.1.jar:na]
	at org.flywaydb.core.internal.jdbc.JdbcConnectionFactory.<init>(JdbcConnectionFactory.java:76) ~[flyway-core-10.20.1.jar:na]
	at org.flywaydb.core.FlywayExecutor.execute(FlywayExecutor.java:137) ~[flyway-core-10.20.1.jar:na]
	at org.flywaydb.core.Flyway.migrate(Flyway.java:176) ~[flyway-core-10.20.1.jar:na]
	at org.springframework.boot.autoconfigure.flyway.FlywayMigrationInitializer.afterPropertiesSet(FlywayMigrationInitializer.java:66) ~[spring-boot-autoconfigure-3.4.1.jar:3.4.1]
	at org.springframework.beans.factory.support.AbstractAutowireCapableBeanFactory.invokeInitMethods(AbstractAutowireCapableBeanFactory.java:1855) ~[spring-beans-6.2.1.jar:6.2.1]
	at org.springframework.beans.factory.support.AbstractAutowireCapableBeanFactory.initializeBean(AbstractAutowireCapableBeanFactory.java:1804) ~[spring-beans-6.2.1.jar:6.2.1]
	... 105 common frames omitted
Caused by: java.sql.SQLException: Access denied for user 'root'@'localhost' (using password: YES)
	at com.mysql.cj.jdbc.exceptions.SQLError.createSQLException(SQLError.java:121) ~[mysql-connector-j-9.1.0.jar:9.1.0]
	at com.mysql.cj.jdbc.exceptions.SQLExceptionsMapping.translateException(SQLExceptionsMapping.java:114) ~[mysql-connector-j-9.1.0.jar:9.1.0]
	at com.mysql.cj.jdbc.ConnectionImpl.createNewIO(ConnectionImpl.java:837) ~[mysql-connector-j-9.1.0.jar:9.1.0]
	at com.mysql.cj.jdbc.ConnectionImpl.<init>(ConnectionImpl.java:420) ~[mysql-connector-j-9.1.0.jar:9.1.0]
	at com.mysql.cj.jdbc.ConnectionImpl.getInstance(ConnectionImpl.java:238) ~[mysql-connector-j-9.1.0.jar:9.1.0]
	at com.mysql.cj.jdbc.NonRegisteringDriver.connect(NonRegisteringDriver.java:180) ~[mysql-connector-j-9.1.0.jar:9.1.0]
	at com.zaxxer.hikari.util.DriverDataSource.getConnection(DriverDataSource.java:137) ~[HikariCP-5.1.0.jar:na]
	at com.zaxxer.hikari.pool.PoolBase.newConnection(PoolBase.java:360) ~[HikariCP-5.1.0.jar:na]
	at com.zaxxer.hikari.pool.PoolBase.newPoolEntry(PoolBase.java:202) ~[HikariCP-5.1.0.jar:na]
	at com.zaxxer.hikari.pool.HikariPool.createPoolEntry(HikariPool.java:461) ~[HikariCP-5.1.0.jar:na]
	at com.zaxxer.hikari.pool.HikariPool.checkFailFast(HikariPool.java:550) ~[HikariCP-5.1.0.jar:na]
	at com.zaxxer.hikari.pool.HikariPool.<init>(HikariPool.java:98) ~[HikariCP-5.1.0.jar:na]
	at com.zaxxer.hikari.HikariDataSource.getConnection(HikariDataSource.java:111) ~[HikariCP-5.1.0.jar:na]
	at org.flywaydb.core.internal.jdbc.JdbcUtils.openConnection(JdbcUtils.java:59) ~[flyway-core-10.20.1.jar:na]
	... 111 common frames omitted

2026-01-25T12:06:09.241+05:30  INFO 1208 --- [SpiderSync] [restartedMain] c.P.SpiderSync.SpiderSyncApplication     : Starting SpiderSyncApplication using Java 21.0.9 with PID 1208 (C:\Users\LOQ\SpiderSync\target\classes started by annki in C:\Users\LOQ\SpiderSync)
2026-01-25T12:06:09.244+05:30 DEBUG 1208 --- [SpiderSync] [restartedMain] c.P.SpiderSync.SpiderSyncApplication     : Running with Spring Boot v3.4.1, Spring v6.2.1
2026-01-25T12:06:09.245+05:30  INFO 1208 --- [SpiderSync] [restartedMain] c.P.SpiderSync.SpiderSyncApplication     : No active profile set, falling back to 1 default profile: "default"
2026-01-25T12:06:09.309+05:30  INFO 1208 --- [SpiderSync] [restartedMain] o.s.b.devtools.restart.ChangeableUrls    : The Class-Path manifest attribute in C:\Users\LOQ\.m2\repository\org\apache\opennlp\opennlp-tools\2.3.1\opennlp-tools-2.3.1.jar referenced one or more files that do not exist: file:/C:/Users/LOQ/.m2/repository/org/apache/opennlp/opennlp-tools/2.3.1/slf4j-api-1.7.36.jar
2026-01-25T12:06:09.309+05:30  INFO 1208 --- [SpiderSync] [restartedMain] .e.DevToolsPropertyDefaultsPostProcessor : Devtools property defaults active! Set 'spring.devtools.add-properties' to 'false' to disable
2026-01-25T12:06:09.309+05:30  INFO 1208 --- [SpiderSync] [restartedMain] .e.DevToolsPropertyDefaultsPostProcessor : For additional web related logging consider setting the 'logging.level.web' property to 'DEBUG'
2026-01-25T12:06:13.257+05:30  INFO 1208 --- [SpiderSync] [restartedMain] .s.d.r.c.RepositoryConfigurationDelegate : Multiple Spring Data modules found, entering strict repository configuration mode
2026-01-25T12:06:13.261+05:30  INFO 1208 --- [SpiderSync] [restartedMain] .s.d.r.c.RepositoryConfigurationDelegate : Bootstrapping Spring Data JPA repositories in DEFAULT mode.
2026-01-25T12:06:13.706+05:30  INFO 1208 --- [SpiderSync] [restartedMain] .s.d.r.c.RepositoryConfigurationDelegate : Finished Spring Data repository scanning in 425 ms. Found 4 JPA repository interfaces.
2026-01-25T12:06:13.743+05:30  INFO 1208 --- [SpiderSync] [restartedMain] .s.d.r.c.RepositoryConfigurationDelegate : Multiple Spring Data modules found, entering strict repository configuration mode
2026-01-25T12:06:13.745+05:30  INFO 1208 --- [SpiderSync] [restartedMain] .s.d.r.c.RepositoryConfigurationDelegate : Bootstrapping Spring Data Redis repositories in DEFAULT mode.
2026-01-25T12:06:13.790+05:30  INFO 1208 --- [SpiderSync] [restartedMain] .RepositoryConfigurationExtensionSupport : Spring Data Redis - Could not safely identify store assignment for repository candidate interface com.Project.SpiderSync.repositories.CrawlJobRepository; If you want this repository to be a Redis repository, consider annotating your entities with one of these annotations: org.springframework.data.redis.core.RedisHash (preferred), or consider extending one of the following types with your repository: org.springframework.data.keyvalue.repository.KeyValueRepository
2026-01-25T12:06:13.792+05:30  INFO 1208 --- [SpiderSync] [restartedMain] .RepositoryConfigurationExtensionSupport : Spring Data Redis - Could not safely identify store assignment for repository candidate interface com.Project.SpiderSync.repositories.PageRepository; If you want this repository to be a Redis repository, consider annotating your entities with one of these annotations: org.springframework.data.redis.core.RedisHash (preferred), or consider extending one of the following types with your repository: org.springframework.data.keyvalue.repository.KeyValueRepository
2026-01-25T12:06:13.792+05:30  INFO 1208 --- [SpiderSync] [restartedMain] .RepositoryConfigurationExtensionSupport : Spring Data Redis - Could not safely identify store assignment for repository candidate interface com.Project.SpiderSync.repositories.SearchQueryRepository; If you want this repository to be a Redis repository, consider annotating your entities with one of these annotations: org.springframework.data.redis.core.RedisHash (preferred), or consider extending one of the following types with your repository: org.springframework.data.keyvalue.repository.KeyValueRepository
2026-01-25T12:06:13.792+05:30  INFO 1208 --- [SpiderSync] [restartedMain] .RepositoryConfigurationExtensionSupport : Spring Data Redis - Could not safely identify store assignment for repository candidate interface com.Project.SpiderSync.repositories.UserRepository; If you want this repository to be a Redis repository, consider annotating your entities with one of these annotations: org.springframework.data.redis.core.RedisHash (preferred), or consider extending one of the following types with your repository: org.springframework.data.keyvalue.repository.KeyValueRepository
2026-01-25T12:06:13.794+05:30  INFO 1208 --- [SpiderSync] [restartedMain] .s.d.r.c.RepositoryConfigurationDelegate : Finished Spring Data repository scanning in 22 ms. Found 0 Redis repository interfaces.
2026-01-25T12:06:17.097+05:30  INFO 1208 --- [SpiderSync] [restartedMain] o.s.b.w.embedded.tomcat.TomcatWebServer  : Tomcat initialized with port 8081 (http)
2026-01-25T12:06:17.127+05:30  INFO 1208 --- [SpiderSync] [restartedMain] o.apache.catalina.core.StandardService   : Starting service [Tomcat]
2026-01-25T12:06:17.127+05:30  INFO 1208 --- [SpiderSync] [restartedMain] o.apache.catalina.core.StandardEngine    : Starting Servlet engine: [Apache Tomcat/10.1.34]
2026-01-25T12:06:17.322+05:30  INFO 1208 --- [SpiderSync] [restartedMain] o.a.c.c.C.[Tomcat].[localhost].[/]       : Initializing Spring embedded WebApplicationContext
2026-01-25T12:06:17.324+05:30  INFO 1208 --- [SpiderSync] [restartedMain] w.s.c.ServletWebServerApplicationContext : Root WebApplicationContext: initialization completed in 8014 ms
2026-01-25T12:06:18.629+05:30  INFO 1208 --- [SpiderSync] [restartedMain] com.zaxxer.hikari.HikariDataSource       : HikariPool-1 - Starting...
2026-01-25T12:06:19.141+05:30  INFO 1208 --- [SpiderSync] [restartedMain] com.zaxxer.hikari.pool.HikariPool        : HikariPool-1 - Added connection com.mysql.cj.jdbc.ConnectionImpl@1a520577
2026-01-25T12:06:19.148+05:30  INFO 1208 --- [SpiderSync] [restartedMain] com.zaxxer.hikari.HikariDataSource       : HikariPool-1 - Start completed.
2026-01-25T12:06:19.315+05:30  INFO 1208 --- [SpiderSync] [restartedMain] org.flywaydb.core.FlywayExecutor         : Database: jdbc:mysql://localhost:3306/search_engine?createDatabaseIfNotExists=true&useSSL=false&serverTimezone=UTC&allowPublicKeyRetrieval=true (MySQL 8.0)
2026-01-25T12:06:19.521+05:30  INFO 1208 --- [SpiderSync] [restartedMain] o.f.core.internal.command.DbValidate     : Successfully validated 1 migration (execution time 00:00.096s)
2026-01-25T12:06:19.557+05:30  INFO 1208 --- [SpiderSync] [restartedMain] o.f.core.internal.command.DbMigrate      : Current version of schema `search_engine`: 1
2026-01-25T12:06:19.575+05:30  INFO 1208 --- [SpiderSync] [restartedMain] o.f.core.internal.command.DbMigrate      : Schema `search_engine` is up to date. No migration necessary.
2026-01-25T12:06:20.217+05:30  INFO 1208 --- [SpiderSync] [restartedMain] o.hibernate.jpa.internal.util.LogHelper  : HHH000204: Processing PersistenceUnitInfo [name: default]
2026-01-25T12:06:20.416+05:30  INFO 1208 --- [SpiderSync] [restartedMain] org.hibernate.Version                    : HHH000412: Hibernate ORM core version 6.6.4.Final
2026-01-25T12:06:20.543+05:30  INFO 1208 --- [SpiderSync] [restartedMain] o.h.c.internal.RegionFactoryInitiator    : HHH000026: Second-level cache disabled
2026-01-25T12:06:21.251+05:30  INFO 1208 --- [SpiderSync] [restartedMain] o.s.o.j.p.SpringPersistenceUnitInfo      : No LoadTimeWeaver setup: ignoring JPA class transformer
2026-01-25T12:06:21.376+05:30  WARN 1208 --- [SpiderSync] [restartedMain] org.hibernate.orm.deprecation            : HHH90000025: MySQLDialect does not need to be specified explicitly using 'hibernate.dialect' (remove the property setting and it will be selected by default)
2026-01-25T12:06:21.408+05:30  INFO 1208 --- [SpiderSync] [restartedMain] org.hibernate.orm.connections.pooling    : HHH10001005: Database info:
	Database JDBC URL [Connecting through datasource 'HikariDataSource (HikariPool-1)']
	Database driver: undefined/unknown
	Database version: 8.0.44
	Autocommit mode: undefined/unknown
	Isolation level: undefined/unknown
	Minimum pool size: undefined/unknown
	Maximum pool size: undefined/unknown
2026-01-25T12:06:24.273+05:30  INFO 1208 --- [SpiderSync] [restartedMain] o.h.e.t.j.p.i.JtaPlatformInitiator       : HHH000489: No JTA platform available (set 'hibernate.transaction.jta.platform' to enable JTA platform integration)
2026-01-25T12:06:24.416+05:30  INFO 1208 --- [SpiderSync] [restartedMain] j.LocalContainerEntityManagerFactoryBean : Initialized JPA EntityManagerFactory for persistence unit 'default'
2026-01-25T12:06:25.433+05:30 DEBUG 1208 --- [SpiderSync] [restartedMain] c.P.S.security.JwtAuthenticationFilter   : Filter 'jwtAuthenticationFilter' configured for use
2026-01-25T12:06:25.436+05:30 DEBUG 1208 --- [SpiderSync] [restartedMain] o.s.w.f.ServerHttpObservationFilter      : Filter 'webMvcObservationFilter' configured for use
2026-01-25T12:06:25.436+05:30 DEBUG 1208 --- [SpiderSync] [restartedMain] c.P.S.security.RateLimitingFilter        : Filter 'rateLimitingFilter' configured for use
2026-01-25T12:06:25.571+05:30  INFO 1208 --- [SpiderSync] [restartedMain] o.s.d.j.r.query.QueryEnhancerFactory     : Hibernate is in classpath; If applicable, HQL parser will be used.
2026-01-25T12:06:26.302+05:30  INFO 1208 --- [SpiderSync] [restartedMain] r$InitializeUserDetailsManagerConfigurer : Global AuthenticationManager configured with UserDetailsService bean with name customUserDetailsService
2026-01-25T12:06:27.863+05:30  WARN 1208 --- [SpiderSync] [restartedMain] JpaBaseConfiguration$JpaWebConfiguration : spring.jpa.open-in-view is enabled by default. Therefore, database queries may be performed during view rendering. Explicitly configure spring.jpa.open-in-view to disable this warning
2026-01-25T12:06:28.360+05:30  INFO 1208 --- [SpiderSync] [restartedMain] o.s.b.a.w.s.WelcomePageHandlerMapping    : Adding welcome page: class path resource [static/index.html]
2026-01-25T12:06:28.566+05:30 DEBUG 1208 --- [SpiderSync] [restartedMain] s.w.s.m.m.a.RequestMappingHandlerMapping : 19 mappings in 'requestMappingHandlerMapping'
2026-01-25T12:06:28.991+05:30 DEBUG 1208 --- [SpiderSync] [restartedMain] o.s.w.s.handler.SimpleUrlHandlerMapping  : Patterns [/webjars/**, /**, /swagger-ui*/*swagger-initializer.js, /swagger-ui*/**] in 'resourceHandlerMapping'
2026-01-25T12:06:30.346+05:30  INFO 1208 --- [SpiderSync] [restartedMain] o.s.b.a.e.web.EndpointLinksResolver      : Exposing 4 endpoints beneath base path '/actuator'
2026-01-25T12:06:30.660+05:30 DEBUG 1208 --- [SpiderSync] [restartedMain] o.s.s.web.DefaultSecurityFilterChain     : Will secure any request with filters: DisableEncodeUrlFilter, WebAsyncManagerIntegrationFilter, SecurityContextHolderFilter, HeaderWriterFilter, LogoutFilter, RateLimitingFilter, JwtAuthenticationFilter, RequestCacheAwareFilter, SecurityContextHolderAwareRequestFilter, AnonymousAuthenticationFilter, SessionManagementFilter, ExceptionTranslationFilter, AuthorizationFilter
2026-01-25T12:06:31.066+05:30 DEBUG 1208 --- [SpiderSync] [restartedMain] s.w.s.m.m.a.RequestMappingHandlerAdapter : ControllerAdvice beans: 0 @ModelAttribute, 0 @InitBinder, 1 RequestBodyAdvice, 1 ResponseBodyAdvice
2026-01-25T12:06:31.200+05:30 DEBUG 1208 --- [SpiderSync] [restartedMain] .m.m.a.ExceptionHandlerExceptionResolver : ControllerAdvice beans: 1 @ExceptionHandler, 1 ResponseBodyAdvice
2026-01-25T12:06:32.423+05:30  WARN 1208 --- [SpiderSync] [restartedMain] i.m.c.i.b.cache.CaffeineCacheMetrics     : The cache 'robots-txt' is not recording statistics. No meters except 'cache.size' will be registered. Call 'Caffeine#recordStats()' prior to building the cache for metrics to be recorded.
2026-01-25T12:06:32.425+05:30  WARN 1208 --- [SpiderSync] [restartedMain] i.m.c.i.b.cache.CaffeineCacheMetrics     : The cache 'pages' is not recording statistics. No meters except 'cache.size' will be registered. Call 'Caffeine#recordStats()' prior to building the cache for metrics to be recorded.
2026-01-25T12:06:32.425+05:30  WARN 1208 --- [SpiderSync] [restartedMain] i.m.c.i.b.cache.CaffeineCacheMetrics     : The cache 'search-results' is not recording statistics. No meters except 'cache.size' will be registered. Call 'Caffeine#recordStats()' prior to building the cache for metrics to be recorded.
2026-01-25T12:06:33.051+05:30  INFO 1208 --- [SpiderSync] [restartedMain] o.s.b.d.a.OptionalLiveReloadServer       : LiveReload server is running on port 35729
2026-01-25T12:06:33.224+05:30  INFO 1208 --- [SpiderSync] [restartedMain] o.s.b.w.embedded.tomcat.TomcatWebServer  : Tomcat started on port 8081 (http) with context path '/'
2026-01-25T12:06:33.256+05:30  INFO 1208 --- [SpiderSync] [restartedMain] c.P.SpiderSync.SpiderSyncApplication     : Started SpiderSyncApplication in 24.622 seconds (process running for 26.117)
2026-01-25T12:06:33.271+05:30  INFO 1208 --- [SpiderSync] [restartedMain] c.P.S.service.DataSeedingService         : Checking for data seeding requirements...
2026-01-25T12:06:33.459+05:30 DEBUG 1208 --- [SpiderSync] [restartedMain] org.hibernate.SQL                        : 
    select
        p1_0.id,
        p1_0.content,
        p1_0.content_hash,
        p1_0.crawl_depth,
        p1_0.created_at,
        p1_0.description,
        p1_0.keywords,
        p1_0.language,
        p1_0.last_crawled_at,
        p1_0.page_rank,
        p1_0.response_time,
        p1_0.status_code,
        p1_0.title,
        p1_0.updated_at,
        p1_0.url 
    from
        pages p1_0 
    where
        p1_0.url in (?, ?, ?, ?, ?, ?, ?, ?, ?, ?, ?, ?, ?, ?, ?, ?, ?, ?, ?)
2026-01-25T12:06:33.536+05:30  INFO 1208 --- [SpiderSync] [restartedMain] c.P.S.service.DataSeedingService         : All seed pages already exist in database.
2026-01-25T12:06:33.606+05:30 ERROR 1208 --- [SpiderSync] [restartedMain] c.P.SpiderSync.service.IndexingService   : Error checking index existence: Connection refused: getsockopt
2026-01-25T12:06:33.606+05:30  INFO 1208 --- [SpiderSync] [restartedMain] c.P.S.service.DataSeedingService         : Elasticsearch index is missing or empty. Populating from database...
2026-01-25T12:06:33.631+05:30 DEBUG 1208 --- [SpiderSync] [restartedMain] org.hibernate.SQL                        : 
    select
        p1_0.id,
        p1_0.content,
        p1_0.content_hash,
        p1_0.crawl_depth,
        p1_0.created_at,
        p1_0.description,
        p1_0.keywords,
        p1_0.language,
        p1_0.last_crawled_at,
        p1_0.page_rank,
        p1_0.response_time,
        p1_0.status_code,
        p1_0.title,
        p1_0.updated_at,
        p1_0.url 
    from
        pages p1_0
2026-01-25T12:06:33.649+05:30 ERROR 1208 --- [SpiderSync] [restartedMain] c.P.SpiderSync.service.IndexingService   : Error creating Elasticsearch index: Connection refused: getsockopt
2026-01-25T12:06:33.708+05:30 ERROR 1208 --- [SpiderSync] [restartedMain] c.P.SpiderSync.service.IndexingService   : Error in bulk indexing: Connection refused: getsockopt
2026-01-25T12:06:33.708+05:30  INFO 1208 --- [SpiderSync] [restartedMain] c.P.S.service.DataSeedingService         : Successfully indexed 19 total pages from database.
2026-01-25T12:06:33.710+05:30  INFO 1208 --- [SpiderSync] [restartedMain] c.P.S.service.DataSeedingService         : Data seeding and indexing check completed!
2026-01-25T12:06:34.254+05:30  INFO 1208 --- [SpiderSync] [RMI TCP Connection(6)-192.168.1.73] o.s.a.r.c.CachingConnectionFactory       : Attempting to connect to: [localhost:5672]
2026-01-25T12:06:34.255+05:30  INFO 1208 --- [SpiderSync] [RMI TCP Connection(8)-192.168.1.73] o.a.c.c.C.[Tomcat].[localhost].[/]       : Initializing Spring DispatcherServlet 'dispatcherServlet'
2026-01-25T12:06:34.255+05:30  INFO 1208 --- [SpiderSync] [RMI TCP Connection(8)-192.168.1.73] o.s.web.servlet.DispatcherServlet        : Initializing Servlet 'dispatcherServlet'
2026-01-25T12:06:34.255+05:30 DEBUG 1208 --- [SpiderSync] [RMI TCP Connection(8)-192.168.1.73] o.s.web.servlet.DispatcherServlet        : Detected StandardServletMultipartResolver
2026-01-25T12:06:34.255+05:30 DEBUG 1208 --- [SpiderSync] [RMI TCP Connection(8)-192.168.1.73] o.s.web.servlet.DispatcherServlet        : Detected AcceptHeaderLocaleResolver
2026-01-25T12:06:34.257+05:30 DEBUG 1208 --- [SpiderSync] [RMI TCP Connection(8)-192.168.1.73] o.s.web.servlet.DispatcherServlet        : Detected FixedThemeResolver
2026-01-25T12:06:34.261+05:30 DEBUG 1208 --- [SpiderSync] [RMI TCP Connection(8)-192.168.1.73] o.s.web.servlet.DispatcherServlet        : Detected org.springframework.web.servlet.view.DefaultRequestToViewNameTranslator@126bc5cd
2026-01-25T12:06:34.264+05:30 DEBUG 1208 --- [SpiderSync] [RMI TCP Connection(8)-192.168.1.73] o.s.web.servlet.DispatcherServlet        : Detected org.springframework.web.servlet.support.SessionFlashMapManager@12b80457
2026-01-25T12:06:34.264+05:30 DEBUG 1208 --- [SpiderSync] [RMI TCP Connection(8)-192.168.1.73] o.s.web.servlet.DispatcherServlet        : enableLoggingRequestDetails='false': request parameters and headers will be masked to prevent unsafe logging of potentially sensitive data
2026-01-25T12:06:34.264+05:30  INFO 1208 --- [SpiderSync] [RMI TCP Connection(8)-192.168.1.73] o.s.web.servlet.DispatcherServlet        : Completed initialization in 9 ms
2026-01-25T12:06:34.271+05:30  WARN 1208 --- [SpiderSync] [RMI TCP Connection(6)-192.168.1.73] o.s.b.a.amqp.RabbitHealthIndicator       : Rabbit health check failed

org.springframework.amqp.AmqpConnectException: java.net.ConnectException: Connection refused: getsockopt
	at org.springframework.amqp.rabbit.support.RabbitExceptionTranslator.convertRabbitAccessException(RabbitExceptionTranslator.java:61) ~[spring-rabbit-3.2.1.jar:3.2.1]
	at org.springframework.amqp.rabbit.connection.AbstractConnectionFactory.createBareConnection(AbstractConnectionFactory.java:633) ~[spring-rabbit-3.2.1.jar:3.2.1]
	at org.springframework.amqp.rabbit.connection.CachingConnectionFactory.createConnection(CachingConnectionFactory.java:726) ~[spring-rabbit-3.2.1.jar:3.2.1]
	at org.springframework.amqp.rabbit.connection.ConnectionFactoryUtils.createConnection(ConnectionFactoryUtils.java:257) ~[spring-rabbit-3.2.1.jar:3.2.1]
	at org.springframework.amqp.rabbit.core.RabbitTemplate.doExecute(RabbitTemplate.java:2262) ~[spring-rabbit-3.2.1.jar:3.2.1]
	at org.springframework.amqp.rabbit.core.RabbitTemplate.execute(RabbitTemplate.java:2235) ~[spring-rabbit-3.2.1.jar:3.2.1]
	at org.springframework.amqp.rabbit.core.RabbitTemplate.execute(RabbitTemplate.java:2215) ~[spring-rabbit-3.2.1.jar:3.2.1]
	at org.springframework.boot.actuate.amqp.RabbitHealthIndicator.getVersion(RabbitHealthIndicator.java:49) ~[spring-boot-actuator-3.4.1.jar:3.4.1]
	at org.springframework.boot.actuate.amqp.RabbitHealthIndicator.doHealthCheck(RabbitHealthIndicator.java:44) ~[spring-boot-actuator-3.4.1.jar:3.4.1]
	at org.springframework.boot.actuate.health.AbstractHealthIndicator.health(AbstractHealthIndicator.java:82) ~[spring-boot-actuator-3.4.1.jar:3.4.1]
	at org.springframework.boot.actuate.health.HealthIndicator.getHealth(HealthIndicator.java:37) ~[spring-boot-actuator-3.4.1.jar:3.4.1]
	at org.springframework.boot.actuate.health.HealthEndpoint.getHealth(HealthEndpoint.java:82) ~[spring-boot-actuator-3.4.1.jar:3.4.1]
	at org.springframework.boot.actuate.health.HealthEndpoint.getHealth(HealthEndpoint.java:41) ~[spring-boot-actuator-3.4.1.jar:3.4.1]
	at org.springframework.boot.actuate.health.HealthEndpointSupport.getLoggedHealth(HealthEndpointSupport.java:172) ~[spring-boot-actuator-3.4.1.jar:3.4.1]
	at org.springframework.boot.actuate.health.HealthEndpointSupport.getContribution(HealthEndpointSupport.java:145) ~[spring-boot-actuator-3.4.1.jar:3.4.1]
	at org.springframework.boot.actuate.health.HealthEndpointSupport.getAggregateContribution(HealthEndpointSupport.java:156) ~[spring-boot-actuator-3.4.1.jar:3.4.1]
	at org.springframework.boot.actuate.health.HealthEndpointSupport.getContribution(HealthEndpointSupport.java:141) ~[spring-boot-actuator-3.4.1.jar:3.4.1]
	at org.springframework.boot.actuate.health.HealthEndpointSupport.getHealth(HealthEndpointSupport.java:110) ~[spring-boot-actuator-3.4.1.jar:3.4.1]
	at org.springframework.boot.actuate.health.HealthEndpointSupport.getHealth(HealthEndpointSupport.java:81) ~[spring-boot-actuator-3.4.1.jar:3.4.1]
	at org.springframework.boot.actuate.health.HealthEndpoint.health(HealthEndpoint.java:76) ~[spring-boot-actuator-3.4.1.jar:3.4.1]
	at org.springframework.boot.actuate.health.HealthEndpoint.health(HealthEndpoint.java:66) ~[spring-boot-actuator-3.4.1.jar:3.4.1]
	at java.base/jdk.internal.reflect.DirectMethodHandleAccessor.invoke(DirectMethodHandleAccessor.java:103) ~[na:na]
	at java.base/java.lang.reflect.Method.invoke(Method.java:580) ~[na:na]
	at org.springframework.util.ReflectionUtils.invokeMethod(ReflectionUtils.java:281) ~[spring-core-6.2.1.jar:6.2.1]
	at org.springframework.boot.actuate.endpoint.invoke.reflect.ReflectiveOperationInvoker.invoke(ReflectiveOperationInvoker.java:74) ~[spring-boot-actuator-3.4.1.jar:3.4.1]
	at org.springframework.boot.actuate.endpoint.annotation.AbstractDiscoveredOperation.invoke(AbstractDiscoveredOperation.java:60) ~[spring-boot-actuator-3.4.1.jar:3.4.1]
	at org.springframework.boot.actuate.endpoint.jmx.EndpointMBean.invoke(EndpointMBean.java:124) ~[spring-boot-actuator-3.4.1.jar:3.4.1]
	at org.springframework.boot.actuate.endpoint.jmx.EndpointMBean.invoke(EndpointMBean.java:97) ~[spring-boot-actuator-3.4.1.jar:3.4.1]
	at java.management/com.sun.jmx.interceptor.DefaultMBeanServerInterceptor.invoke(DefaultMBeanServerInterceptor.java:803) ~[na:na]
	at java.management/com.sun.jmx.mbeanserver.JmxMBeanServer.invoke(JmxMBeanServer.java:802) ~[na:na]
	at java.management.rmi/javax.management.remote.rmi.RMIConnectionImpl.doOperation(RMIConnectionImpl.java:1472) ~[na:na]
	at java.management.rmi/javax.management.remote.rmi.RMIConnectionImpl$PrivilegedOperation.run(RMIConnectionImpl.java:1310) ~[na:na]
	at java.management.rmi/javax.management.remote.rmi.RMIConnectionImpl.doPrivilegedOperation(RMIConnectionImpl.java:1405) ~[na:na]
	at java.management.rmi/javax.management.remote.rmi.RMIConnectionImpl.invoke(RMIConnectionImpl.java:829) ~[na:na]
	at java.base/jdk.internal.reflect.DirectMethodHandleAccessor.invoke(DirectMethodHandleAccessor.java:103) ~[na:na]
	at java.base/java.lang.reflect.Method.invoke(Method.java:580) ~[na:na]
	at java.rmi/sun.rmi.server.UnicastServerRef.dispatch(UnicastServerRef.java:360) ~[na:na]
	at java.rmi/sun.rmi.transport.Transport$1.run(Transport.java:200) ~[na:na]
	at java.rmi/sun.rmi.transport.Transport$1.run(Transport.java:197) ~[na:na]
	at java.base/java.security.AccessController.doPrivileged(AccessController.java:714) ~[na:na]
	at java.rmi/sun.rmi.transport.Transport.serviceCall(Transport.java:196) ~[na:na]
	at java.rmi/sun.rmi.transport.tcp.TCPTransport.handleMessages(TCPTransport.java:598) ~[na:na]
	at java.rmi/sun.rmi.transport.tcp.TCPTransport$ConnectionHandler.run0(TCPTransport.java:844) ~[na:na]
	at java.rmi/sun.rmi.transport.tcp.TCPTransport$ConnectionHandler.lambda$run$0(TCPTransport.java:721) ~[na:na]
	at java.base/java.security.AccessController.doPrivileged(AccessController.java:400) ~[na:na]
	at java.rmi/sun.rmi.transport.tcp.TCPTransport$ConnectionHandler.run(TCPTransport.java:720) ~[na:na]
	at java.base/java.util.concurrent.ThreadPoolExecutor.runWorker(ThreadPoolExecutor.java:1144) ~[na:na]
	at java.base/java.util.concurrent.ThreadPoolExecutor$Worker.run(ThreadPoolExecutor.java:642) ~[na:na]
	at java.base/java.lang.Thread.run(Thread.java:1583) ~[na:na]
Caused by: java.net.ConnectException: Connection refused: getsockopt
	at java.base/sun.nio.ch.Net.pollConnect(Native Method) ~[na:na]
	at java.base/sun.nio.ch.Net.pollConnectNow(Net.java:682) ~[na:na]
	at java.base/sun.nio.ch.NioSocketImpl.timedFinishConnect(NioSocketImpl.java:542) ~[na:na]
	at java.base/sun.nio.ch.NioSocketImpl.connect(NioSocketImpl.java:592) ~[na:na]
	at java.base/java.net.SocksSocketImpl.connect(SocksSocketImpl.java:327) ~[na:na]
	at java.base/java.net.Socket.connect(Socket.java:751) ~[na:na]
	at com.rabbitmq.client.impl.SocketFrameHandlerFactory.create(SocketFrameHandlerFactory.java:61) ~[amqp-client-5.22.0.jar:5.22.0]
	at com.rabbitmq.client.ConnectionFactory.newConnection(ConnectionFactory.java:1249) ~[amqp-client-5.22.0.jar:5.22.0]
	at com.rabbitmq.client.ConnectionFactory.newConnection(ConnectionFactory.java:1198) ~[amqp-client-5.22.0.jar:5.22.0]
	at org.springframework.amqp.rabbit.connection.AbstractConnectionFactory.connectAddresses(AbstractConnectionFactory.java:679) ~[spring-rabbit-3.2.1.jar:3.2.1]
	at org.springframework.amqp.rabbit.connection.AbstractConnectionFactory.connect(AbstractConnectionFactory.java:648) ~[spring-rabbit-3.2.1.jar:3.2.1]
	at org.springframework.amqp.rabbit.connection.AbstractConnectionFactory.createBareConnection(AbstractConnectionFactory.java:594) ~[spring-rabbit-3.2.1.jar:3.2.1]
	... 47 common frames omitted

2026-01-25T12:06:34.298+05:30  WARN 1208 --- [SpiderSync] [RMI TCP Connection(6)-192.168.1.73] e.ElasticsearchRestClientHealthIndicator : Elasticsearch health check failed

java.net.ConnectException: Connection refused: getsockopt
	at org.elasticsearch.client.RestClient.extractAndWrapCause(RestClient.java:934) ~[elasticsearch-rest-client-8.15.5.jar:8.15.5]
	at org.elasticsearch.client.RestClient.performRequest(RestClient.java:304) ~[elasticsearch-rest-client-8.15.5.jar:8.15.5]
	at org.elasticsearch.client.RestClient.performRequest(RestClient.java:292) ~[elasticsearch-rest-client-8.15.5.jar:8.15.5]
	at org.springframework.boot.actuate.elasticsearch.ElasticsearchRestClientHealthIndicator.doHealthCheck(ElasticsearchRestClientHealthIndicator.java:60) ~[spring-boot-actuator-3.4.1.jar:3.4.1]
	at org.springframework.boot.actuate.health.AbstractHealthIndicator.health(AbstractHealthIndicator.java:82) ~[spring-boot-actuator-3.4.1.jar:3.4.1]
	at org.springframework.boot.actuate.health.HealthIndicator.getHealth(HealthIndicator.java:37) ~[spring-boot-actuator-3.4.1.jar:3.4.1]
	at org.springframework.boot.actuate.health.HealthEndpoint.getHealth(HealthEndpoint.java:82) ~[spring-boot-actuator-3.4.1.jar:3.4.1]
	at org.springframework.boot.actuate.health.HealthEndpoint.getHealth(HealthEndpoint.java:41) ~[spring-boot-actuator-3.4.1.jar:3.4.1]
	at org.springframework.boot.actuate.health.HealthEndpointSupport.getLoggedHealth(HealthEndpointSupport.java:172) ~[spring-boot-actuator-3.4.1.jar:3.4.1]
	at org.springframework.boot.actuate.health.HealthEndpointSupport.getContribution(HealthEndpointSupport.java:145) ~[spring-boot-actuator-3.4.1.jar:3.4.1]
	at org.springframework.boot.actuate.health.HealthEndpointSupport.getAggregateContribution(HealthEndpointSupport.java:156) ~[spring-boot-actuator-3.4.1.jar:3.4.1]
	at org.springframework.boot.actuate.health.HealthEndpointSupport.getContribution(HealthEndpointSupport.java:141) ~[spring-boot-actuator-3.4.1.jar:3.4.1]
	at org.springframework.boot.actuate.health.HealthEndpointSupport.getHealth(HealthEndpointSupport.java:110) ~[spring-boot-actuator-3.4.1.jar:3.4.1]
	at org.springframework.boot.actuate.health.HealthEndpointSupport.getHealth(HealthEndpointSupport.java:81) ~[spring-boot-actuator-3.4.1.jar:3.4.1]
	at org.springframework.boot.actuate.health.HealthEndpoint.health(HealthEndpoint.java:76) ~[spring-boot-actuator-3.4.1.jar:3.4.1]
	at org.springframework.boot.actuate.health.HealthEndpoint.health(HealthEndpoint.java:66) ~[spring-boot-actuator-3.4.1.jar:3.4.1]
	at java.base/jdk.internal.reflect.DirectMethodHandleAccessor.invoke(DirectMethodHandleAccessor.java:103) ~[na:na]
	at java.base/java.lang.reflect.Method.invoke(Method.java:580) ~[na:na]
	at org.springframework.util.ReflectionUtils.invokeMethod(ReflectionUtils.java:281) ~[spring-core-6.2.1.jar:6.2.1]
	at org.springframework.boot.actuate.endpoint.invoke.reflect.ReflectiveOperationInvoker.invoke(ReflectiveOperationInvoker.java:74) ~[spring-boot-actuator-3.4.1.jar:3.4.1]
	at org.springframework.boot.actuate.endpoint.annotation.AbstractDiscoveredOperation.invoke(AbstractDiscoveredOperation.java:60) ~[spring-boot-actuator-3.4.1.jar:3.4.1]
	at org.springframework.boot.actuate.endpoint.jmx.EndpointMBean.invoke(EndpointMBean.java:124) ~[spring-boot-actuator-3.4.1.jar:3.4.1]
	at org.springframework.boot.actuate.endpoint.jmx.EndpointMBean.invoke(EndpointMBean.java:97) ~[spring-boot-actuator-3.4.1.jar:3.4.1]
	at java.management/com.sun.jmx.interceptor.DefaultMBeanServerInterceptor.invoke(DefaultMBeanServerInterceptor.java:803) ~[na:na]
	at java.management/com.sun.jmx.mbeanserver.JmxMBeanServer.invoke(JmxMBeanServer.java:802) ~[na:na]
	at java.management.rmi/javax.management.remote.rmi.RMIConnectionImpl.doOperation(RMIConnectionImpl.java:1472) ~[na:na]
	at java.management.rmi/javax.management.remote.rmi.RMIConnectionImpl$PrivilegedOperation.run(RMIConnectionImpl.java:1310) ~[na:na]
	at java.management.rmi/javax.management.remote.rmi.RMIConnectionImpl.doPrivilegedOperation(RMIConnectionImpl.java:1405) ~[na:na]
	at java.management.rmi/javax.management.remote.rmi.RMIConnectionImpl.invoke(RMIConnectionImpl.java:829) ~[na:na]
	at java.base/jdk.internal.reflect.DirectMethodHandleAccessor.invoke(DirectMethodHandleAccessor.java:103) ~[na:na]
	at java.base/java.lang.reflect.Method.invoke(Method.java:580) ~[na:na]
	at java.rmi/sun.rmi.server.UnicastServerRef.dispatch(UnicastServerRef.java:360) ~[na:na]
	at java.rmi/sun.rmi.transport.Transport$1.run(Transport.java:200) ~[na:na]
	at java.rmi/sun.rmi.transport.Transport$1.run(Transport.java:197) ~[na:na]
	at java.base/java.security.AccessController.doPrivileged(AccessController.java:714) ~[na:na]
	at java.rmi/sun.rmi.transport.Transport.serviceCall(Transport.java:196) ~[na:na]
	at java.rmi/sun.rmi.transport.tcp.TCPTransport.handleMessages(TCPTransport.java:598) ~[na:na]
	at java.rmi/sun.rmi.transport.tcp.TCPTransport$ConnectionHandler.run0(TCPTransport.java:844) ~[na:na]
	at java.rmi/sun.rmi.transport.tcp.TCPTransport$ConnectionHandler.lambda$run$0(TCPTransport.java:721) ~[na:na]
	at java.base/java.security.AccessController.doPrivileged(AccessController.java:400) ~[na:na]
	at java.rmi/sun.rmi.transport.tcp.TCPTransport$ConnectionHandler.run(TCPTransport.java:720) ~[na:na]
	at java.base/java.util.concurrent.ThreadPoolExecutor.runWorker(ThreadPoolExecutor.java:1144) ~[na:na]
	at java.base/java.util.concurrent.ThreadPoolExecutor$Worker.run(ThreadPoolExecutor.java:642) ~[na:na]
	at java.base/java.lang.Thread.run(Thread.java:1583) ~[na:na]
Caused by: java.net.ConnectException: Connection refused: getsockopt
	at java.base/sun.nio.ch.Net.pollConnect(Native Method) ~[na:na]
	at java.base/sun.nio.ch.Net.pollConnectNow(Net.java:682) ~[na:na]
	at java.base/sun.nio.ch.SocketChannelImpl.finishConnect(SocketChannelImpl.java:973) ~[na:na]
	at org.apache.http.impl.nio.reactor.DefaultConnectingIOReactor.processEvent(DefaultConnectingIOReactor.java:174) ~[httpcore-nio-4.4.16.jar:4.4.16]
	at org.apache.http.impl.nio.reactor.DefaultConnectingIOReactor.processEvents(DefaultConnectingIOReactor.java:148) ~[httpcore-nio-4.4.16.jar:4.4.16]
	at org.apache.http.impl.nio.reactor.AbstractMultiworkerIOReactor.execute(AbstractMultiworkerIOReactor.java:351) ~[httpcore-nio-4.4.16.jar:4.4.16]
	at org.apache.http.impl.nio.conn.PoolingNHttpClientConnectionManager.execute(PoolingNHttpClientConnectionManager.java:221) ~[httpasyncclient-4.1.5.jar:4.1.5]
	at org.apache.http.impl.nio.client.CloseableHttpAsyncClientBase$1.run(CloseableHttpAsyncClientBase.java:64) ~[httpasyncclient-4.1.5.jar:4.1.5]
	... 1 common frames omitted

2026-01-25T12:06:35.033+05:30  WARN 1208 --- [SpiderSync] [boundedElastic-1] o.s.b.a.d.r.RedisReactiveHealthIndicator : Redis health check failed

org.springframework.data.redis.RedisConnectionFailureException: Unable to connect to Redis
	at org.springframework.data.redis.connection.lettuce.LettuceConnectionFactory$ExceptionTranslatingConnectionProvider.translateException(LettuceConnectionFactory.java:1858) ~[spring-data-redis-3.4.1.jar:3.4.1]
	at org.springframework.data.redis.connection.lettuce.LettuceConnectionFactory$ExceptionTranslatingConnectionProvider.getConnection(LettuceConnectionFactory.java:1789) ~[spring-data-redis-3.4.1.jar:3.4.1]
	at org.springframework.data.redis.connection.lettuce.LettuceConnectionFactory$SharedConnection.getNativeConnection(LettuceConnectionFactory.java:1586) ~[spring-data-redis-3.4.1.jar:3.4.1]
	at org.springframework.data.redis.connection.lettuce.LettuceConnectionFactory$SharedConnection.lambda$getConnection$0(LettuceConnectionFactory.java:1566) ~[spring-data-redis-3.4.1.jar:3.4.1]
	at org.springframework.data.redis.connection.lettuce.LettuceConnectionFactory.doInLock(LettuceConnectionFactory.java:1527) ~[spring-data-redis-3.4.1.jar:3.4.1]
	at org.springframework.data.redis.connection.lettuce.LettuceConnectionFactory$SharedConnection.getConnection(LettuceConnectionFactory.java:1563) ~[spring-data-redis-3.4.1.jar:3.4.1]
	at org.springframework.data.redis.connection.lettuce.LettuceConnectionFactory.getSharedReactiveConnection(LettuceConnectionFactory.java:1274) ~[spring-data-redis-3.4.1.jar:3.4.1]
	at org.springframework.data.redis.connection.lettuce.LettuceConnectionFactory.getReactiveConnection(LettuceConnectionFactory.java:1149) ~[spring-data-redis-3.4.1.jar:3.4.1]
	at org.springframework.data.redis.connection.lettuce.LettuceConnectionFactory.getReactiveConnection(LettuceConnectionFactory.java:120) ~[spring-data-redis-3.4.1.jar:3.4.1]
	at reactor.core.publisher.MonoSupplier.call(MonoSupplier.java:67) ~[reactor-core-3.7.1.jar:3.7.1]
	at reactor.core.publisher.FluxSubscribeOnCallable$CallableSubscribeOnSubscription.run(FluxSubscribeOnCallable.java:228) ~[reactor-core-3.7.1.jar:3.7.1]
	at reactor.core.scheduler.SchedulerTask.call(SchedulerTask.java:68) ~[reactor-core-3.7.1.jar:3.7.1]
	at reactor.core.scheduler.SchedulerTask.call(SchedulerTask.java:28) ~[reactor-core-3.7.1.jar:3.7.1]
	at java.base/java.util.concurrent.FutureTask.run(FutureTask.java:317) ~[na:na]
	at java.base/java.util.concurrent.ScheduledThreadPoolExecutor$ScheduledFutureTask.run(ScheduledThreadPoolExecutor.java:304) ~[na:na]
	at java.base/java.util.concurrent.ThreadPoolExecutor.runWorker(ThreadPoolExecutor.java:1144) ~[na:na]
	at java.base/java.util.concurrent.ThreadPoolExecutor$Worker.run(ThreadPoolExecutor.java:642) ~[na:na]
	at java.base/java.lang.Thread.run(Thread.java:1583) ~[na:na]
Caused by: org.springframework.data.redis.connection.PoolException: Could not get a resource from the pool
	at org.springframework.data.redis.connection.lettuce.LettucePoolingConnectionProvider.getConnection(LettucePoolingConnectionProvider.java:104) ~[spring-data-redis-3.4.1.jar:3.4.1]
	at org.springframework.data.redis.connection.lettuce.LettuceConnectionFactory$ExceptionTranslatingConnectionProvider.getConnection(LettuceConnectionFactory.java:1787) ~[spring-data-redis-3.4.1.jar:3.4.1]
	... 16 common frames omitted
Caused by: io.lettuce.core.RedisConnectionException: Unable to connect to localhost/<unresolved>:6379
	at io.lettuce.core.RedisConnectionException.create(RedisConnectionException.java:63) ~[lettuce-core-6.4.1.RELEASE.jar:6.4.1.RELEASE/08096cf]
	at io.lettuce.core.RedisConnectionException.create(RedisConnectionException.java:41) ~[lettuce-core-6.4.1.RELEASE.jar:6.4.1.RELEASE/08096cf]
	at io.lettuce.core.AbstractRedisClient.getConnection(AbstractRedisClient.java:354) ~[lettuce-core-6.4.1.RELEASE.jar:6.4.1.RELEASE/08096cf]
	at io.lettuce.core.RedisClient.connect(RedisClient.java:219) ~[lettuce-core-6.4.1.RELEASE.jar:6.4.1.RELEASE/08096cf]
	at org.springframework.data.redis.connection.lettuce.StandaloneConnectionProvider.lambda$getConnection$1(StandaloneConnectionProvider.java:112) ~[spring-data-redis-3.4.1.jar:3.4.1]
	at java.base/java.util.Optional.orElseGet(Optional.java:364) ~[na:na]
	at org.springframework.data.redis.connection.lettuce.StandaloneConnectionProvider.getConnection(StandaloneConnectionProvider.java:112) ~[spring-data-redis-3.4.1.jar:3.4.1]
	at org.springframework.data.redis.connection.lettuce.LettucePoolingConnectionProvider.lambda$getConnection$0(LettucePoolingConnectionProvider.java:93) ~[spring-data-redis-3.4.1.jar:3.4.1]
	at io.lettuce.core.support.ConnectionPoolSupport$RedisPooledObjectFactory.create(ConnectionPoolSupport.java:196) ~[lettuce-core-6.4.1.RELEASE.jar:6.4.1.RELEASE/08096cf]
	at io.lettuce.core.support.ConnectionPoolSupport$RedisPooledObjectFactory.create(ConnectionPoolSupport.java:186) ~[lettuce-core-6.4.1.RELEASE.jar:6.4.1.RELEASE/08096cf]
	at org.apache.commons.pool2.BasePooledObjectFactory.makeObject(BasePooledObjectFactory.java:71) ~[commons-pool2-2.12.0.jar:2.12.0]
	at org.apache.commons.pool2.impl.GenericObjectPool.create(GenericObjectPool.java:566) ~[commons-pool2-2.12.0.jar:2.12.0]
	at org.apache.commons.pool2.impl.GenericObjectPool.borrowObject(GenericObjectPool.java:306) ~[commons-pool2-2.12.0.jar:2.12.0]
	at org.apache.commons.pool2.impl.GenericObjectPool.borrowObject(GenericObjectPool.java:233) ~[commons-pool2-2.12.0.jar:2.12.0]
	at io.lettuce.core.support.ConnectionPoolSupport$1.borrowObject(ConnectionPoolSupport.java:107) ~[lettuce-core-6.4.1.RELEASE.jar:6.4.1.RELEASE/08096cf]
	at io.lettuce.core.support.ConnectionPoolSupport$1.borrowObject(ConnectionPoolSupport.java:102) ~[lettuce-core-6.4.1.RELEASE.jar:6.4.1.RELEASE/08096cf]
	at org.springframework.data.redis.connection.lettuce.LettucePoolingConnectionProvider.getConnection(LettucePoolingConnectionProvider.java:99) ~[spring-data-redis-3.4.1.jar:3.4.1]
	... 17 common frames omitted
Caused by: io.netty.channel.AbstractChannel$AnnotatedConnectException: Connection refused: getsockopt: localhost/127.0.0.1:6379
Caused by: java.net.ConnectException: Connection refused: getsockopt
	at java.base/sun.nio.ch.Net.pollConnect(Native Method) ~[na:na]
	at java.base/sun.nio.ch.Net.pollConnectNow(Net.java:682) ~[na:na]
	at java.base/sun.nio.ch.SocketChannelImpl.finishConnect(SocketChannelImpl.java:973) ~[na:na]
	at io.netty.channel.socket.nio.NioSocketChannel.doFinishConnect(NioSocketChannel.java:336) ~[netty-transport-4.1.116.Final.jar:4.1.116.Final]
	at io.netty.channel.nio.AbstractNioChannel$AbstractNioUnsafe.finishConnect(AbstractNioChannel.java:339) ~[netty-transport-4.1.116.Final.jar:4.1.116.Final]
	at io.netty.channel.nio.NioEventLoop.processSelectedKey(NioEventLoop.java:776) ~[netty-transport-4.1.116.Final.jar:4.1.116.Final]
	at io.netty.channel.nio.NioEventLoop.processSelectedKeysOptimized(NioEventLoop.java:724) ~[netty-transport-4.1.116.Final.jar:4.1.116.Final]
	at io.netty.channel.nio.NioEventLoop.processSelectedKeys(NioEventLoop.java:650) ~[netty-transport-4.1.116.Final.jar:4.1.116.Final]
	at io.netty.channel.nio.NioEventLoop.run(NioEventLoop.java:562) ~[netty-transport-4.1.116.Final.jar:4.1.116.Final]
	at io.netty.util.concurrent.SingleThreadEventExecutor$4.run(SingleThreadEventExecutor.java:997) ~[netty-common-4.1.116.Final.jar:4.1.116.Final]
	at io.netty.util.internal.ThreadExecutorMap$2.run(ThreadExecutorMap.java:74) ~[netty-common-4.1.116.Final.jar:4.1.116.Final]
	at io.netty.util.concurrent.FastThreadLocalRunnable.run(FastThreadLocalRunnable.java:30) ~[netty-common-4.1.116.Final.jar:4.1.116.Final]
	at java.base/java.lang.Thread.run(Thread.java:1583) ~[na:na]

2026-01-25T13:10:00.838+05:30  INFO 9584 --- [SpiderSync] [restartedMain] c.P.SpiderSync.SpiderSyncApplication     : Starting SpiderSyncApplication using Java 21.0.9 with PID 9584 (C:\Users\LOQ\SpiderSync\target\classes started by LOQ in C:\Users\LOQ\SpiderSync)
2026-01-25T13:10:00.842+05:30 DEBUG 9584 --- [SpiderSync] [restartedMain] c.P.SpiderSync.SpiderSyncApplication     : Running with Spring Boot v3.4.1, Spring v6.2.1
2026-01-25T13:10:00.842+05:30  INFO 9584 --- [SpiderSync] [restartedMain] c.P.SpiderSync.SpiderSyncApplication     : No active profile set, falling back to 1 default profile: "default"
2026-01-25T13:10:00.993+05:30  INFO 9584 --- [SpiderSync] [restartedMain] o.s.b.devtools.restart.ChangeableUrls    : The Class-Path manifest attribute in C:\Users\LOQ\.m2\repository\org\apache\opennlp\opennlp-tools\2.3.1\opennlp-tools-2.3.1.jar referenced one or more files that do not exist: file:/C:/Users/LOQ/.m2/repository/org/apache/opennlp/opennlp-tools/2.3.1/slf4j-api-1.7.36.jar
2026-01-25T13:10:00.993+05:30  INFO 9584 --- [SpiderSync] [restartedMain] .e.DevToolsPropertyDefaultsPostProcessor : Devtools property defaults active! Set 'spring.devtools.add-properties' to 'false' to disable
2026-01-25T13:10:00.993+05:30  INFO 9584 --- [SpiderSync] [restartedMain] .e.DevToolsPropertyDefaultsPostProcessor : For additional web related logging consider setting the 'logging.level.web' property to 'DEBUG'
2026-01-25T13:10:03.381+05:30  WARN 9584 --- [SpiderSync] [restartedMain] ConfigServletWebServerApplicationContext : Exception encountered during context initialization - cancelling refresh attempt: java.lang.IllegalStateException: Error processing condition on org.springframework.boot.autoconfigure.context.PropertyPlaceholderAutoConfiguration.propertySourcesPlaceholderConfigurer
2026-01-25T13:10:03.395+05:30  INFO 9584 --- [SpiderSync] [restartedMain] .s.b.a.l.ConditionEvaluationReportLogger : 

Error starting ApplicationContext. To display the condition evaluation report re-run your application with 'debug' enabled.
2026-01-25T13:10:03.433+05:30 ERROR 9584 --- [SpiderSync] [restartedMain] o.s.boot.SpringApplication               : Application run failed

java.lang.IllegalStateException: Error processing condition on org.springframework.boot.autoconfigure.context.PropertyPlaceholderAutoConfiguration.propertySourcesPlaceholderConfigurer
	at org.springframework.boot.autoconfigure.condition.SpringBootCondition.matches(SpringBootCondition.java:60) ~[spring-boot-autoconfigure-3.4.1.jar:3.4.1]
	at org.springframework.context.annotation.ConditionEvaluator.shouldSkip(ConditionEvaluator.java:99) ~[spring-context-6.2.1.jar:6.2.1]
	at org.springframework.context.annotation.ConfigurationClassBeanDefinitionReader.loadBeanDefinitionsForBeanMethod(ConfigurationClassBeanDefinitionReader.java:184) ~[spring-context-6.2.1.jar:6.2.1]
	at org.springframework.context.annotation.ConfigurationClassBeanDefinitionReader.loadBeanDefinitionsForConfigurationClass(ConfigurationClassBeanDefinitionReader.java:145) ~[spring-context-6.2.1.jar:6.2.1]
	at org.springframework.context.annotation.ConfigurationClassBeanDefinitionReader.loadBeanDefinitions(ConfigurationClassBeanDefinitionReader.java:121) ~[spring-context-6.2.1.jar:6.2.1]
	at org.springframework.context.annotation.ConfigurationClassPostProcessor.processConfigBeanDefinitions(ConfigurationClassPostProcessor.java:430) ~[spring-context-6.2.1.jar:6.2.1]
	at org.springframework.context.annotation.ConfigurationClassPostProcessor.postProcessBeanDefinitionRegistry(ConfigurationClassPostProcessor.java:290) ~[spring-context-6.2.1.jar:6.2.1]
	at org.springframework.context.support.PostProcessorRegistrationDelegate.invokeBeanDefinitionRegistryPostProcessors(PostProcessorRegistrationDelegate.java:349) ~[spring-context-6.2.1.jar:6.2.1]
	at org.springframework.context.support.PostProcessorRegistrationDelegate.invokeBeanFactoryPostProcessors(PostProcessorRegistrationDelegate.java:118) ~[spring-context-6.2.1.jar:6.2.1]
	at org.springframework.context.support.AbstractApplicationContext.invokeBeanFactoryPostProcessors(AbstractApplicationContext.java:791) ~[spring-context-6.2.1.jar:6.2.1]
	at org.springframework.context.support.AbstractApplicationContext.refresh(AbstractApplicationContext.java:609) ~[spring-context-6.2.1.jar:6.2.1]
	at org.springframework.boot.web.servlet.context.ServletWebServerApplicationContext.refresh(ServletWebServerApplicationContext.java:146) ~[spring-boot-3.4.1.jar:3.4.1]
	at org.springframework.boot.SpringApplication.refresh(SpringApplication.java:752) ~[spring-boot-3.4.1.jar:3.4.1]
	at org.springframework.boot.SpringApplication.refreshContext(SpringApplication.java:439) ~[spring-boot-3.4.1.jar:3.4.1]
	at org.springframework.boot.SpringApplication.run(SpringApplication.java:318) ~[spring-boot-3.4.1.jar:3.4.1]
	at org.springframework.boot.SpringApplication.run(SpringApplication.java:1361) ~[spring-boot-3.4.1.jar:3.4.1]
	at org.springframework.boot.SpringApplication.run(SpringApplication.java:1350) ~[spring-boot-3.4.1.jar:3.4.1]
	at com.Project.SpiderSync.SpiderSyncApplication.main(SpiderSyncApplication.java:10) ~[classes/:na]
	at java.base/jdk.internal.reflect.DirectMethodHandleAccessor.invoke(DirectMethodHandleAccessor.java:103) ~[na:na]
	at java.base/java.lang.reflect.Method.invoke(Method.java:580) ~[na:na]
	at org.springframework.boot.devtools.restart.RestartLauncher.run(RestartLauncher.java:50) ~[spring-boot-devtools-3.4.1.jar:3.4.1]
Caused by: java.lang.IllegalStateException: Failed to introspect Class [com.Project.SpiderSync.service.DataSeedingService] from ClassLoader [org.springframework.boot.devtools.restart.classloader.RestartClassLoader@35c54df5]
	at org.springframework.util.ReflectionUtils.getDeclaredMethods(ReflectionUtils.java:483) ~[spring-core-6.2.1.jar:6.2.1]
	at org.springframework.util.ReflectionUtils.doWithMethods(ReflectionUtils.java:360) ~[spring-core-6.2.1.jar:6.2.1]
	at org.springframework.util.ReflectionUtils.getUniqueDeclaredMethods(ReflectionUtils.java:417) ~[spring-core-6.2.1.jar:6.2.1]
	at org.springframework.beans.factory.support.AbstractAutowireCapableBeanFactory.lambda$getTypeForFactoryMethod$1(AbstractAutowireCapableBeanFactory.java:751) ~[spring-beans-6.2.1.jar:6.2.1]
	at java.base/java.util.concurrent.ConcurrentHashMap.computeIfAbsent(ConcurrentHashMap.java:1708) ~[na:na]
	at org.springframework.beans.factory.support.AbstractAutowireCapableBeanFactory.getTypeForFactoryMethod(AbstractAutowireCapableBeanFactory.java:750) ~[spring-beans-6.2.1.jar:6.2.1]
	at org.springframework.beans.factory.support.AbstractAutowireCapableBeanFactory.determineTargetType(AbstractAutowireCapableBeanFactory.java:683) ~[spring-beans-6.2.1.jar:6.2.1]
	at org.springframework.beans.factory.support.AbstractAutowireCapableBeanFactory.predictBeanType(AbstractAutowireCapableBeanFactory.java:654) ~[spring-beans-6.2.1.jar:6.2.1]
	at org.springframework.beans.factory.support.AbstractBeanFactory.isFactoryBean(AbstractBeanFactory.java:1683) ~[spring-beans-6.2.1.jar:6.2.1]
	at org.springframework.beans.factory.support.DefaultListableBeanFactory.doGetBeanNamesForType(DefaultListableBeanFactory.java:592) ~[spring-beans-6.2.1.jar:6.2.1]
	at org.springframework.beans.factory.support.DefaultListableBeanFactory.getBeanNamesForType(DefaultListableBeanFactory.java:564) ~[spring-beans-6.2.1.jar:6.2.1]
	at org.springframework.boot.autoconfigure.condition.OnBeanCondition.collectBeanDefinitionsForType(OnBeanCondition.java:332) ~[spring-boot-autoconfigure-3.4.1.jar:3.4.1]
	at org.springframework.boot.autoconfigure.condition.OnBeanCondition.getBeanDefinitionsForType(OnBeanCondition.java:324) ~[spring-boot-autoconfigure-3.4.1.jar:3.4.1]
	at org.springframework.boot.autoconfigure.condition.OnBeanCondition.getBeanDefinitionsForType(OnBeanCondition.java:314) ~[spring-boot-autoconfigure-3.4.1.jar:3.4.1]
	at org.springframework.boot.autoconfigure.condition.OnBeanCondition.getMatchingBeans(OnBeanCondition.java:213) ~[spring-boot-autoconfigure-3.4.1.jar:3.4.1]
	at org.springframework.boot.autoconfigure.condition.OnBeanCondition.evaluateConditionalOnMissingBean(OnBeanCondition.java:196) ~[spring-boot-autoconfigure-3.4.1.jar:3.4.1]
	at org.springframework.boot.autoconfigure.condition.OnBeanCondition.getMatchOutcome(OnBeanCondition.java:143) ~[spring-boot-autoconfigure-3.4.1.jar:3.4.1]
	at org.springframework.boot.autoconfigure.condition.SpringBootCondition.matches(SpringBootCondition.java:47) ~[spring-boot-autoconfigure-3.4.1.jar:3.4.1]
	... 20 common frames omitted
Caused by: java.lang.NoClassDefFoundError: PageRepository
	at java.base/java.lang.Class.getDeclaredMethods0(Native Method) ~[na:na]
	at java.base/java.lang.Class.privateGetDeclaredMethods(Class.java:3580) ~[na:na]
	at java.base/java.lang.Class.getDeclaredMethods(Class.java:2678) ~[na:na]
	at org.springframework.util.ReflectionUtils.getDeclaredMethods(ReflectionUtils.java:465) ~[spring-core-6.2.1.jar:6.2.1]
	... 37 common frames omitted
Caused by: java.lang.ClassNotFoundException: PageRepository
	at java.base/jdk.internal.loader.BuiltinClassLoader.loadClass(BuiltinClassLoader.java:641) ~[na:na]
	at java.base/jdk.internal.loader.ClassLoaders$AppClassLoader.loadClass(ClassLoaders.java:188) ~[na:na]
	at java.base/java.lang.ClassLoader.loadClass(ClassLoader.java:526) ~[na:na]
	at java.base/java.lang.Class.forName0(Native Method) ~[na:na]
	at java.base/java.lang.Class.forName(Class.java:536) ~[na:na]
	at java.base/java.lang.Class.forName(Class.java:515) ~[na:na]
	at org.springframework.boot.devtools.restart.classloader.RestartClassLoader.loadClass(RestartClassLoader.java:121) ~[spring-boot-devtools-3.4.1.jar:3.4.1]
	at java.base/java.lang.ClassLoader.loadClass(ClassLoader.java:526) ~[na:na]
	... 41 common frames omitted

2026-01-25T13:10:26.446+05:30  INFO 17420 --- [SpiderSync] [restartedMain] c.P.SpiderSync.SpiderSyncApplication     : Starting SpiderSyncApplication using Java 21.0.9 with PID 17420 (C:\Users\LOQ\SpiderSync\target\classes started by LOQ in C:\Users\LOQ\SpiderSync)
2026-01-25T13:10:26.451+05:30 DEBUG 17420 --- [SpiderSync] [restartedMain] c.P.SpiderSync.SpiderSyncApplication     : Running with Spring Boot v3.4.1, Spring v6.2.1
2026-01-25T13:10:26.453+05:30  INFO 17420 --- [SpiderSync] [restartedMain] c.P.SpiderSync.SpiderSyncApplication     : No active profile set, falling back to 1 default profile: "default"
2026-01-25T13:10:26.667+05:30  INFO 17420 --- [SpiderSync] [restartedMain] o.s.b.devtools.restart.ChangeableUrls    : The Class-Path manifest attribute in C:\Users\LOQ\.m2\repository\org\apache\opennlp\opennlp-tools\2.3.1\opennlp-tools-2.3.1.jar referenced one or more files that do not exist: file:/C:/Users/LOQ/.m2/repository/org/apache/opennlp/opennlp-tools/2.3.1/slf4j-api-1.7.36.jar
2026-01-25T13:10:26.670+05:30  INFO 17420 --- [SpiderSync] [restartedMain] .e.DevToolsPropertyDefaultsPostProcessor : Devtools property defaults active! Set 'spring.devtools.add-properties' to 'false' to disable
2026-01-25T13:10:26.671+05:30  INFO 17420 --- [SpiderSync] [restartedMain] .e.DevToolsPropertyDefaultsPostProcessor : For additional web related logging consider setting the 'logging.level.web' property to 'DEBUG'
2026-01-25T13:10:29.091+05:30  WARN 17420 --- [SpiderSync] [restartedMain] ConfigServletWebServerApplicationContext : Exception encountered during context initialization - cancelling refresh attempt: java.lang.IllegalStateException: Error processing condition on org.springframework.boot.autoconfigure.context.PropertyPlaceholderAutoConfiguration.propertySourcesPlaceholderConfigurer
2026-01-25T13:10:29.110+05:30  INFO 17420 --- [SpiderSync] [restartedMain] .s.b.a.l.ConditionEvaluationReportLogger : 

Error starting ApplicationContext. To display the condition evaluation report re-run your application with 'debug' enabled.
2026-01-25T13:10:29.158+05:30 ERROR 17420 --- [SpiderSync] [restartedMain] o.s.boot.SpringApplication               : Application run failed

java.lang.IllegalStateException: Error processing condition on org.springframework.boot.autoconfigure.context.PropertyPlaceholderAutoConfiguration.propertySourcesPlaceholderConfigurer
	at org.springframework.boot.autoconfigure.condition.SpringBootCondition.matches(SpringBootCondition.java:60) ~[spring-boot-autoconfigure-3.4.1.jar:3.4.1]
	at org.springframework.context.annotation.ConditionEvaluator.shouldSkip(ConditionEvaluator.java:99) ~[spring-context-6.2.1.jar:6.2.1]
	at org.springframework.context.annotation.ConfigurationClassBeanDefinitionReader.loadBeanDefinitionsForBeanMethod(ConfigurationClassBeanDefinitionReader.java:184) ~[spring-context-6.2.1.jar:6.2.1]
	at org.springframework.context.annotation.ConfigurationClassBeanDefinitionReader.loadBeanDefinitionsForConfigurationClass(ConfigurationClassBeanDefinitionReader.java:145) ~[spring-context-6.2.1.jar:6.2.1]
	at org.springframework.context.annotation.ConfigurationClassBeanDefinitionReader.loadBeanDefinitions(ConfigurationClassBeanDefinitionReader.java:121) ~[spring-context-6.2.1.jar:6.2.1]
	at org.springframework.context.annotation.ConfigurationClassPostProcessor.processConfigBeanDefinitions(ConfigurationClassPostProcessor.java:430) ~[spring-context-6.2.1.jar:6.2.1]
	at org.springframework.context.annotation.ConfigurationClassPostProcessor.postProcessBeanDefinitionRegistry(ConfigurationClassPostProcessor.java:290) ~[spring-context-6.2.1.jar:6.2.1]
	at org.springframework.context.support.PostProcessorRegistrationDelegate.invokeBeanDefinitionRegistryPostProcessors(PostProcessorRegistrationDelegate.java:349) ~[spring-context-6.2.1.jar:6.2.1]
	at org.springframework.context.support.PostProcessorRegistrationDelegate.invokeBeanFactoryPostProcessors(PostProcessorRegistrationDelegate.java:118) ~[spring-context-6.2.1.jar:6.2.1]
	at org.springframework.context.support.AbstractApplicationContext.invokeBeanFactoryPostProcessors(AbstractApplicationContext.java:791) ~[spring-context-6.2.1.jar:6.2.1]
	at org.springframework.context.support.AbstractApplicationContext.refresh(AbstractApplicationContext.java:609) ~[spring-context-6.2.1.jar:6.2.1]
	at org.springframework.boot.web.servlet.context.ServletWebServerApplicationContext.refresh(ServletWebServerApplicationContext.java:146) ~[spring-boot-3.4.1.jar:3.4.1]
	at org.springframework.boot.SpringApplication.refresh(SpringApplication.java:752) ~[spring-boot-3.4.1.jar:3.4.1]
	at org.springframework.boot.SpringApplication.refreshContext(SpringApplication.java:439) ~[spring-boot-3.4.1.jar:3.4.1]
	at org.springframework.boot.SpringApplication.run(SpringApplication.java:318) ~[spring-boot-3.4.1.jar:3.4.1]
	at org.springframework.boot.SpringApplication.run(SpringApplication.java:1361) ~[spring-boot-3.4.1.jar:3.4.1]
	at org.springframework.boot.SpringApplication.run(SpringApplication.java:1350) ~[spring-boot-3.4.1.jar:3.4.1]
	at com.Project.SpiderSync.SpiderSyncApplication.main(SpiderSyncApplication.java:10) ~[classes/:na]
	at java.base/jdk.internal.reflect.DirectMethodHandleAccessor.invoke(DirectMethodHandleAccessor.java:103) ~[na:na]
	at java.base/java.lang.reflect.Method.invoke(Method.java:580) ~[na:na]
	at org.springframework.boot.devtools.restart.RestartLauncher.run(RestartLauncher.java:50) ~[spring-boot-devtools-3.4.1.jar:3.4.1]
Caused by: java.lang.IllegalStateException: Failed to introspect Class [com.Project.SpiderSync.service.DataSeedingService] from ClassLoader [org.springframework.boot.devtools.restart.classloader.RestartClassLoader@66c0b48c]
	at org.springframework.util.ReflectionUtils.getDeclaredMethods(ReflectionUtils.java:483) ~[spring-core-6.2.1.jar:6.2.1]
	at org.springframework.util.ReflectionUtils.doWithMethods(ReflectionUtils.java:360) ~[spring-core-6.2.1.jar:6.2.1]
	at org.springframework.util.ReflectionUtils.getUniqueDeclaredMethods(ReflectionUtils.java:417) ~[spring-core-6.2.1.jar:6.2.1]
	at org.springframework.beans.factory.support.AbstractAutowireCapableBeanFactory.lambda$getTypeForFactoryMethod$1(AbstractAutowireCapableBeanFactory.java:751) ~[spring-beans-6.2.1.jar:6.2.1]
	at java.base/java.util.concurrent.ConcurrentHashMap.computeIfAbsent(ConcurrentHashMap.java:1708) ~[na:na]
	at org.springframework.beans.factory.support.AbstractAutowireCapableBeanFactory.getTypeForFactoryMethod(AbstractAutowireCapableBeanFactory.java:750) ~[spring-beans-6.2.1.jar:6.2.1]
	at org.springframework.beans.factory.support.AbstractAutowireCapableBeanFactory.determineTargetType(AbstractAutowireCapableBeanFactory.java:683) ~[spring-beans-6.2.1.jar:6.2.1]
	at org.springframework.beans.factory.support.AbstractAutowireCapableBeanFactory.predictBeanType(AbstractAutowireCapableBeanFactory.java:654) ~[spring-beans-6.2.1.jar:6.2.1]
	at org.springframework.beans.factory.support.AbstractBeanFactory.isFactoryBean(AbstractBeanFactory.java:1683) ~[spring-beans-6.2.1.jar:6.2.1]
	at org.springframework.beans.factory.support.DefaultListableBeanFactory.doGetBeanNamesForType(DefaultListableBeanFactory.java:592) ~[spring-beans-6.2.1.jar:6.2.1]
	at org.springframework.beans.factory.support.DefaultListableBeanFactory.getBeanNamesForType(DefaultListableBeanFactory.java:564) ~[spring-beans-6.2.1.jar:6.2.1]
	at org.springframework.boot.autoconfigure.condition.OnBeanCondition.collectBeanDefinitionsForType(OnBeanCondition.java:332) ~[spring-boot-autoconfigure-3.4.1.jar:3.4.1]
	at org.springframework.boot.autoconfigure.condition.OnBeanCondition.getBeanDefinitionsForType(OnBeanCondition.java:324) ~[spring-boot-autoconfigure-3.4.1.jar:3.4.1]
	at org.springframework.boot.autoconfigure.condition.OnBeanCondition.getBeanDefinitionsForType(OnBeanCondition.java:314) ~[spring-boot-autoconfigure-3.4.1.jar:3.4.1]
	at org.springframework.boot.autoconfigure.condition.OnBeanCondition.getMatchingBeans(OnBeanCondition.java:213) ~[spring-boot-autoconfigure-3.4.1.jar:3.4.1]
	at org.springframework.boot.autoconfigure.condition.OnBeanCondition.evaluateConditionalOnMissingBean(OnBeanCondition.java:196) ~[spring-boot-autoconfigure-3.4.1.jar:3.4.1]
	at org.springframework.boot.autoconfigure.condition.OnBeanCondition.getMatchOutcome(OnBeanCondition.java:143) ~[spring-boot-autoconfigure-3.4.1.jar:3.4.1]
	at org.springframework.boot.autoconfigure.condition.SpringBootCondition.matches(SpringBootCondition.java:47) ~[spring-boot-autoconfigure-3.4.1.jar:3.4.1]
	... 20 common frames omitted
Caused by: java.lang.NoClassDefFoundError: PageRepository
	at java.base/java.lang.Class.getDeclaredMethods0(Native Method) ~[na:na]
	at java.base/java.lang.Class.privateGetDeclaredMethods(Class.java:3580) ~[na:na]
	at java.base/java.lang.Class.getDeclaredMethods(Class.java:2678) ~[na:na]
	at org.springframework.util.ReflectionUtils.getDeclaredMethods(ReflectionUtils.java:465) ~[spring-core-6.2.1.jar:6.2.1]
	... 37 common frames omitted
Caused by: java.lang.ClassNotFoundException: PageRepository
	at java.base/jdk.internal.loader.BuiltinClassLoader.loadClass(BuiltinClassLoader.java:641) ~[na:na]
	at java.base/jdk.internal.loader.ClassLoaders$AppClassLoader.loadClass(ClassLoaders.java:188) ~[na:na]
	at java.base/java.lang.ClassLoader.loadClass(ClassLoader.java:526) ~[na:na]
	at java.base/java.lang.Class.forName0(Native Method) ~[na:na]
	at java.base/java.lang.Class.forName(Class.java:536) ~[na:na]
	at java.base/java.lang.Class.forName(Class.java:515) ~[na:na]
	at org.springframework.boot.devtools.restart.classloader.RestartClassLoader.loadClass(RestartClassLoader.java:121) ~[spring-boot-devtools-3.4.1.jar:3.4.1]
	at java.base/java.lang.ClassLoader.loadClass(ClassLoader.java:526) ~[na:na]
	... 41 common frames omitted

2026-01-25T13:10:37.746+05:30  INFO 16484 --- [SpiderSync] [restartedMain] c.P.SpiderSync.SpiderSyncApplication     : Starting SpiderSyncApplication using Java 21.0.9 with PID 16484 (C:\Users\LOQ\SpiderSync\target\classes started by LOQ in C:\Users\LOQ\SpiderSync)
2026-01-25T13:10:37.749+05:30 DEBUG 16484 --- [SpiderSync] [restartedMain] c.P.SpiderSync.SpiderSyncApplication     : Running with Spring Boot v3.4.1, Spring v6.2.1
2026-01-25T13:10:37.749+05:30  INFO 16484 --- [SpiderSync] [restartedMain] c.P.SpiderSync.SpiderSyncApplication     : No active profile set, falling back to 1 default profile: "default"
2026-01-25T13:10:37.819+05:30  INFO 16484 --- [SpiderSync] [restartedMain] o.s.b.devtools.restart.ChangeableUrls    : The Class-Path manifest attribute in C:\Users\LOQ\.m2\repository\org\apache\opennlp\opennlp-tools\2.3.1\opennlp-tools-2.3.1.jar referenced one or more files that do not exist: file:/C:/Users/LOQ/.m2/repository/org/apache/opennlp/opennlp-tools/2.3.1/slf4j-api-1.7.36.jar
2026-01-25T13:10:37.819+05:30  INFO 16484 --- [SpiderSync] [restartedMain] .e.DevToolsPropertyDefaultsPostProcessor : Devtools property defaults active! Set 'spring.devtools.add-properties' to 'false' to disable
2026-01-25T13:10:37.819+05:30  INFO 16484 --- [SpiderSync] [restartedMain] .e.DevToolsPropertyDefaultsPostProcessor : For additional web related logging consider setting the 'logging.level.web' property to 'DEBUG'
2026-01-25T13:10:39.747+05:30  WARN 16484 --- [SpiderSync] [restartedMain] ConfigServletWebServerApplicationContext : Exception encountered during context initialization - cancelling refresh attempt: java.lang.IllegalStateException: Error processing condition on org.springframework.boot.autoconfigure.context.PropertyPlaceholderAutoConfiguration.propertySourcesPlaceholderConfigurer
2026-01-25T13:10:39.765+05:30  INFO 16484 --- [SpiderSync] [restartedMain] .s.b.a.l.ConditionEvaluationReportLogger : 

Error starting ApplicationContext. To display the condition evaluation report re-run your application with 'debug' enabled.
2026-01-25T13:10:39.810+05:30 ERROR 16484 --- [SpiderSync] [restartedMain] o.s.boot.SpringApplication               : Application run failed

java.lang.IllegalStateException: Error processing condition on org.springframework.boot.autoconfigure.context.PropertyPlaceholderAutoConfiguration.propertySourcesPlaceholderConfigurer
	at org.springframework.boot.autoconfigure.condition.SpringBootCondition.matches(SpringBootCondition.java:60) ~[spring-boot-autoconfigure-3.4.1.jar:3.4.1]
	at org.springframework.context.annotation.ConditionEvaluator.shouldSkip(ConditionEvaluator.java:99) ~[spring-context-6.2.1.jar:6.2.1]
	at org.springframework.context.annotation.ConfigurationClassBeanDefinitionReader.loadBeanDefinitionsForBeanMethod(ConfigurationClassBeanDefinitionReader.java:184) ~[spring-context-6.2.1.jar:6.2.1]
	at org.springframework.context.annotation.ConfigurationClassBeanDefinitionReader.loadBeanDefinitionsForConfigurationClass(ConfigurationClassBeanDefinitionReader.java:145) ~[spring-context-6.2.1.jar:6.2.1]
	at org.springframework.context.annotation.ConfigurationClassBeanDefinitionReader.loadBeanDefinitions(ConfigurationClassBeanDefinitionReader.java:121) ~[spring-context-6.2.1.jar:6.2.1]
	at org.springframework.context.annotation.ConfigurationClassPostProcessor.processConfigBeanDefinitions(ConfigurationClassPostProcessor.java:430) ~[spring-context-6.2.1.jar:6.2.1]
	at org.springframework.context.annotation.ConfigurationClassPostProcessor.postProcessBeanDefinitionRegistry(ConfigurationClassPostProcessor.java:290) ~[spring-context-6.2.1.jar:6.2.1]
	at org.springframework.context.support.PostProcessorRegistrationDelegate.invokeBeanDefinitionRegistryPostProcessors(PostProcessorRegistrationDelegate.java:349) ~[spring-context-6.2.1.jar:6.2.1]
	at org.springframework.context.support.PostProcessorRegistrationDelegate.invokeBeanFactoryPostProcessors(PostProcessorRegistrationDelegate.java:118) ~[spring-context-6.2.1.jar:6.2.1]
	at org.springframework.context.support.AbstractApplicationContext.invokeBeanFactoryPostProcessors(AbstractApplicationContext.java:791) ~[spring-context-6.2.1.jar:6.2.1]
	at org.springframework.context.support.AbstractApplicationContext.refresh(AbstractApplicationContext.java:609) ~[spring-context-6.2.1.jar:6.2.1]
	at org.springframework.boot.web.servlet.context.ServletWebServerApplicationContext.refresh(ServletWebServerApplicationContext.java:146) ~[spring-boot-3.4.1.jar:3.4.1]
	at org.springframework.boot.SpringApplication.refresh(SpringApplication.java:752) ~[spring-boot-3.4.1.jar:3.4.1]
	at org.springframework.boot.SpringApplication.refreshContext(SpringApplication.java:439) ~[spring-boot-3.4.1.jar:3.4.1]
	at org.springframework.boot.SpringApplication.run(SpringApplication.java:318) ~[spring-boot-3.4.1.jar:3.4.1]
	at org.springframework.boot.SpringApplication.run(SpringApplication.java:1361) ~[spring-boot-3.4.1.jar:3.4.1]
	at org.springframework.boot.SpringApplication.run(SpringApplication.java:1350) ~[spring-boot-3.4.1.jar:3.4.1]
	at com.Project.SpiderSync.SpiderSyncApplication.main(SpiderSyncApplication.java:10) ~[classes/:na]
	at java.base/jdk.internal.reflect.DirectMethodHandleAccessor.invoke(DirectMethodHandleAccessor.java:103) ~[na:na]
	at java.base/java.lang.reflect.Method.invoke(Method.java:580) ~[na:na]
	at org.springframework.boot.devtools.restart.RestartLauncher.run(RestartLauncher.java:50) ~[spring-boot-devtools-3.4.1.jar:3.4.1]
Caused by: java.lang.IllegalStateException: Failed to introspect Class [com.Project.SpiderSync.service.DataSeedingService] from ClassLoader [org.springframework.boot.devtools.restart.classloader.RestartClassLoader@6c6089af]
	at org.springframework.util.ReflectionUtils.getDeclaredMethods(ReflectionUtils.java:483) ~[spring-core-6.2.1.jar:6.2.1]
	at org.springframework.util.ReflectionUtils.doWithMethods(ReflectionUtils.java:360) ~[spring-core-6.2.1.jar:6.2.1]
	at org.springframework.util.ReflectionUtils.getUniqueDeclaredMethods(ReflectionUtils.java:417) ~[spring-core-6.2.1.jar:6.2.1]
	at org.springframework.beans.factory.support.AbstractAutowireCapableBeanFactory.lambda$getTypeForFactoryMethod$1(AbstractAutowireCapableBeanFactory.java:751) ~[spring-beans-6.2.1.jar:6.2.1]
	at java.base/java.util.concurrent.ConcurrentHashMap.computeIfAbsent(ConcurrentHashMap.java:1740) ~[na:na]
	at org.springframework.beans.factory.support.AbstractAutowireCapableBeanFactory.getTypeForFactoryMethod(AbstractAutowireCapableBeanFactory.java:750) ~[spring-beans-6.2.1.jar:6.2.1]
	at org.springframework.beans.factory.support.AbstractAutowireCapableBeanFactory.determineTargetType(AbstractAutowireCapableBeanFactory.java:683) ~[spring-beans-6.2.1.jar:6.2.1]
	at org.springframework.beans.factory.support.AbstractAutowireCapableBeanFactory.predictBeanType(AbstractAutowireCapableBeanFactory.java:654) ~[spring-beans-6.2.1.jar:6.2.1]
	at org.springframework.beans.factory.support.AbstractBeanFactory.isFactoryBean(AbstractBeanFactory.java:1683) ~[spring-beans-6.2.1.jar:6.2.1]
	at org.springframework.beans.factory.support.DefaultListableBeanFactory.doGetBeanNamesForType(DefaultListableBeanFactory.java:592) ~[spring-beans-6.2.1.jar:6.2.1]
	at org.springframework.beans.factory.support.DefaultListableBeanFactory.getBeanNamesForType(DefaultListableBeanFactory.java:564) ~[spring-beans-6.2.1.jar:6.2.1]
	at org.springframework.boot.autoconfigure.condition.OnBeanCondition.collectBeanDefinitionsForType(OnBeanCondition.java:332) ~[spring-boot-autoconfigure-3.4.1.jar:3.4.1]
	at org.springframework.boot.autoconfigure.condition.OnBeanCondition.getBeanDefinitionsForType(OnBeanCondition.java:324) ~[spring-boot-autoconfigure-3.4.1.jar:3.4.1]
	at org.springframework.boot.autoconfigure.condition.OnBeanCondition.getBeanDefinitionsForType(OnBeanCondition.java:314) ~[spring-boot-autoconfigure-3.4.1.jar:3.4.1]
	at org.springframework.boot.autoconfigure.condition.OnBeanCondition.getMatchingBeans(OnBeanCondition.java:213) ~[spring-boot-autoconfigure-3.4.1.jar:3.4.1]
	at org.springframework.boot.autoconfigure.condition.OnBeanCondition.evaluateConditionalOnMissingBean(OnBeanCondition.java:196) ~[spring-boot-autoconfigure-3.4.1.jar:3.4.1]
	at org.springframework.boot.autoconfigure.condition.OnBeanCondition.getMatchOutcome(OnBeanCondition.java:143) ~[spring-boot-autoconfigure-3.4.1.jar:3.4.1]
	at org.springframework.boot.autoconfigure.condition.SpringBootCondition.matches(SpringBootCondition.java:47) ~[spring-boot-autoconfigure-3.4.1.jar:3.4.1]
	... 20 common frames omitted
Caused by: java.lang.NoClassDefFoundError: PageRepository
	at java.base/java.lang.Class.getDeclaredMethods0(Native Method) ~[na:na]
	at java.base/java.lang.Class.privateGetDeclaredMethods(Class.java:3580) ~[na:na]
	at java.base/java.lang.Class.getDeclaredMethods(Class.java:2678) ~[na:na]
	at org.springframework.util.ReflectionUtils.getDeclaredMethods(ReflectionUtils.java:465) ~[spring-core-6.2.1.jar:6.2.1]
	... 37 common frames omitted
Caused by: java.lang.ClassNotFoundException: PageRepository
	at java.base/jdk.internal.loader.BuiltinClassLoader.loadClass(BuiltinClassLoader.java:641) ~[na:na]
	at java.base/jdk.internal.loader.ClassLoaders$AppClassLoader.loadClass(ClassLoaders.java:188) ~[na:na]
	at java.base/java.lang.ClassLoader.loadClass(ClassLoader.java:526) ~[na:na]
	at java.base/java.lang.Class.forName0(Native Method) ~[na:na]
	at java.base/java.lang.Class.forName(Class.java:536) ~[na:na]
	at java.base/java.lang.Class.forName(Class.java:515) ~[na:na]
	at org.springframework.boot.devtools.restart.classloader.RestartClassLoader.loadClass(RestartClassLoader.java:121) ~[spring-boot-devtools-3.4.1.jar:3.4.1]
	at java.base/java.lang.ClassLoader.loadClass(ClassLoader.java:526) ~[na:na]
	... 41 common frames omitted

2026-01-25T13:12:13.781+05:30  WARN 2036 --- [SpiderSync] [main] ory$DuplicateJsonObjectContextCustomizer : 

Found multiple occurrences of org.json.JSONObject on the class path:

	jar:file:/C:/Users/LOQ/.m2/repository/org/json/json/20240303/json-20240303.jar!/org/json/JSONObject.class
	jar:file:/C:/Users/LOQ/.m2/repository/com/vaadin/external/google/android-json/0.0.20131108.vaadin1/android-json-0.0.20131108.vaadin1.jar!/org/json/JSONObject.class

You may wish to exclude one of them to ensure predictable runtime behavior

2026-01-25T13:12:13.825+05:30  INFO 2036 --- [SpiderSync] [main] c.P.S.SpiderSyncApplicationTests         : Starting SpiderSyncApplicationTests using Java 25.0.2 with PID 2036 (started by LOQ in C:\Users\LOQ\SpiderSync)
2026-01-25T13:12:13.826+05:30 DEBUG 2036 --- [SpiderSync] [main] c.P.S.SpiderSyncApplicationTests         : Running with Spring Boot v3.4.1, Spring v6.2.1
2026-01-25T13:12:13.827+05:30  INFO 2036 --- [SpiderSync] [main] c.P.S.SpiderSyncApplicationTests         : No active profile set, falling back to 1 default profile: "default"
2026-01-25T13:12:13.880+05:30 DEBUG 2036 --- [SpiderSync] [main] o.s.w.c.s.GenericWebApplicationContext   : Refreshing org.springframework.web.context.support.GenericWebApplicationContext@3c49fab6
2026-01-25T13:12:16.605+05:30  INFO 2036 --- [SpiderSync] [main] .s.d.r.c.RepositoryConfigurationDelegate : Multiple Spring Data modules found, entering strict repository configuration mode
2026-01-25T13:12:16.608+05:30  INFO 2036 --- [SpiderSync] [main] .s.d.r.c.RepositoryConfigurationDelegate : Bootstrapping Spring Data JPA repositories in DEFAULT mode.
2026-01-25T13:12:16.854+05:30  INFO 2036 --- [SpiderSync] [main] .s.d.r.c.RepositoryConfigurationDelegate : Finished Spring Data repository scanning in 235 ms. Found 4 JPA repository interfaces.
2026-01-25T13:12:16.878+05:30  INFO 2036 --- [SpiderSync] [main] .s.d.r.c.RepositoryConfigurationDelegate : Multiple Spring Data modules found, entering strict repository configuration mode
2026-01-25T13:12:16.881+05:30  INFO 2036 --- [SpiderSync] [main] .s.d.r.c.RepositoryConfigurationDelegate : Bootstrapping Spring Data Redis repositories in DEFAULT mode.
2026-01-25T13:12:16.904+05:30  INFO 2036 --- [SpiderSync] [main] .RepositoryConfigurationExtensionSupport : Spring Data Redis - Could not safely identify store assignment for repository candidate interface com.Project.SpiderSync.repositories.CrawlJobRepository; If you want this repository to be a Redis repository, consider annotating your entities with one of these annotations: org.springframework.data.redis.core.RedisHash (preferred), or consider extending one of the following types with your repository: org.springframework.data.keyvalue.repository.KeyValueRepository
2026-01-25T13:12:16.906+05:30  INFO 2036 --- [SpiderSync] [main] .RepositoryConfigurationExtensionSupport : Spring Data Redis - Could not safely identify store assignment for repository candidate interface com.Project.SpiderSync.repositories.PageRepository; If you want this repository to be a Redis repository, consider annotating your entities with one of these annotations: org.springframework.data.redis.core.RedisHash (preferred), or consider extending one of the following types with your repository: org.springframework.data.keyvalue.repository.KeyValueRepository
2026-01-25T13:12:16.907+05:30  INFO 2036 --- [SpiderSync] [main] .RepositoryConfigurationExtensionSupport : Spring Data Redis - Could not safely identify store assignment for repository candidate interface com.Project.SpiderSync.repositories.SearchQueryRepository; If you want this repository to be a Redis repository, consider annotating your entities with one of these annotations: org.springframework.data.redis.core.RedisHash (preferred), or consider extending one of the following types with your repository: org.springframework.data.keyvalue.repository.KeyValueRepository
2026-01-25T13:12:16.907+05:30  INFO 2036 --- [SpiderSync] [main] .RepositoryConfigurationExtensionSupport : Spring Data Redis - Could not safely identify store assignment for repository candidate interface com.Project.SpiderSync.repositories.UserRepository; If you want this repository to be a Redis repository, consider annotating your entities with one of these annotations: org.springframework.data.redis.core.RedisHash (preferred), or consider extending one of the following types with your repository: org.springframework.data.keyvalue.repository.KeyValueRepository
2026-01-25T13:12:16.908+05:30  INFO 2036 --- [SpiderSync] [main] .s.d.r.c.RepositoryConfigurationDelegate : Finished Spring Data repository scanning in 11 ms. Found 0 Redis repository interfaces.
2026-01-25T13:12:19.373+05:30  INFO 2036 --- [SpiderSync] [main] com.zaxxer.hikari.HikariDataSource       : HikariPool-1 - Starting...
2026-01-25T13:12:20.014+05:30  INFO 2036 --- [SpiderSync] [main] com.zaxxer.hikari.pool.HikariPool        : HikariPool-1 - Added connection com.mysql.cj.jdbc.ConnectionImpl@2d114d27
2026-01-25T13:12:20.017+05:30  INFO 2036 --- [SpiderSync] [main] com.zaxxer.hikari.HikariDataSource       : HikariPool-1 - Start completed.
2026-01-25T13:12:20.097+05:30  INFO 2036 --- [SpiderSync] [main] org.flywaydb.core.FlywayExecutor         : Database: jdbc:mysql://localhost:3306/search_engine?createDatabaseIfNotExists=true&useSSL=false&serverTimezone=UTC&allowPublicKeyRetrieval=true (MySQL 8.0)
2026-01-25T13:12:20.197+05:30  INFO 2036 --- [SpiderSync] [main] o.f.core.internal.command.DbValidate     : Successfully validated 1 migration (execution time 00:00.056s)
2026-01-25T13:12:20.225+05:30  INFO 2036 --- [SpiderSync] [main] o.f.core.internal.command.DbMigrate      : Current version of schema `search_engine`: 1
2026-01-25T13:12:20.232+05:30  INFO 2036 --- [SpiderSync] [main] o.f.core.internal.command.DbMigrate      : Schema `search_engine` is up to date. No migration necessary.
2026-01-25T13:12:20.488+05:30  INFO 2036 --- [SpiderSync] [main] o.hibernate.jpa.internal.util.LogHelper  : HHH000204: Processing PersistenceUnitInfo [name: default]
2026-01-25T13:12:20.656+05:30  INFO 2036 --- [SpiderSync] [main] org.hibernate.Version                    : HHH000412: Hibernate ORM core version 6.6.4.Final
2026-01-25T13:12:20.752+05:30  INFO 2036 --- [SpiderSync] [main] o.h.c.internal.RegionFactoryInitiator    : HHH000026: Second-level cache disabled
2026-01-25T13:12:21.289+05:30  INFO 2036 --- [SpiderSync] [main] o.s.o.j.p.SpringPersistenceUnitInfo      : No LoadTimeWeaver setup: ignoring JPA class transformer
2026-01-25T13:12:21.375+05:30  WARN 2036 --- [SpiderSync] [main] org.hibernate.orm.deprecation            : HHH90000025: MySQLDialect does not need to be specified explicitly using 'hibernate.dialect' (remove the property setting and it will be selected by default)
2026-01-25T13:12:21.391+05:30  INFO 2036 --- [SpiderSync] [main] org.hibernate.orm.connections.pooling    : HHH10001005: Database info:
	Database JDBC URL [Connecting through datasource 'HikariDataSource (HikariPool-1)']
	Database driver: undefined/unknown
	Database version: 8.0.44
	Autocommit mode: undefined/unknown
	Isolation level: undefined/unknown
	Minimum pool size: undefined/unknown
	Maximum pool size: undefined/unknown
2026-01-25T13:12:22.542+05:30  INFO 2036 --- [SpiderSync] [main] o.h.e.t.j.p.i.JtaPlatformInitiator       : HHH000489: No JTA platform available (set 'hibernate.transaction.jta.platform' to enable JTA platform integration)
2026-01-25T13:12:22.616+05:30  INFO 2036 --- [SpiderSync] [main] j.LocalContainerEntityManagerFactoryBean : Initialized JPA EntityManagerFactory for persistence unit 'default'
2026-01-25T13:12:23.185+05:30  INFO 2036 --- [SpiderSync] [main] o.s.d.j.r.query.QueryEnhancerFactory     : Hibernate is in classpath; If applicable, HQL parser will be used.
2026-01-25T13:12:23.677+05:30  INFO 2036 --- [SpiderSync] [main] r$InitializeUserDetailsManagerConfigurer : Global AuthenticationManager configured with UserDetailsService bean with name customUserDetailsService
2026-01-25T13:12:25.195+05:30  WARN 2036 --- [SpiderSync] [main] JpaBaseConfiguration$JpaWebConfiguration : spring.jpa.open-in-view is enabled by default. Therefore, database queries may be performed during view rendering. Explicitly configure spring.jpa.open-in-view to disable this warning
2026-01-25T13:12:25.389+05:30  INFO 2036 --- [SpiderSync] [main] o.s.b.a.w.s.WelcomePageHandlerMapping    : Adding welcome page: class path resource [static/index.html]
2026-01-25T13:12:25.499+05:30 DEBUG 2036 --- [SpiderSync] [main] s.w.s.m.m.a.RequestMappingHandlerMapping : 19 mappings in 'requestMappingHandlerMapping'
2026-01-25T13:12:25.748+05:30 DEBUG 2036 --- [SpiderSync] [main] o.s.w.s.handler.SimpleUrlHandlerMapping  : Patterns [/webjars/**, /**, /swagger-ui*/*swagger-initializer.js, /swagger-ui*/**] in 'resourceHandlerMapping'
2026-01-25T13:12:26.412+05:30  INFO 2036 --- [SpiderSync] [main] o.s.b.a.e.web.EndpointLinksResolver      : Exposing 4 endpoints beneath base path '/actuator'
2026-01-25T13:12:26.568+05:30 DEBUG 2036 --- [SpiderSync] [main] o.s.s.web.DefaultSecurityFilterChain     : Will secure any request with filters: DisableEncodeUrlFilter, WebAsyncManagerIntegrationFilter, SecurityContextHolderFilter, HeaderWriterFilter, LogoutFilter, RateLimitingFilter, JwtAuthenticationFilter, RequestCacheAwareFilter, SecurityContextHolderAwareRequestFilter, AnonymousAuthenticationFilter, SessionManagementFilter, ExceptionTranslationFilter, AuthorizationFilter
2026-01-25T13:12:26.886+05:30 DEBUG 2036 --- [SpiderSync] [main] s.w.s.m.m.a.RequestMappingHandlerAdapter : ControllerAdvice beans: 0 @ModelAttribute, 0 @InitBinder, 1 RequestBodyAdvice, 1 ResponseBodyAdvice
2026-01-25T13:12:26.971+05:30 DEBUG 2036 --- [SpiderSync] [main] .m.m.a.ExceptionHandlerExceptionResolver : ControllerAdvice beans: 1 @ExceptionHandler, 1 ResponseBodyAdvice
2026-01-25T13:12:27.414+05:30  WARN 2036 --- [SpiderSync] [main] i.m.c.i.b.cache.CaffeineCacheMetrics     : The cache 'robots-txt' is not recording statistics. No meters except 'cache.size' will be registered. Call 'Caffeine#recordStats()' prior to building the cache for metrics to be recorded.
2026-01-25T13:12:27.415+05:30  WARN 2036 --- [SpiderSync] [main] i.m.c.i.b.cache.CaffeineCacheMetrics     : The cache 'pages' is not recording statistics. No meters except 'cache.size' will be registered. Call 'Caffeine#recordStats()' prior to building the cache for metrics to be recorded.
2026-01-25T13:12:27.416+05:30  WARN 2036 --- [SpiderSync] [main] i.m.c.i.b.cache.CaffeineCacheMetrics     : The cache 'search-results' is not recording statistics. No meters except 'cache.size' will be registered. Call 'Caffeine#recordStats()' prior to building the cache for metrics to be recorded.
2026-01-25T13:12:27.729+05:30  INFO 2036 --- [SpiderSync] [main] c.P.S.SpiderSyncApplicationTests         : Started SpiderSyncApplicationTests in 14.382 seconds (process running for 15.984)
2026-01-25T13:12:27.832+05:30  INFO 2036 --- [SpiderSync] [main] c.P.S.service.DataSeedingService         : Checking for data seeding requirements...
2026-01-25T13:12:27.965+05:30 DEBUG 2036 --- [SpiderSync] [main] org.hibernate.SQL                        : 
    select
        p1_0.id,
        p1_0.content,
        p1_0.content_hash,
        p1_0.crawl_depth,
        p1_0.created_at,
        p1_0.description,
        p1_0.keywords,
        p1_0.language,
        p1_0.last_crawled_at,
        p1_0.page_rank,
        p1_0.response_time,
        p1_0.status_code,
        p1_0.title,
        p1_0.updated_at,
        p1_0.url 
    from
        pages p1_0 
    where
        p1_0.url in (?, ?, ?, ?, ?, ?, ?, ?, ?, ?, ?, ?, ?, ?, ?, ?, ?, ?, ?)
2026-01-25T13:12:28.026+05:30  INFO 2036 --- [SpiderSync] [main] c.P.S.service.DataSeedingService         : All seed pages already exist in database.
2026-01-25T13:12:28.075+05:30 ERROR 2036 --- [SpiderSync] [main] c.P.SpiderSync.service.IndexingService   : Error checking index existence: Connection refused: getsockopt
2026-01-25T13:12:28.075+05:30  INFO 2036 --- [SpiderSync] [main] c.P.S.service.DataSeedingService         : Elasticsearch index is missing or empty. Populating from database...
2026-01-25T13:12:28.091+05:30 DEBUG 2036 --- [SpiderSync] [main] org.hibernate.SQL                        : 
    select
        p1_0.id,
        p1_0.content,
        p1_0.content_hash,
        p1_0.crawl_depth,
        p1_0.created_at,
        p1_0.description,
        p1_0.keywords,
        p1_0.language,
        p1_0.last_crawled_at,
        p1_0.page_rank,
        p1_0.response_time,
        p1_0.status_code,
        p1_0.title,
        p1_0.updated_at,
        p1_0.url 
    from
        pages p1_0
2026-01-25T13:12:28.105+05:30 ERROR 2036 --- [SpiderSync] [main] c.P.SpiderSync.service.IndexingService   : Error creating Elasticsearch index: Connection refused: getsockopt
2026-01-25T13:12:28.138+05:30 ERROR 2036 --- [SpiderSync] [main] c.P.SpiderSync.service.IndexingService   : Error in bulk indexing: Connection refused: getsockopt
2026-01-25T13:12:28.139+05:30  INFO 2036 --- [SpiderSync] [main] c.P.S.service.DataSeedingService         : Successfully indexed 19 total pages from database.
2026-01-25T13:12:28.139+05:30  INFO 2036 --- [SpiderSync] [main] c.P.S.service.DataSeedingService         : Data seeding and indexing check completed!
2026-01-25T13:12:28.882+05:30 DEBUG 2036 --- [SpiderSync] [SpringApplicationShutdownHook] o.s.w.c.s.GenericWebApplicationContext   : Closing org.springframework.web.context.support.GenericWebApplicationContext@3c49fab6, started on Sun Jan 25 13:12:13 IST 2026
2026-01-25T13:12:28.926+05:30  INFO 2036 --- [SpiderSync] [SpringApplicationShutdownHook] j.LocalContainerEntityManagerFactoryBean : Closing JPA EntityManagerFactory for persistence unit 'default'
2026-01-25T13:12:28.928+05:30  INFO 2036 --- [SpiderSync] [SpringApplicationShutdownHook] com.zaxxer.hikari.HikariDataSource       : HikariPool-1 - Shutdown initiated...
2026-01-25T13:12:28.934+05:30  INFO 2036 --- [SpiderSync] [SpringApplicationShutdownHook] com.zaxxer.hikari.HikariDataSource       : HikariPool-1 - Shutdown completed.
2026-01-25T13:12:43.717+05:30  INFO 21320 --- [SpiderSync] [restartedMain] c.P.SpiderSync.SpiderSyncApplication     : Starting SpiderSyncApplication using Java 25.0.2 with PID 21320 (C:\Users\LOQ\SpiderSync\target\classes started by LOQ in C:\Users\LOQ\SpiderSync)
2026-01-25T13:12:43.718+05:30 DEBUG 21320 --- [SpiderSync] [restartedMain] c.P.SpiderSync.SpiderSyncApplication     : Running with Spring Boot v3.4.1, Spring v6.2.1
2026-01-25T13:12:43.720+05:30  INFO 21320 --- [SpiderSync] [restartedMain] c.P.SpiderSync.SpiderSyncApplication     : No active profile set, falling back to 1 default profile: "default"
2026-01-25T13:12:43.774+05:30  INFO 21320 --- [SpiderSync] [restartedMain] o.s.b.devtools.restart.ChangeableUrls    : The Class-Path manifest attribute in C:\Users\LOQ\.m2\repository\org\apache\opennlp\opennlp-tools\2.3.1\opennlp-tools-2.3.1.jar referenced one or more files that do not exist: file:/C:/Users/LOQ/.m2/repository/org/apache/opennlp/opennlp-tools/2.3.1/slf4j-api-1.7.36.jar
2026-01-25T13:12:43.774+05:30  INFO 21320 --- [SpiderSync] [restartedMain] .e.DevToolsPropertyDefaultsPostProcessor : Devtools property defaults active! Set 'spring.devtools.add-properties' to 'false' to disable
2026-01-25T13:12:43.776+05:30  INFO 21320 --- [SpiderSync] [restartedMain] .e.DevToolsPropertyDefaultsPostProcessor : For additional web related logging consider setting the 'logging.level.web' property to 'DEBUG'
2026-01-25T13:12:45.689+05:30  INFO 21320 --- [SpiderSync] [restartedMain] .s.d.r.c.RepositoryConfigurationDelegate : Multiple Spring Data modules found, entering strict repository configuration mode
2026-01-25T13:12:45.691+05:30  INFO 21320 --- [SpiderSync] [restartedMain] .s.d.r.c.RepositoryConfigurationDelegate : Bootstrapping Spring Data JPA repositories in DEFAULT mode.
2026-01-25T13:12:45.929+05:30  INFO 21320 --- [SpiderSync] [restartedMain] .s.d.r.c.RepositoryConfigurationDelegate : Finished Spring Data repository scanning in 228 ms. Found 4 JPA repository interfaces.
2026-01-25T13:12:45.946+05:30  INFO 21320 --- [SpiderSync] [restartedMain] .s.d.r.c.RepositoryConfigurationDelegate : Multiple Spring Data modules found, entering strict repository configuration mode
2026-01-25T13:12:45.948+05:30  INFO 21320 --- [SpiderSync] [restartedMain] .s.d.r.c.RepositoryConfigurationDelegate : Bootstrapping Spring Data Redis repositories in DEFAULT mode.
2026-01-25T13:12:45.978+05:30  INFO 21320 --- [SpiderSync] [restartedMain] .RepositoryConfigurationExtensionSupport : Spring Data Redis - Could not safely identify store assignment for repository candidate interface com.Project.SpiderSync.repositories.CrawlJobRepository; If you want this repository to be a Redis repository, consider annotating your entities with one of these annotations: org.springframework.data.redis.core.RedisHash (preferred), or consider extending one of the following types with your repository: org.springframework.data.keyvalue.repository.KeyValueRepository
2026-01-25T13:12:45.978+05:30  INFO 21320 --- [SpiderSync] [restartedMain] .RepositoryConfigurationExtensionSupport : Spring Data Redis - Could not safely identify store assignment for repository candidate interface com.Project.SpiderSync.repositories.PageRepository; If you want this repository to be a Redis repository, consider annotating your entities with one of these annotations: org.springframework.data.redis.core.RedisHash (preferred), or consider extending one of the following types with your repository: org.springframework.data.keyvalue.repository.KeyValueRepository
2026-01-25T13:12:45.979+05:30  INFO 21320 --- [SpiderSync] [restartedMain] .RepositoryConfigurationExtensionSupport : Spring Data Redis - Could not safely identify store assignment for repository candidate interface com.Project.SpiderSync.repositories.SearchQueryRepository; If you want this repository to be a Redis repository, consider annotating your entities with one of these annotations: org.springframework.data.redis.core.RedisHash (preferred), or consider extending one of the following types with your repository: org.springframework.data.keyvalue.repository.KeyValueRepository
2026-01-25T13:12:45.979+05:30  INFO 21320 --- [SpiderSync] [restartedMain] .RepositoryConfigurationExtensionSupport : Spring Data Redis - Could not safely identify store assignment for repository candidate interface com.Project.SpiderSync.repositories.UserRepository; If you want this repository to be a Redis repository, consider annotating your entities with one of these annotations: org.springframework.data.redis.core.RedisHash (preferred), or consider extending one of the following types with your repository: org.springframework.data.keyvalue.repository.KeyValueRepository
2026-01-25T13:12:45.979+05:30  INFO 21320 --- [SpiderSync] [restartedMain] .s.d.r.c.RepositoryConfigurationDelegate : Finished Spring Data repository scanning in 15 ms. Found 0 Redis repository interfaces.
2026-01-25T13:12:47.101+05:30  INFO 21320 --- [SpiderSync] [restartedMain] o.s.b.w.embedded.tomcat.TomcatWebServer  : Tomcat initialized with port 8081 (http)
2026-01-25T13:12:47.119+05:30  INFO 21320 --- [SpiderSync] [restartedMain] o.apache.catalina.core.StandardService   : Starting service [Tomcat]
2026-01-25T13:12:47.120+05:30  INFO 21320 --- [SpiderSync] [restartedMain] o.apache.catalina.core.StandardEngine    : Starting Servlet engine: [Apache Tomcat/10.1.34]
2026-01-25T13:12:47.203+05:30  INFO 21320 --- [SpiderSync] [restartedMain] o.a.c.c.C.[Tomcat].[localhost].[/]       : Initializing Spring embedded WebApplicationContext
2026-01-25T13:12:47.204+05:30  INFO 21320 --- [SpiderSync] [restartedMain] w.s.c.ServletWebServerApplicationContext : Root WebApplicationContext: initialization completed in 3428 ms
2026-01-25T13:12:47.716+05:30  INFO 21320 --- [SpiderSync] [restartedMain] com.zaxxer.hikari.HikariDataSource       : HikariPool-1 - Starting...
2026-01-25T13:12:47.897+05:30  INFO 21320 --- [SpiderSync] [restartedMain] com.zaxxer.hikari.pool.HikariPool        : HikariPool-1 - Added connection com.mysql.cj.jdbc.ConnectionImpl@6502b82d
2026-01-25T13:12:47.899+05:30  INFO 21320 --- [SpiderSync] [restartedMain] com.zaxxer.hikari.HikariDataSource       : HikariPool-1 - Start completed.
2026-01-25T13:12:47.945+05:30  INFO 21320 --- [SpiderSync] [restartedMain] org.flywaydb.core.FlywayExecutor         : Database: jdbc:mysql://localhost:3306/search_engine?createDatabaseIfNotExists=true&useSSL=false&serverTimezone=UTC&allowPublicKeyRetrieval=true (MySQL 8.0)
2026-01-25T13:12:47.996+05:30  INFO 21320 --- [SpiderSync] [restartedMain] o.f.core.internal.command.DbValidate     : Successfully validated 1 migration (execution time 00:00.026s)
2026-01-25T13:12:48.015+05:30  INFO 21320 --- [SpiderSync] [restartedMain] o.f.core.internal.command.DbMigrate      : Current version of schema `search_engine`: 1
2026-01-25T13:12:48.021+05:30  INFO 21320 --- [SpiderSync] [restartedMain] o.f.core.internal.command.DbMigrate      : Schema `search_engine` is up to date. No migration necessary.
2026-01-25T13:12:48.136+05:30  INFO 21320 --- [SpiderSync] [restartedMain] o.hibernate.jpa.internal.util.LogHelper  : HHH000204: Processing PersistenceUnitInfo [name: default]
2026-01-25T13:12:48.190+05:30  INFO 21320 --- [SpiderSync] [restartedMain] org.hibernate.Version                    : HHH000412: Hibernate ORM core version 6.6.4.Final
2026-01-25T13:12:48.226+05:30  INFO 21320 --- [SpiderSync] [restartedMain] o.h.c.internal.RegionFactoryInitiator    : HHH000026: Second-level cache disabled
2026-01-25T13:12:48.487+05:30  INFO 21320 --- [SpiderSync] [restartedMain] o.s.o.j.p.SpringPersistenceUnitInfo      : No LoadTimeWeaver setup: ignoring JPA class transformer
2026-01-25T13:12:48.549+05:30  WARN 21320 --- [SpiderSync] [restartedMain] org.hibernate.orm.deprecation            : HHH90000025: MySQLDialect does not need to be specified explicitly using 'hibernate.dialect' (remove the property setting and it will be selected by default)
2026-01-25T13:12:48.564+05:30  INFO 21320 --- [SpiderSync] [restartedMain] org.hibernate.orm.connections.pooling    : HHH10001005: Database info:
	Database JDBC URL [Connecting through datasource 'HikariDataSource (HikariPool-1)']
	Database driver: undefined/unknown
	Database version: 8.0.44
	Autocommit mode: undefined/unknown
	Isolation level: undefined/unknown
	Minimum pool size: undefined/unknown
	Maximum pool size: undefined/unknown
2026-01-25T13:12:49.417+05:30  INFO 21320 --- [SpiderSync] [restartedMain] o.h.e.t.j.p.i.JtaPlatformInitiator       : HHH000489: No JTA platform available (set 'hibernate.transaction.jta.platform' to enable JTA platform integration)
2026-01-25T13:12:49.475+05:30  INFO 21320 --- [SpiderSync] [restartedMain] j.LocalContainerEntityManagerFactoryBean : Initialized JPA EntityManagerFactory for persistence unit 'default'
2026-01-25T13:12:49.871+05:30 DEBUG 21320 --- [SpiderSync] [restartedMain] c.P.S.security.JwtAuthenticationFilter   : Filter 'jwtAuthenticationFilter' configured for use
2026-01-25T13:12:49.873+05:30 DEBUG 21320 --- [SpiderSync] [restartedMain] o.s.w.f.ServerHttpObservationFilter      : Filter 'webMvcObservationFilter' configured for use
2026-01-25T13:12:49.873+05:30 DEBUG 21320 --- [SpiderSync] [restartedMain] c.P.S.security.RateLimitingFilter        : Filter 'rateLimitingFilter' configured for use
2026-01-25T13:12:49.943+05:30  INFO 21320 --- [SpiderSync] [restartedMain] o.s.d.j.r.query.QueryEnhancerFactory     : Hibernate is in classpath; If applicable, HQL parser will be used.
2026-01-25T13:12:50.271+05:30  INFO 21320 --- [SpiderSync] [restartedMain] r$InitializeUserDetailsManagerConfigurer : Global AuthenticationManager configured with UserDetailsService bean with name customUserDetailsService
2026-01-25T13:12:51.277+05:30  WARN 21320 --- [SpiderSync] [restartedMain] JpaBaseConfiguration$JpaWebConfiguration : spring.jpa.open-in-view is enabled by default. Therefore, database queries may be performed during view rendering. Explicitly configure spring.jpa.open-in-view to disable this warning
2026-01-25T13:12:51.414+05:30  INFO 21320 --- [SpiderSync] [restartedMain] o.s.b.a.w.s.WelcomePageHandlerMapping    : Adding welcome page: class path resource [static/index.html]
2026-01-25T13:12:51.509+05:30 DEBUG 21320 --- [SpiderSync] [restartedMain] s.w.s.m.m.a.RequestMappingHandlerMapping : 19 mappings in 'requestMappingHandlerMapping'
2026-01-25T13:12:51.683+05:30 DEBUG 21320 --- [SpiderSync] [restartedMain] o.s.w.s.handler.SimpleUrlHandlerMapping  : Patterns [/webjars/**, /**, /swagger-ui*/*swagger-initializer.js, /swagger-ui*/**] in 'resourceHandlerMapping'
2026-01-25T13:12:52.108+05:30  INFO 21320 --- [SpiderSync] [restartedMain] o.s.b.a.e.web.EndpointLinksResolver      : Exposing 4 endpoints beneath base path '/actuator'
2026-01-25T13:12:52.250+05:30 DEBUG 21320 --- [SpiderSync] [restartedMain] o.s.s.web.DefaultSecurityFilterChain     : Will secure any request with filters: DisableEncodeUrlFilter, WebAsyncManagerIntegrationFilter, SecurityContextHolderFilter, HeaderWriterFilter, LogoutFilter, RateLimitingFilter, JwtAuthenticationFilter, RequestCacheAwareFilter, SecurityContextHolderAwareRequestFilter, AnonymousAuthenticationFilter, SessionManagementFilter, ExceptionTranslationFilter, AuthorizationFilter
2026-01-25T13:12:52.395+05:30 DEBUG 21320 --- [SpiderSync] [restartedMain] s.w.s.m.m.a.RequestMappingHandlerAdapter : ControllerAdvice beans: 0 @ModelAttribute, 0 @InitBinder, 1 RequestBodyAdvice, 1 ResponseBodyAdvice
2026-01-25T13:12:52.467+05:30 DEBUG 21320 --- [SpiderSync] [restartedMain] .m.m.a.ExceptionHandlerExceptionResolver : ControllerAdvice beans: 1 @ExceptionHandler, 1 ResponseBodyAdvice
2026-01-25T13:12:52.956+05:30  WARN 21320 --- [SpiderSync] [restartedMain] i.m.c.i.b.cache.CaffeineCacheMetrics     : The cache 'robots-txt' is not recording statistics. No meters except 'cache.size' will be registered. Call 'Caffeine#recordStats()' prior to building the cache for metrics to be recorded.
2026-01-25T13:12:52.958+05:30  WARN 21320 --- [SpiderSync] [restartedMain] i.m.c.i.b.cache.CaffeineCacheMetrics     : The cache 'pages' is not recording statistics. No meters except 'cache.size' will be registered. Call 'Caffeine#recordStats()' prior to building the cache for metrics to be recorded.
2026-01-25T13:12:52.958+05:30  WARN 21320 --- [SpiderSync] [restartedMain] i.m.c.i.b.cache.CaffeineCacheMetrics     : The cache 'search-results' is not recording statistics. No meters except 'cache.size' will be registered. Call 'Caffeine#recordStats()' prior to building the cache for metrics to be recorded.
2026-01-25T13:12:53.232+05:30  INFO 21320 --- [SpiderSync] [restartedMain] o.s.b.d.a.OptionalLiveReloadServer       : LiveReload server is running on port 35729
2026-01-25T13:12:53.316+05:30  INFO 21320 --- [SpiderSync] [restartedMain] o.s.b.w.embedded.tomcat.TomcatWebServer  : Tomcat started on port 8081 (http) with context path '/'
2026-01-25T13:12:53.335+05:30  INFO 21320 --- [SpiderSync] [restartedMain] c.P.SpiderSync.SpiderSyncApplication     : Started SpiderSyncApplication in 10.078 seconds (process running for 10.735)
2026-01-25T13:12:53.407+05:30  INFO 21320 --- [SpiderSync] [restartedMain] c.P.S.service.DataSeedingService         : Checking for data seeding requirements...
2026-01-25T13:12:53.497+05:30 DEBUG 21320 --- [SpiderSync] [restartedMain] org.hibernate.SQL                        : 
    select
        p1_0.id,
        p1_0.content,
        p1_0.content_hash,
        p1_0.crawl_depth,
        p1_0.created_at,
        p1_0.description,
        p1_0.keywords,
        p1_0.language,
        p1_0.last_crawled_at,
        p1_0.page_rank,
        p1_0.response_time,
        p1_0.status_code,
        p1_0.title,
        p1_0.updated_at,
        p1_0.url 
    from
        pages p1_0 
    where
        p1_0.url in (?, ?, ?, ?, ?, ?, ?, ?, ?, ?, ?, ?, ?, ?, ?, ?, ?, ?, ?)
2026-01-25T13:12:53.544+05:30  INFO 21320 --- [SpiderSync] [restartedMain] c.P.S.service.DataSeedingService         : All seed pages already exist in database.
2026-01-25T13:12:53.582+05:30 ERROR 21320 --- [SpiderSync] [restartedMain] c.P.SpiderSync.service.IndexingService   : Error checking index existence: Connection refused: getsockopt
2026-01-25T13:12:53.582+05:30  INFO 21320 --- [SpiderSync] [restartedMain] c.P.S.service.DataSeedingService         : Elasticsearch index is missing or empty. Populating from database...
2026-01-25T13:12:53.597+05:30 DEBUG 21320 --- [SpiderSync] [restartedMain] org.hibernate.SQL                        : 
    select
        p1_0.id,
        p1_0.content,
        p1_0.content_hash,
        p1_0.crawl_depth,
        p1_0.created_at,
        p1_0.description,
        p1_0.keywords,
        p1_0.language,
        p1_0.last_crawled_at,
        p1_0.page_rank,
        p1_0.response_time,
        p1_0.status_code,
        p1_0.title,
        p1_0.updated_at,
        p1_0.url 
    from
        pages p1_0
2026-01-25T13:12:53.613+05:30 ERROR 21320 --- [SpiderSync] [restartedMain] c.P.SpiderSync.service.IndexingService   : Error creating Elasticsearch index: Connection refused: getsockopt
2026-01-25T13:12:53.642+05:30 ERROR 21320 --- [SpiderSync] [restartedMain] c.P.SpiderSync.service.IndexingService   : Error in bulk indexing: Connection refused: getsockopt
2026-01-25T13:12:53.642+05:30  INFO 21320 --- [SpiderSync] [restartedMain] c.P.S.service.DataSeedingService         : Successfully indexed 19 total pages from database.
2026-01-25T13:12:53.643+05:30  INFO 21320 --- [SpiderSync] [restartedMain] c.P.S.service.DataSeedingService         : Data seeding and indexing check completed!
2026-01-25T13:32:41.094+05:30  INFO 3812 --- [SpiderSync] [restartedMain] c.P.SpiderSync.SpiderSyncApplication     : Starting SpiderSyncApplication using Java 25.0.2 with PID 3812 (C:\Users\LOQ\SpiderSync\target\classes started by LOQ in C:\Users\LOQ\SpiderSync)
2026-01-25T13:32:41.097+05:30 DEBUG 3812 --- [SpiderSync] [restartedMain] c.P.SpiderSync.SpiderSyncApplication     : Running with Spring Boot v3.4.1, Spring v6.2.1
2026-01-25T13:32:41.099+05:30  INFO 3812 --- [SpiderSync] [restartedMain] c.P.SpiderSync.SpiderSyncApplication     : No active profile set, falling back to 1 default profile: "default"
2026-01-25T13:32:41.197+05:30  INFO 3812 --- [SpiderSync] [restartedMain] o.s.b.devtools.restart.ChangeableUrls    : The Class-Path manifest attribute in C:\Users\LOQ\.m2\repository\org\apache\opennlp\opennlp-tools\2.3.1\opennlp-tools-2.3.1.jar referenced one or more files that do not exist: file:/C:/Users/LOQ/.m2/repository/org/apache/opennlp/opennlp-tools/2.3.1/slf4j-api-1.7.36.jar
2026-01-25T13:32:41.199+05:30  INFO 3812 --- [SpiderSync] [restartedMain] .e.DevToolsPropertyDefaultsPostProcessor : Devtools property defaults active! Set 'spring.devtools.add-properties' to 'false' to disable
2026-01-25T13:32:41.199+05:30  INFO 3812 --- [SpiderSync] [restartedMain] .e.DevToolsPropertyDefaultsPostProcessor : For additional web related logging consider setting the 'logging.level.web' property to 'DEBUG'
2026-01-25T13:32:44.426+05:30  INFO 3812 --- [SpiderSync] [restartedMain] .s.d.r.c.RepositoryConfigurationDelegate : Multiple Spring Data modules found, entering strict repository configuration mode
2026-01-25T13:32:44.429+05:30  INFO 3812 --- [SpiderSync] [restartedMain] .s.d.r.c.RepositoryConfigurationDelegate : Bootstrapping Spring Data JPA repositories in DEFAULT mode.
2026-01-25T13:32:44.696+05:30  INFO 3812 --- [SpiderSync] [restartedMain] .s.d.r.c.RepositoryConfigurationDelegate : Finished Spring Data repository scanning in 252 ms. Found 4 JPA repository interfaces.
2026-01-25T13:32:44.717+05:30  INFO 3812 --- [SpiderSync] [restartedMain] .s.d.r.c.RepositoryConfigurationDelegate : Multiple Spring Data modules found, entering strict repository configuration mode
2026-01-25T13:32:44.723+05:30  INFO 3812 --- [SpiderSync] [restartedMain] .s.d.r.c.RepositoryConfigurationDelegate : Bootstrapping Spring Data Redis repositories in DEFAULT mode.
2026-01-25T13:32:44.756+05:30  INFO 3812 --- [SpiderSync] [restartedMain] .RepositoryConfigurationExtensionSupport : Spring Data Redis - Could not safely identify store assignment for repository candidate interface com.Project.SpiderSync.repositories.CrawlJobRepository; If you want this repository to be a Redis repository, consider annotating your entities with one of these annotations: org.springframework.data.redis.core.RedisHash (preferred), or consider extending one of the following types with your repository: org.springframework.data.keyvalue.repository.KeyValueRepository
2026-01-25T13:32:44.758+05:30  INFO 3812 --- [SpiderSync] [restartedMain] .RepositoryConfigurationExtensionSupport : Spring Data Redis - Could not safely identify store assignment for repository candidate interface com.Project.SpiderSync.repositories.PageRepository; If you want this repository to be a Redis repository, consider annotating your entities with one of these annotations: org.springframework.data.redis.core.RedisHash (preferred), or consider extending one of the following types with your repository: org.springframework.data.keyvalue.repository.KeyValueRepository
2026-01-25T13:32:44.759+05:30  INFO 3812 --- [SpiderSync] [restartedMain] .RepositoryConfigurationExtensionSupport : Spring Data Redis - Could not safely identify store assignment for repository candidate interface com.Project.SpiderSync.repositories.SearchQueryRepository; If you want this repository to be a Redis repository, consider annotating your entities with one of these annotations: org.springframework.data.redis.core.RedisHash (preferred), or consider extending one of the following types with your repository: org.springframework.data.keyvalue.repository.KeyValueRepository
2026-01-25T13:32:44.759+05:30  INFO 3812 --- [SpiderSync] [restartedMain] .RepositoryConfigurationExtensionSupport : Spring Data Redis - Could not safely identify store assignment for repository candidate interface com.Project.SpiderSync.repositories.UserRepository; If you want this repository to be a Redis repository, consider annotating your entities with one of these annotations: org.springframework.data.redis.core.RedisHash (preferred), or consider extending one of the following types with your repository: org.springframework.data.keyvalue.repository.KeyValueRepository
2026-01-25T13:32:44.759+05:30  INFO 3812 --- [SpiderSync] [restartedMain] .s.d.r.c.RepositoryConfigurationDelegate : Finished Spring Data repository scanning in 18 ms. Found 0 Redis repository interfaces.
2026-01-25T13:32:46.837+05:30  INFO 3812 --- [SpiderSync] [restartedMain] o.s.b.w.embedded.tomcat.TomcatWebServer  : Tomcat initialized with port 8081 (http)
2026-01-25T13:32:46.862+05:30  INFO 3812 --- [SpiderSync] [restartedMain] o.apache.catalina.core.StandardService   : Starting service [Tomcat]
2026-01-25T13:32:46.863+05:30  INFO 3812 --- [SpiderSync] [restartedMain] o.apache.catalina.core.StandardEngine    : Starting Servlet engine: [Apache Tomcat/10.1.34]
2026-01-25T13:32:47.020+05:30  INFO 3812 --- [SpiderSync] [restartedMain] o.a.c.c.C.[Tomcat].[localhost].[/]       : Initializing Spring embedded WebApplicationContext
2026-01-25T13:32:47.021+05:30  INFO 3812 --- [SpiderSync] [restartedMain] w.s.c.ServletWebServerApplicationContext : Root WebApplicationContext: initialization completed in 5821 ms
2026-01-25T13:32:47.974+05:30  INFO 3812 --- [SpiderSync] [restartedMain] com.zaxxer.hikari.HikariDataSource       : HikariPool-1 - Starting...
2026-01-25T13:32:48.293+05:30  INFO 3812 --- [SpiderSync] [restartedMain] com.zaxxer.hikari.pool.HikariPool        : HikariPool-1 - Added connection com.mysql.cj.jdbc.ConnectionImpl@1a8b95b3
2026-01-25T13:32:48.296+05:30  INFO 3812 --- [SpiderSync] [restartedMain] com.zaxxer.hikari.HikariDataSource       : HikariPool-1 - Start completed.
2026-01-25T13:32:48.374+05:30  INFO 3812 --- [SpiderSync] [restartedMain] org.flywaydb.core.FlywayExecutor         : Database: jdbc:mysql://localhost:3306/search_engine?createDatabaseIfNotExists=true&useSSL=false&serverTimezone=UTC&allowPublicKeyRetrieval=true (MySQL 8.0)
2026-01-25T13:32:48.464+05:30  INFO 3812 --- [SpiderSync] [restartedMain] o.f.core.internal.command.DbValidate     : Successfully validated 1 migration (execution time 00:00.049s)
2026-01-25T13:32:48.494+05:30  INFO 3812 --- [SpiderSync] [restartedMain] o.f.core.internal.command.DbMigrate      : Current version of schema `search_engine`: 1
2026-01-25T13:32:48.503+05:30  INFO 3812 --- [SpiderSync] [restartedMain] o.f.core.internal.command.DbMigrate      : Schema `search_engine` is up to date. No migration necessary.
2026-01-25T13:32:48.738+05:30  INFO 3812 --- [SpiderSync] [restartedMain] o.hibernate.jpa.internal.util.LogHelper  : HHH000204: Processing PersistenceUnitInfo [name: default]
2026-01-25T13:32:48.891+05:30  INFO 3812 --- [SpiderSync] [restartedMain] org.hibernate.Version                    : HHH000412: Hibernate ORM core version 6.6.4.Final
2026-01-25T13:32:48.972+05:30  INFO 3812 --- [SpiderSync] [restartedMain] o.h.c.internal.RegionFactoryInitiator    : HHH000026: Second-level cache disabled
2026-01-25T13:32:49.536+05:30  INFO 3812 --- [SpiderSync] [restartedMain] o.s.o.j.p.SpringPersistenceUnitInfo      : No LoadTimeWeaver setup: ignoring JPA class transformer
2026-01-25T13:32:49.667+05:30  WARN 3812 --- [SpiderSync] [restartedMain] org.hibernate.orm.deprecation            : HHH90000025: MySQLDialect does not need to be specified explicitly using 'hibernate.dialect' (remove the property setting and it will be selected by default)
2026-01-25T13:32:49.691+05:30  INFO 3812 --- [SpiderSync] [restartedMain] org.hibernate.orm.connections.pooling    : HHH10001005: Database info:
	Database JDBC URL [Connecting through datasource 'HikariDataSource (HikariPool-1)']
	Database driver: undefined/unknown
	Database version: 8.0.44
	Autocommit mode: undefined/unknown
	Isolation level: undefined/unknown
	Minimum pool size: undefined/unknown
	Maximum pool size: undefined/unknown
2026-01-25T13:32:51.665+05:30  INFO 3812 --- [SpiderSync] [restartedMain] o.h.e.t.j.p.i.JtaPlatformInitiator       : HHH000489: No JTA platform available (set 'hibernate.transaction.jta.platform' to enable JTA platform integration)
2026-01-25T13:32:51.766+05:30  INFO 3812 --- [SpiderSync] [restartedMain] j.LocalContainerEntityManagerFactoryBean : Initialized JPA EntityManagerFactory for persistence unit 'default'
2026-01-25T13:32:52.642+05:30 DEBUG 3812 --- [SpiderSync] [restartedMain] c.P.S.security.JwtAuthenticationFilter   : Filter 'jwtAuthenticationFilter' configured for use
2026-01-25T13:32:52.645+05:30 DEBUG 3812 --- [SpiderSync] [restartedMain] o.s.w.f.ServerHttpObservationFilter      : Filter 'webMvcObservationFilter' configured for use
2026-01-25T13:32:52.645+05:30 DEBUG 3812 --- [SpiderSync] [restartedMain] c.P.S.security.RateLimitingFilter        : Filter 'rateLimitingFilter' configured for use
2026-01-25T13:32:52.794+05:30  INFO 3812 --- [SpiderSync] [restartedMain] o.s.d.j.r.query.QueryEnhancerFactory     : Hibernate is in classpath; If applicable, HQL parser will be used.
2026-01-25T13:32:53.578+05:30  INFO 3812 --- [SpiderSync] [restartedMain] r$InitializeUserDetailsManagerConfigurer : Global AuthenticationManager configured with UserDetailsService bean with name customUserDetailsService
2026-01-25T13:32:55.671+05:30  WARN 3812 --- [SpiderSync] [restartedMain] JpaBaseConfiguration$JpaWebConfiguration : spring.jpa.open-in-view is enabled by default. Therefore, database queries may be performed during view rendering. Explicitly configure spring.jpa.open-in-view to disable this warning
2026-01-25T13:32:55.890+05:30  INFO 3812 --- [SpiderSync] [restartedMain] o.s.b.a.w.s.WelcomePageHandlerMapping    : Adding welcome page: class path resource [static/index.html]
2026-01-25T13:32:56.038+05:30 DEBUG 3812 --- [SpiderSync] [restartedMain] s.w.s.m.m.a.RequestMappingHandlerMapping : 19 mappings in 'requestMappingHandlerMapping'
2026-01-25T13:32:56.359+05:30 DEBUG 3812 --- [SpiderSync] [restartedMain] o.s.w.s.handler.SimpleUrlHandlerMapping  : Patterns [/webjars/**, /**, /swagger-ui*/*swagger-initializer.js, /swagger-ui*/**] in 'resourceHandlerMapping'
2026-01-25T13:32:57.317+05:30  INFO 3812 --- [SpiderSync] [restartedMain] o.s.b.a.e.web.EndpointLinksResolver      : Exposing 4 endpoints beneath base path '/actuator'
2026-01-25T13:32:57.691+05:30 DEBUG 3812 --- [SpiderSync] [restartedMain] o.s.s.web.DefaultSecurityFilterChain     : Will secure any request with filters: DisableEncodeUrlFilter, WebAsyncManagerIntegrationFilter, SecurityContextHolderFilter, HeaderWriterFilter, LogoutFilter, RateLimitingFilter, JwtAuthenticationFilter, RequestCacheAwareFilter, SecurityContextHolderAwareRequestFilter, AnonymousAuthenticationFilter, SessionManagementFilter, ExceptionTranslationFilter, AuthorizationFilter
2026-01-25T13:32:58.090+05:30 DEBUG 3812 --- [SpiderSync] [restartedMain] s.w.s.m.m.a.RequestMappingHandlerAdapter : ControllerAdvice beans: 0 @ModelAttribute, 0 @InitBinder, 1 RequestBodyAdvice, 1 ResponseBodyAdvice
2026-01-25T13:32:58.230+05:30 DEBUG 3812 --- [SpiderSync] [restartedMain] .m.m.a.ExceptionHandlerExceptionResolver : ControllerAdvice beans: 1 @ExceptionHandler, 1 ResponseBodyAdvice
2026-01-25T13:32:59.242+05:30  WARN 3812 --- [SpiderSync] [restartedMain] i.m.c.i.b.cache.CaffeineCacheMetrics     : The cache 'robots-txt' is not recording statistics. No meters except 'cache.size' will be registered. Call 'Caffeine#recordStats()' prior to building the cache for metrics to be recorded.
2026-01-25T13:32:59.245+05:30  WARN 3812 --- [SpiderSync] [restartedMain] i.m.c.i.b.cache.CaffeineCacheMetrics     : The cache 'pages' is not recording statistics. No meters except 'cache.size' will be registered. Call 'Caffeine#recordStats()' prior to building the cache for metrics to be recorded.
2026-01-25T13:32:59.246+05:30  WARN 3812 --- [SpiderSync] [restartedMain] i.m.c.i.b.cache.CaffeineCacheMetrics     : The cache 'search-results' is not recording statistics. No meters except 'cache.size' will be registered. Call 'Caffeine#recordStats()' prior to building the cache for metrics to be recorded.
2026-01-25T13:32:59.860+05:30  WARN 3812 --- [SpiderSync] [restartedMain] o.s.b.d.a.OptionalLiveReloadServer       : Unable to start LiveReload server
2026-01-25T13:33:00.022+05:30  WARN 3812 --- [SpiderSync] [restartedMain] ConfigServletWebServerApplicationContext : Exception encountered during context initialization - cancelling refresh attempt: org.springframework.context.ApplicationContextException: Failed to start bean 'webServerStartStop'
2026-01-25T13:33:00.051+05:30  INFO 3812 --- [SpiderSync] [restartedMain] j.LocalContainerEntityManagerFactoryBean : Closing JPA EntityManagerFactory for persistence unit 'default'
2026-01-25T13:33:00.062+05:30  INFO 3812 --- [SpiderSync] [restartedMain] com.zaxxer.hikari.HikariDataSource       : HikariPool-1 - Shutdown initiated...
2026-01-25T13:33:00.079+05:30  INFO 3812 --- [SpiderSync] [restartedMain] com.zaxxer.hikari.HikariDataSource       : HikariPool-1 - Shutdown completed.
2026-01-25T13:33:00.120+05:30  INFO 3812 --- [SpiderSync] [restartedMain] .s.b.a.l.ConditionEvaluationReportLogger : 

Error starting ApplicationContext. To display the condition evaluation report re-run your application with 'debug' enabled.
2026-01-25T13:33:00.175+05:30 ERROR 3812 --- [SpiderSync] [restartedMain] o.s.b.d.LoggingFailureAnalysisReporter   : 

***************************
APPLICATION FAILED TO START
***************************

Description:

Web server failed to start. Port 8081 was already in use.

Action:

Identify and stop the process that's listening on port 8081 or configure this application to listen on another port.

2026-01-25T13:34:02.211+05:30  INFO 21320 --- [SpiderSync] [SpringApplicationShutdownHook] o.s.b.w.e.tomcat.GracefulShutdown        : Commencing graceful shutdown. Waiting for active requests to complete
2026-01-25T13:34:02.242+05:30  INFO 21320 --- [SpiderSync] [tomcat-shutdown] o.s.b.w.e.tomcat.GracefulShutdown        : Graceful shutdown complete
2026-01-25T13:34:02.346+05:30  INFO 21320 --- [SpiderSync] [SpringApplicationShutdownHook] j.LocalContainerEntityManagerFactoryBean : Closing JPA EntityManagerFactory for persistence unit 'default'
2026-01-25T13:34:02.365+05:30  INFO 21320 --- [SpiderSync] [SpringApplicationShutdownHook] com.zaxxer.hikari.HikariDataSource       : HikariPool-1 - Shutdown initiated...
2026-01-25T13:34:02.393+05:30  INFO 21320 --- [SpiderSync] [SpringApplicationShutdownHook] com.zaxxer.hikari.HikariDataSource       : HikariPool-1 - Shutdown completed.
2026-01-25T13:34:38.502+05:30  INFO 17320 --- [SpiderSync] [restartedMain] c.P.SpiderSync.SpiderSyncApplication     : Starting SpiderSyncApplication using Java 25.0.2 with PID 17320 (C:\Users\LOQ\SpiderSync\target\classes started by LOQ in C:\Users\LOQ\SpiderSync)
2026-01-25T13:34:38.504+05:30 DEBUG 17320 --- [SpiderSync] [restartedMain] c.P.SpiderSync.SpiderSyncApplication     : Running with Spring Boot v3.4.1, Spring v6.2.1
2026-01-25T13:34:38.506+05:30  INFO 17320 --- [SpiderSync] [restartedMain] c.P.SpiderSync.SpiderSyncApplication     : No active profile set, falling back to 1 default profile: "default"
2026-01-25T13:34:38.595+05:30  INFO 17320 --- [SpiderSync] [restartedMain] o.s.b.devtools.restart.ChangeableUrls    : The Class-Path manifest attribute in C:\Users\LOQ\.m2\repository\org\apache\opennlp\opennlp-tools\2.3.1\opennlp-tools-2.3.1.jar referenced one or more files that do not exist: file:/C:/Users/LOQ/.m2/repository/org/apache/opennlp/opennlp-tools/2.3.1/slf4j-api-1.7.36.jar
2026-01-25T13:34:38.598+05:30  INFO 17320 --- [SpiderSync] [restartedMain] .e.DevToolsPropertyDefaultsPostProcessor : Devtools property defaults active! Set 'spring.devtools.add-properties' to 'false' to disable
2026-01-25T13:34:38.598+05:30  INFO 17320 --- [SpiderSync] [restartedMain] .e.DevToolsPropertyDefaultsPostProcessor : For additional web related logging consider setting the 'logging.level.web' property to 'DEBUG'
2026-01-25T13:34:41.580+05:30  INFO 17320 --- [SpiderSync] [restartedMain] .s.d.r.c.RepositoryConfigurationDelegate : Multiple Spring Data modules found, entering strict repository configuration mode
2026-01-25T13:34:41.584+05:30  INFO 17320 --- [SpiderSync] [restartedMain] .s.d.r.c.RepositoryConfigurationDelegate : Bootstrapping Spring Data JPA repositories in DEFAULT mode.
2026-01-25T13:34:41.844+05:30  INFO 17320 --- [SpiderSync] [restartedMain] .s.d.r.c.RepositoryConfigurationDelegate : Finished Spring Data repository scanning in 246 ms. Found 4 JPA repository interfaces.
2026-01-25T13:34:41.868+05:30  INFO 17320 --- [SpiderSync] [restartedMain] .s.d.r.c.RepositoryConfigurationDelegate : Multiple Spring Data modules found, entering strict repository configuration mode
2026-01-25T13:34:41.872+05:30  INFO 17320 --- [SpiderSync] [restartedMain] .s.d.r.c.RepositoryConfigurationDelegate : Bootstrapping Spring Data Redis repositories in DEFAULT mode.
2026-01-25T13:34:41.904+05:30  INFO 17320 --- [SpiderSync] [restartedMain] .RepositoryConfigurationExtensionSupport : Spring Data Redis - Could not safely identify store assignment for repository candidate interface com.Project.SpiderSync.repositories.CrawlJobRepository; If you want this repository to be a Redis repository, consider annotating your entities with one of these annotations: org.springframework.data.redis.core.RedisHash (preferred), or consider extending one of the following types with your repository: org.springframework.data.keyvalue.repository.KeyValueRepository
2026-01-25T13:34:41.904+05:30  INFO 17320 --- [SpiderSync] [restartedMain] .RepositoryConfigurationExtensionSupport : Spring Data Redis - Could not safely identify store assignment for repository candidate interface com.Project.SpiderSync.repositories.PageRepository; If you want this repository to be a Redis repository, consider annotating your entities with one of these annotations: org.springframework.data.redis.core.RedisHash (preferred), or consider extending one of the following types with your repository: org.springframework.data.keyvalue.repository.KeyValueRepository
2026-01-25T13:34:41.906+05:30  INFO 17320 --- [SpiderSync] [restartedMain] .RepositoryConfigurationExtensionSupport : Spring Data Redis - Could not safely identify store assignment for repository candidate interface com.Project.SpiderSync.repositories.SearchQueryRepository; If you want this repository to be a Redis repository, consider annotating your entities with one of these annotations: org.springframework.data.redis.core.RedisHash (preferred), or consider extending one of the following types with your repository: org.springframework.data.keyvalue.repository.KeyValueRepository
2026-01-25T13:34:41.907+05:30  INFO 17320 --- [SpiderSync] [restartedMain] .RepositoryConfigurationExtensionSupport : Spring Data Redis - Could not safely identify store assignment for repository candidate interface com.Project.SpiderSync.repositories.UserRepository; If you want this repository to be a Redis repository, consider annotating your entities with one of these annotations: org.springframework.data.redis.core.RedisHash (preferred), or consider extending one of the following types with your repository: org.springframework.data.keyvalue.repository.KeyValueRepository
2026-01-25T13:34:41.907+05:30  INFO 17320 --- [SpiderSync] [restartedMain] .s.d.r.c.RepositoryConfigurationDelegate : Finished Spring Data repository scanning in 17 ms. Found 0 Redis repository interfaces.
2026-01-25T13:34:43.884+05:30  INFO 17320 --- [SpiderSync] [restartedMain] o.s.b.w.embedded.tomcat.TomcatWebServer  : Tomcat initialized with port 8081 (http)
2026-01-25T13:34:43.905+05:30  INFO 17320 --- [SpiderSync] [restartedMain] o.apache.catalina.core.StandardService   : Starting service [Tomcat]
2026-01-25T13:34:43.908+05:30  INFO 17320 --- [SpiderSync] [restartedMain] o.apache.catalina.core.StandardEngine    : Starting Servlet engine: [Apache Tomcat/10.1.34]
2026-01-25T13:34:44.058+05:30  INFO 17320 --- [SpiderSync] [restartedMain] o.a.c.c.C.[Tomcat].[localhost].[/]       : Initializing Spring embedded WebApplicationContext
2026-01-25T13:34:44.060+05:30  INFO 17320 --- [SpiderSync] [restartedMain] w.s.c.ServletWebServerApplicationContext : Root WebApplicationContext: initialization completed in 5461 ms
2026-01-25T13:34:44.942+05:30  INFO 17320 --- [SpiderSync] [restartedMain] com.zaxxer.hikari.HikariDataSource       : HikariPool-1 - Starting...
2026-01-25T13:34:45.255+05:30  INFO 17320 --- [SpiderSync] [restartedMain] com.zaxxer.hikari.pool.HikariPool        : HikariPool-1 - Added connection com.mysql.cj.jdbc.ConnectionImpl@2875a951
2026-01-25T13:34:45.258+05:30  INFO 17320 --- [SpiderSync] [restartedMain] com.zaxxer.hikari.HikariDataSource       : HikariPool-1 - Start completed.
2026-01-25T13:34:45.339+05:30  INFO 17320 --- [SpiderSync] [restartedMain] org.flywaydb.core.FlywayExecutor         : Database: jdbc:mysql://localhost:3306/search_engine?createDatabaseIfNotExists=true&useSSL=false&serverTimezone=UTC&allowPublicKeyRetrieval=true (MySQL 8.0)
2026-01-25T13:34:45.415+05:30  INFO 17320 --- [SpiderSync] [restartedMain] o.f.core.internal.command.DbValidate     : Successfully validated 1 migration (execution time 00:00.041s)
2026-01-25T13:34:45.446+05:30  INFO 17320 --- [SpiderSync] [restartedMain] o.f.core.internal.command.DbMigrate      : Current version of schema `search_engine`: 1
2026-01-25T13:34:45.458+05:30  INFO 17320 --- [SpiderSync] [restartedMain] o.f.core.internal.command.DbMigrate      : Schema `search_engine` is up to date. No migration necessary.
2026-01-25T13:34:45.658+05:30  INFO 17320 --- [SpiderSync] [restartedMain] o.hibernate.jpa.internal.util.LogHelper  : HHH000204: Processing PersistenceUnitInfo [name: default]
2026-01-25T13:34:45.772+05:30  INFO 17320 --- [SpiderSync] [restartedMain] org.hibernate.Version                    : HHH000412: Hibernate ORM core version 6.6.4.Final
2026-01-25T13:34:45.838+05:30  INFO 17320 --- [SpiderSync] [restartedMain] o.h.c.internal.RegionFactoryInitiator    : HHH000026: Second-level cache disabled
2026-01-25T13:34:46.334+05:30  INFO 17320 --- [SpiderSync] [restartedMain] o.s.o.j.p.SpringPersistenceUnitInfo      : No LoadTimeWeaver setup: ignoring JPA class transformer
2026-01-25T13:34:46.440+05:30  WARN 17320 --- [SpiderSync] [restartedMain] org.hibernate.orm.deprecation            : HHH90000025: MySQLDialect does not need to be specified explicitly using 'hibernate.dialect' (remove the property setting and it will be selected by default)
2026-01-25T13:34:46.461+05:30  INFO 17320 --- [SpiderSync] [restartedMain] org.hibernate.orm.connections.pooling    : HHH10001005: Database info:
	Database JDBC URL [Connecting through datasource 'HikariDataSource (HikariPool-1)']
	Database driver: undefined/unknown
	Database version: 8.0.44
	Autocommit mode: undefined/unknown
	Isolation level: undefined/unknown
	Minimum pool size: undefined/unknown
	Maximum pool size: undefined/unknown
2026-01-25T13:34:47.948+05:30  INFO 17320 --- [SpiderSync] [restartedMain] o.h.e.t.j.p.i.JtaPlatformInitiator       : HHH000489: No JTA platform available (set 'hibernate.transaction.jta.platform' to enable JTA platform integration)
2026-01-25T13:34:48.042+05:30  INFO 17320 --- [SpiderSync] [restartedMain] j.LocalContainerEntityManagerFactoryBean : Initialized JPA EntityManagerFactory for persistence unit 'default'
2026-01-25T13:34:48.708+05:30 DEBUG 17320 --- [SpiderSync] [restartedMain] c.P.S.security.JwtAuthenticationFilter   : Filter 'jwtAuthenticationFilter' configured for use
2026-01-25T13:34:48.712+05:30 DEBUG 17320 --- [SpiderSync] [restartedMain] o.s.w.f.ServerHttpObservationFilter      : Filter 'webMvcObservationFilter' configured for use
2026-01-25T13:34:48.713+05:30 DEBUG 17320 --- [SpiderSync] [restartedMain] c.P.S.security.RateLimitingFilter        : Filter 'rateLimitingFilter' configured for use
2026-01-25T13:34:48.809+05:30  INFO 17320 --- [SpiderSync] [restartedMain] o.s.d.j.r.query.QueryEnhancerFactory     : Hibernate is in classpath; If applicable, HQL parser will be used.
2026-01-25T13:34:49.324+05:30  INFO 17320 --- [SpiderSync] [restartedMain] r$InitializeUserDetailsManagerConfigurer : Global AuthenticationManager configured with UserDetailsService bean with name customUserDetailsService
2026-01-25T13:34:51.108+05:30  WARN 17320 --- [SpiderSync] [restartedMain] JpaBaseConfiguration$JpaWebConfiguration : spring.jpa.open-in-view is enabled by default. Therefore, database queries may be performed during view rendering. Explicitly configure spring.jpa.open-in-view to disable this warning
2026-01-25T13:34:51.329+05:30  INFO 17320 --- [SpiderSync] [restartedMain] o.s.b.a.w.s.WelcomePageHandlerMapping    : Adding welcome page: class path resource [static/index.html]
2026-01-25T13:34:51.464+05:30 DEBUG 17320 --- [SpiderSync] [restartedMain] s.w.s.m.m.a.RequestMappingHandlerMapping : 19 mappings in 'requestMappingHandlerMapping'
2026-01-25T13:34:51.766+05:30 DEBUG 17320 --- [SpiderSync] [restartedMain] o.s.w.s.handler.SimpleUrlHandlerMapping  : Patterns [/webjars/**, /**, /swagger-ui*/*swagger-initializer.js, /swagger-ui*/**] in 'resourceHandlerMapping'
2026-01-25T13:34:52.623+05:30  INFO 17320 --- [SpiderSync] [restartedMain] o.s.b.a.e.web.EndpointLinksResolver      : Exposing 4 endpoints beneath base path '/actuator'
2026-01-25T13:34:52.925+05:30 DEBUG 17320 --- [SpiderSync] [restartedMain] o.s.s.web.DefaultSecurityFilterChain     : Will secure any request with filters: DisableEncodeUrlFilter, WebAsyncManagerIntegrationFilter, SecurityContextHolderFilter, HeaderWriterFilter, LogoutFilter, RateLimitingFilter, JwtAuthenticationFilter, RequestCacheAwareFilter, SecurityContextHolderAwareRequestFilter, AnonymousAuthenticationFilter, SessionManagementFilter, ExceptionTranslationFilter, AuthorizationFilter
2026-01-25T13:34:53.258+05:30 DEBUG 17320 --- [SpiderSync] [restartedMain] s.w.s.m.m.a.RequestMappingHandlerAdapter : ControllerAdvice beans: 0 @ModelAttribute, 0 @InitBinder, 1 RequestBodyAdvice, 1 ResponseBodyAdvice
2026-01-25T13:34:53.405+05:30 DEBUG 17320 --- [SpiderSync] [restartedMain] .m.m.a.ExceptionHandlerExceptionResolver : ControllerAdvice beans: 1 @ExceptionHandler, 1 ResponseBodyAdvice
2026-01-25T13:34:54.287+05:30  WARN 17320 --- [SpiderSync] [restartedMain] i.m.c.i.b.cache.CaffeineCacheMetrics     : The cache 'robots-txt' is not recording statistics. No meters except 'cache.size' will be registered. Call 'Caffeine#recordStats()' prior to building the cache for metrics to be recorded.
2026-01-25T13:34:54.290+05:30  WARN 17320 --- [SpiderSync] [restartedMain] i.m.c.i.b.cache.CaffeineCacheMetrics     : The cache 'pages' is not recording statistics. No meters except 'cache.size' will be registered. Call 'Caffeine#recordStats()' prior to building the cache for metrics to be recorded.
2026-01-25T13:34:54.290+05:30  WARN 17320 --- [SpiderSync] [restartedMain] i.m.c.i.b.cache.CaffeineCacheMetrics     : The cache 'search-results' is not recording statistics. No meters except 'cache.size' will be registered. Call 'Caffeine#recordStats()' prior to building the cache for metrics to be recorded.
2026-01-25T13:34:54.724+05:30  INFO 17320 --- [SpiderSync] [restartedMain] o.s.b.d.a.OptionalLiveReloadServer       : LiveReload server is running on port 35729
2026-01-25T13:34:54.858+05:30  INFO 17320 --- [SpiderSync] [restartedMain] o.s.b.w.embedded.tomcat.TomcatWebServer  : Tomcat started on port 8081 (http) with context path '/'
2026-01-25T13:34:54.892+05:30  INFO 17320 --- [SpiderSync] [restartedMain] c.P.SpiderSync.SpiderSyncApplication     : Started SpiderSyncApplication in 17.185 seconds (process running for 18.415)
2026-01-25T13:34:55.026+05:30  INFO 17320 --- [SpiderSync] [restartedMain] c.P.S.service.DataSeedingService         : Checking for data seeding requirements...
2026-01-25T13:34:55.232+05:30 DEBUG 17320 --- [SpiderSync] [restartedMain] org.hibernate.SQL                        : 
    select
        p1_0.id,
        p1_0.content,
        p1_0.content_hash,
        p1_0.crawl_depth,
        p1_0.created_at,
        p1_0.description,
        p1_0.keywords,
        p1_0.language,
        p1_0.last_crawled_at,
        p1_0.page_rank,
        p1_0.response_time,
        p1_0.status_code,
        p1_0.title,
        p1_0.updated_at,
        p1_0.url 
    from
        pages p1_0 
    where
        p1_0.url in (?, ?, ?, ?, ?, ?, ?, ?, ?, ?, ?, ?, ?, ?, ?, ?, ?, ?, ?)
2026-01-25T13:34:55.317+05:30  INFO 17320 --- [SpiderSync] [restartedMain] c.P.S.service.DataSeedingService         : All seed pages already exist in database.
2026-01-25T13:34:55.393+05:30 ERROR 17320 --- [SpiderSync] [restartedMain] c.P.SpiderSync.service.IndexingService   : Error checking index existence: Connection refused: getsockopt
2026-01-25T13:34:55.393+05:30  INFO 17320 --- [SpiderSync] [restartedMain] c.P.S.service.DataSeedingService         : Elasticsearch index is missing or empty. Populating from database...
2026-01-25T13:34:55.421+05:30 DEBUG 17320 --- [SpiderSync] [restartedMain] org.hibernate.SQL                        : 
    select
        p1_0.id,
        p1_0.content,
        p1_0.content_hash,
        p1_0.crawl_depth,
        p1_0.created_at,
        p1_0.description,
        p1_0.keywords,
        p1_0.language,
        p1_0.last_crawled_at,
        p1_0.page_rank,
        p1_0.response_time,
        p1_0.status_code,
        p1_0.title,
        p1_0.updated_at,
        p1_0.url 
    from
        pages p1_0
2026-01-25T13:34:55.439+05:30 ERROR 17320 --- [SpiderSync] [restartedMain] c.P.SpiderSync.service.IndexingService   : Error creating Elasticsearch index: Connection refused: getsockopt
2026-01-25T13:34:55.494+05:30 ERROR 17320 --- [SpiderSync] [restartedMain] c.P.SpiderSync.service.IndexingService   : Error in bulk indexing: Connection refused: getsockopt
2026-01-25T13:34:55.496+05:30  INFO 17320 --- [SpiderSync] [restartedMain] c.P.S.service.DataSeedingService         : Successfully indexed 19 total pages from database.
2026-01-25T13:34:55.497+05:30  INFO 17320 --- [SpiderSync] [restartedMain] c.P.S.service.DataSeedingService         : Data seeding and indexing check completed!
2026-01-25T13:35:53.445+05:30  INFO 17320 --- [SpiderSync] [http-nio-8081-exec-1] o.a.c.c.C.[Tomcat].[localhost].[/]       : Initializing Spring DispatcherServlet 'dispatcherServlet'
2026-01-25T13:35:53.446+05:30  INFO 17320 --- [SpiderSync] [http-nio-8081-exec-1] o.s.web.servlet.DispatcherServlet        : Initializing Servlet 'dispatcherServlet'
2026-01-25T13:35:53.446+05:30 DEBUG 17320 --- [SpiderSync] [http-nio-8081-exec-1] o.s.web.servlet.DispatcherServlet        : Detected StandardServletMultipartResolver
2026-01-25T13:35:53.446+05:30 DEBUG 17320 --- [SpiderSync] [http-nio-8081-exec-1] o.s.web.servlet.DispatcherServlet        : Detected AcceptHeaderLocaleResolver
2026-01-25T13:35:53.446+05:30 DEBUG 17320 --- [SpiderSync] [http-nio-8081-exec-1] o.s.web.servlet.DispatcherServlet        : Detected FixedThemeResolver
2026-01-25T13:35:53.448+05:30 DEBUG 17320 --- [SpiderSync] [http-nio-8081-exec-1] o.s.web.servlet.DispatcherServlet        : Detected org.springframework.web.servlet.view.DefaultRequestToViewNameTranslator@7ffef7e
2026-01-25T13:35:53.449+05:30 DEBUG 17320 --- [SpiderSync] [http-nio-8081-exec-1] o.s.web.servlet.DispatcherServlet        : Detected org.springframework.web.servlet.support.SessionFlashMapManager@21c887e0
2026-01-25T13:35:53.449+05:30 DEBUG 17320 --- [SpiderSync] [http-nio-8081-exec-1] o.s.web.servlet.DispatcherServlet        : enableLoggingRequestDetails='false': request parameters and headers will be masked to prevent unsafe logging of potentially sensitive data
2026-01-25T13:35:53.450+05:30  INFO 17320 --- [SpiderSync] [http-nio-8081-exec-1] o.s.web.servlet.DispatcherServlet        : Completed initialization in 4 ms
2026-01-25T13:35:53.485+05:30 DEBUG 17320 --- [SpiderSync] [http-nio-8081-exec-1] o.s.security.web.FilterChainProxy        : Securing GET /
2026-01-25T13:35:53.508+05:30 DEBUG 17320 --- [SpiderSync] [http-nio-8081-exec-1] o.s.s.w.a.AnonymousAuthenticationFilter  : Set SecurityContextHolder to anonymous SecurityContext
2026-01-25T13:35:53.517+05:30 DEBUG 17320 --- [SpiderSync] [http-nio-8081-exec-1] o.s.security.web.FilterChainProxy        : Secured GET /
2026-01-25T13:35:53.522+05:30 DEBUG 17320 --- [SpiderSync] [http-nio-8081-exec-1] o.s.web.servlet.DispatcherServlet        : GET "/", parameters={}
2026-01-25T13:35:53.545+05:30 DEBUG 17320 --- [SpiderSync] [http-nio-8081-exec-1] o.s.w.s.v.ContentNegotiatingViewResolver : Selected '*/*' given [*/*]
2026-01-25T13:35:53.546+05:30 DEBUG 17320 --- [SpiderSync] [http-nio-8081-exec-1] o.s.w.servlet.view.InternalResourceView  : View name [forward:], model {}
2026-01-25T13:35:53.551+05:30 DEBUG 17320 --- [SpiderSync] [http-nio-8081-exec-1] o.s.w.servlet.view.InternalResourceView  : Forwarding to [index.html]
2026-01-25T13:35:53.562+05:30 DEBUG 17320 --- [SpiderSync] [http-nio-8081-exec-1] o.s.security.web.FilterChainProxy        : Securing GET /index.html
2026-01-25T13:35:53.575+05:30 DEBUG 17320 --- [SpiderSync] [http-nio-8081-exec-1] o.s.security.web.FilterChainProxy        : Secured GET /index.html
2026-01-25T13:35:53.576+05:30 DEBUG 17320 --- [SpiderSync] [http-nio-8081-exec-1] o.s.web.servlet.DispatcherServlet        : "FORWARD" dispatch for GET "/index.html", parameters={}
2026-01-25T13:35:53.578+05:30 DEBUG 17320 --- [SpiderSync] [http-nio-8081-exec-1] o.s.w.s.handler.SimpleUrlHandlerMapping  : Mapped to ResourceHttpRequestHandler [classpath [META-INF/resources/], classpath [resources/], classpath [static/], classpath [public/], ServletContext [/]]
2026-01-25T13:35:53.626+05:30 DEBUG 17320 --- [SpiderSync] [http-nio-8081-exec-1] o.s.web.servlet.DispatcherServlet        : Exiting from "FORWARD" dispatch, status 200
2026-01-25T13:35:53.631+05:30 DEBUG 17320 --- [SpiderSync] [http-nio-8081-exec-1] o.s.web.servlet.DispatcherServlet        : Completed 200 OK
2026-01-25T13:36:04.756+05:30 DEBUG 17320 --- [SpiderSync] [http-nio-8081-exec-3] o.s.security.web.FilterChainProxy        : Securing GET /HNAP1/
2026-01-25T13:36:04.758+05:30 DEBUG 17320 --- [SpiderSync] [http-nio-8081-exec-3] o.s.s.w.a.AnonymousAuthenticationFilter  : Set SecurityContextHolder to anonymous SecurityContext
2026-01-25T13:36:04.764+05:30 DEBUG 17320 --- [SpiderSync] [http-nio-8081-exec-3] o.s.s.w.a.Http403ForbiddenEntryPoint     : Pre-authenticated entry point called. Rejecting access
2026-01-25T13:36:04.768+05:30 DEBUG 17320 --- [SpiderSync] [http-nio-8081-exec-3] o.s.security.web.FilterChainProxy        : Securing GET /error
2026-01-25T13:36:04.770+05:30 DEBUG 17320 --- [SpiderSync] [http-nio-8081-exec-3] o.s.s.w.a.AnonymousAuthenticationFilter  : Set SecurityContextHolder to anonymous SecurityContext
2026-01-25T13:36:04.770+05:30 DEBUG 17320 --- [SpiderSync] [http-nio-8081-exec-3] o.s.s.w.a.Http403ForbiddenEntryPoint     : Pre-authenticated entry point called. Rejecting access
2026-01-25T13:36:07.020+05:30 DEBUG 17320 --- [SpiderSync] [http-nio-8081-exec-4] o.s.security.web.FilterChainProxy        : Securing GET /
2026-01-25T13:36:07.022+05:30 DEBUG 17320 --- [SpiderSync] [http-nio-8081-exec-4] o.s.s.w.a.AnonymousAuthenticationFilter  : Set SecurityContextHolder to anonymous SecurityContext
2026-01-25T13:36:07.022+05:30 DEBUG 17320 --- [SpiderSync] [http-nio-8081-exec-4] o.s.security.web.FilterChainProxy        : Secured GET /
2026-01-25T13:36:07.023+05:30 DEBUG 17320 --- [SpiderSync] [http-nio-8081-exec-4] o.s.web.servlet.DispatcherServlet        : GET "/", parameters={}
2026-01-25T13:36:07.024+05:30 DEBUG 17320 --- [SpiderSync] [http-nio-8081-exec-4] o.s.w.s.v.ContentNegotiatingViewResolver : Selected '*/*' given [*/*]
2026-01-25T13:36:07.024+05:30 DEBUG 17320 --- [SpiderSync] [http-nio-8081-exec-4] o.s.w.servlet.view.InternalResourceView  : View name [forward:], model {}
2026-01-25T13:36:07.025+05:30 DEBUG 17320 --- [SpiderSync] [http-nio-8081-exec-4] o.s.w.servlet.view.InternalResourceView  : Forwarding to [index.html]
2026-01-25T13:36:07.026+05:30 DEBUG 17320 --- [SpiderSync] [http-nio-8081-exec-4] o.s.security.web.FilterChainProxy        : Securing GET /index.html
2026-01-25T13:36:07.027+05:30 DEBUG 17320 --- [SpiderSync] [http-nio-8081-exec-4] o.s.security.web.FilterChainProxy        : Secured GET /index.html
2026-01-25T13:36:07.027+05:30 DEBUG 17320 --- [SpiderSync] [http-nio-8081-exec-4] o.s.web.servlet.DispatcherServlet        : "FORWARD" dispatch for GET "/index.html", parameters={}
2026-01-25T13:36:07.028+05:30 DEBUG 17320 --- [SpiderSync] [http-nio-8081-exec-4] o.s.w.s.handler.SimpleUrlHandlerMapping  : Mapped to ResourceHttpRequestHandler [classpath [META-INF/resources/], classpath [resources/], classpath [static/], classpath [public/], ServletContext [/]]
2026-01-25T13:36:07.032+05:30 DEBUG 17320 --- [SpiderSync] [http-nio-8081-exec-4] o.s.web.servlet.DispatcherServlet        : Exiting from "FORWARD" dispatch, status 200
2026-01-25T13:36:07.033+05:30 DEBUG 17320 --- [SpiderSync] [http-nio-8081-exec-4] o.s.web.servlet.DispatcherServlet        : Completed 200 OK
2026-01-25T13:36:09.316+05:30 DEBUG 17320 --- [SpiderSync] [http-nio-8081-exec-5] o.s.security.web.FilterChainProxy        : Securing GET /loginMsg.js
2026-01-25T13:36:09.317+05:30 DEBUG 17320 --- [SpiderSync] [http-nio-8081-exec-5] o.s.s.w.a.AnonymousAuthenticationFilter  : Set SecurityContextHolder to anonymous SecurityContext
2026-01-25T13:36:09.318+05:30 DEBUG 17320 --- [SpiderSync] [http-nio-8081-exec-5] o.s.s.w.a.Http403ForbiddenEntryPoint     : Pre-authenticated entry point called. Rejecting access
2026-01-25T13:36:09.321+05:30 DEBUG 17320 --- [SpiderSync] [http-nio-8081-exec-5] o.s.security.web.FilterChainProxy        : Securing GET /error
2026-01-25T13:36:09.322+05:30 DEBUG 17320 --- [SpiderSync] [http-nio-8081-exec-5] o.s.s.w.a.AnonymousAuthenticationFilter  : Set SecurityContextHolder to anonymous SecurityContext
2026-01-25T13:36:09.323+05:30 DEBUG 17320 --- [SpiderSync] [http-nio-8081-exec-5] o.s.s.w.a.Http403ForbiddenEntryPoint     : Pre-authenticated entry point called. Rejecting access
2026-01-25T13:36:09.328+05:30 DEBUG 17320 --- [SpiderSync] [http-nio-8081-exec-6] o.s.security.web.FilterChainProxy        : Securing GET /cgi/get.cgi?cmd=home_login
2026-01-25T13:36:09.329+05:30 DEBUG 17320 --- [SpiderSync] [http-nio-8081-exec-6] o.s.s.w.a.AnonymousAuthenticationFilter  : Set SecurityContextHolder to anonymous SecurityContext
2026-01-25T13:36:09.330+05:30 DEBUG 17320 --- [SpiderSync] [http-nio-8081-exec-6] o.s.s.w.a.Http403ForbiddenEntryPoint     : Pre-authenticated entry point called. Rejecting access
2026-01-25T13:36:09.331+05:30 DEBUG 17320 --- [SpiderSync] [http-nio-8081-exec-6] o.s.security.web.FilterChainProxy        : Securing GET /error?cmd=home_login
2026-01-25T13:36:09.332+05:30 DEBUG 17320 --- [SpiderSync] [http-nio-8081-exec-6] o.s.s.w.a.AnonymousAuthenticationFilter  : Set SecurityContextHolder to anonymous SecurityContext
2026-01-25T13:36:09.333+05:30 DEBUG 17320 --- [SpiderSync] [http-nio-8081-exec-6] o.s.s.w.a.Http403ForbiddenEntryPoint     : Pre-authenticated entry point called. Rejecting access
2026-01-25T13:36:11.736+05:30 DEBUG 17320 --- [SpiderSync] [http-nio-8081-exec-9] o.s.security.web.FilterChainProxy        : Securing GET /
2026-01-25T13:36:11.738+05:30 DEBUG 17320 --- [SpiderSync] [http-nio-8081-exec-9] o.s.s.w.a.AnonymousAuthenticationFilter  : Set SecurityContextHolder to anonymous SecurityContext
2026-01-25T13:36:11.738+05:30 DEBUG 17320 --- [SpiderSync] [http-nio-8081-exec-9] o.s.security.web.FilterChainProxy        : Secured GET /
2026-01-25T13:36:11.738+05:30 DEBUG 17320 --- [SpiderSync] [http-nio-8081-exec-9] o.s.web.servlet.DispatcherServlet        : GET "/", parameters={}
2026-01-25T13:36:11.742+05:30 DEBUG 17320 --- [SpiderSync] [http-nio-8081-exec-9] o.s.w.s.v.ContentNegotiatingViewResolver : Selected 'text/html' given [text/html, application/xhtml+xml, image/avif, image/webp, image/apng, application/xml;q=0.9, */*;q=0.8, application/signed-exchange;v=b3;q=0.7]
2026-01-25T13:36:11.743+05:30 DEBUG 17320 --- [SpiderSync] [http-nio-8081-exec-9] o.s.w.servlet.view.InternalResourceView  : View name [forward:], model {}
2026-01-25T13:36:11.743+05:30 DEBUG 17320 --- [SpiderSync] [http-nio-8081-exec-9] o.s.w.servlet.view.InternalResourceView  : Forwarding to [index.html]
2026-01-25T13:36:11.744+05:30 DEBUG 17320 --- [SpiderSync] [http-nio-8081-exec-9] o.s.security.web.FilterChainProxy        : Securing GET /index.html
2026-01-25T13:36:11.745+05:30 DEBUG 17320 --- [SpiderSync] [http-nio-8081-exec-9] o.s.security.web.FilterChainProxy        : Secured GET /index.html
2026-01-25T13:36:11.745+05:30 DEBUG 17320 --- [SpiderSync] [http-nio-8081-exec-9] o.s.web.servlet.DispatcherServlet        : "FORWARD" dispatch for GET "/index.html", parameters={}
2026-01-25T13:36:11.747+05:30 DEBUG 17320 --- [SpiderSync] [http-nio-8081-exec-9] o.s.w.s.handler.SimpleUrlHandlerMapping  : Mapped to ResourceHttpRequestHandler [classpath [META-INF/resources/], classpath [resources/], classpath [static/], classpath [public/], ServletContext [/]]
2026-01-25T13:36:11.752+05:30 DEBUG 17320 --- [SpiderSync] [http-nio-8081-exec-9] o.s.web.servlet.DispatcherServlet        : Exiting from "FORWARD" dispatch, status 200
2026-01-25T13:36:11.753+05:30 DEBUG 17320 --- [SpiderSync] [http-nio-8081-exec-9] o.s.web.servlet.DispatcherServlet        : Completed 200 OK
2026-01-25T13:36:11.803+05:30 DEBUG 17320 --- [SpiderSync] [http-nio-8081-exec-10] o.s.security.web.FilterChainProxy        : Securing GET /css/styles.css
2026-01-25T13:36:11.805+05:30 DEBUG 17320 --- [SpiderSync] [http-nio-8081-exec-10] o.s.s.w.a.AnonymousAuthenticationFilter  : Set SecurityContextHolder to anonymous SecurityContext
2026-01-25T13:36:11.806+05:30 DEBUG 17320 --- [SpiderSync] [http-nio-8081-exec-10] o.s.security.web.FilterChainProxy        : Secured GET /css/styles.css
2026-01-25T13:36:11.806+05:30 DEBUG 17320 --- [SpiderSync] [http-nio-8081-exec-7] o.s.security.web.FilterChainProxy        : Securing GET /js/search.js
2026-01-25T13:36:11.806+05:30 DEBUG 17320 --- [SpiderSync] [http-nio-8081-exec-10] o.s.web.servlet.DispatcherServlet        : GET "/css/styles.css", parameters={}
2026-01-25T13:36:11.807+05:30 DEBUG 17320 --- [SpiderSync] [http-nio-8081-exec-7] o.s.s.w.a.AnonymousAuthenticationFilter  : Set SecurityContextHolder to anonymous SecurityContext
2026-01-25T13:36:11.807+05:30 DEBUG 17320 --- [SpiderSync] [http-nio-8081-exec-10] o.s.w.s.handler.SimpleUrlHandlerMapping  : Mapped to ResourceHttpRequestHandler [classpath [META-INF/resources/], classpath [resources/], classpath [static/], classpath [public/], ServletContext [/]]
2026-01-25T13:36:11.807+05:30 DEBUG 17320 --- [SpiderSync] [http-nio-8081-exec-7] o.s.security.web.FilterChainProxy        : Secured GET /js/search.js
2026-01-25T13:36:11.808+05:30 DEBUG 17320 --- [SpiderSync] [http-nio-8081-exec-7] o.s.web.servlet.DispatcherServlet        : GET "/js/search.js", parameters={}
2026-01-25T13:36:11.808+05:30 DEBUG 17320 --- [SpiderSync] [http-nio-8081-exec-7] o.s.w.s.handler.SimpleUrlHandlerMapping  : Mapped to ResourceHttpRequestHandler [classpath [META-INF/resources/], classpath [resources/], classpath [static/], classpath [public/], ServletContext [/]]
2026-01-25T13:36:11.813+05:30 DEBUG 17320 --- [SpiderSync] [http-nio-8081-exec-10] o.s.web.servlet.DispatcherServlet        : Completed 200 OK
2026-01-25T13:36:11.813+05:30 DEBUG 17320 --- [SpiderSync] [http-nio-8081-exec-7] o.s.web.servlet.DispatcherServlet        : Completed 200 OK
2026-01-25T13:36:12.286+05:30 DEBUG 17320 --- [SpiderSync] [http-nio-8081-exec-1] o.s.security.web.FilterChainProxy        : Securing GET /api/search/stats
2026-01-25T13:36:12.289+05:30 DEBUG 17320 --- [SpiderSync] [http-nio-8081-exec-1] o.s.s.w.a.AnonymousAuthenticationFilter  : Set SecurityContextHolder to anonymous SecurityContext
2026-01-25T13:36:12.290+05:30 DEBUG 17320 --- [SpiderSync] [http-nio-8081-exec-1] o.s.security.web.FilterChainProxy        : Secured GET /api/search/stats
2026-01-25T13:36:12.290+05:30 DEBUG 17320 --- [SpiderSync] [http-nio-8081-exec-1] o.s.web.servlet.DispatcherServlet        : GET "/api/search/stats", parameters={}
2026-01-25T13:36:12.291+05:30 DEBUG 17320 --- [SpiderSync] [http-nio-8081-exec-1] s.w.s.m.m.a.RequestMappingHandlerMapping : Mapped to com.Project.SpiderSync.controller.SearchController#getStats()
2026-01-25T13:36:12.318+05:30 ERROR 17320 --- [SpiderSync] [http-nio-8081-exec-1] c.P.SpiderSync.service.SearchService     : Error counting documents: Connection refused: getsockopt
2026-01-25T13:36:12.323+05:30 ERROR 17320 --- [SpiderSync] [http-nio-8081-exec-1] c.P.SpiderSync.service.SearchService     : Error checking index existence: Connection refused: getsockopt
2026-01-25T13:36:12.364+05:30 DEBUG 17320 --- [SpiderSync] [http-nio-8081-exec-1] m.m.a.RequestResponseBodyMethodProcessor : Using 'application/json', given [*/*] and supported [application/json, application/*+json, application/yaml]
2026-01-25T13:36:12.367+05:30 DEBUG 17320 --- [SpiderSync] [http-nio-8081-exec-1] m.m.a.RequestResponseBodyMethodProcessor : Writing [com.Project.SpiderSync.controller.SearchController$SearchStatsDTO@6637e9c1]
2026-01-25T13:36:12.393+05:30 DEBUG 17320 --- [SpiderSync] [http-nio-8081-exec-1] o.s.web.servlet.DispatcherServlet        : Completed 200 OK
2026-01-25T13:36:12.941+05:30 DEBUG 17320 --- [SpiderSync] [http-nio-8081-exec-2] o.s.security.web.FilterChainProxy        : Securing GET /favicon.ico
2026-01-25T13:36:12.945+05:30 DEBUG 17320 --- [SpiderSync] [http-nio-8081-exec-2] o.s.s.w.a.AnonymousAuthenticationFilter  : Set SecurityContextHolder to anonymous SecurityContext
2026-01-25T13:36:12.947+05:30 DEBUG 17320 --- [SpiderSync] [http-nio-8081-exec-2] o.s.s.w.a.Http403ForbiddenEntryPoint     : Pre-authenticated entry point called. Rejecting access
2026-01-25T13:36:12.949+05:30 DEBUG 17320 --- [SpiderSync] [http-nio-8081-exec-2] o.s.security.web.FilterChainProxy        : Securing GET /error
2026-01-25T13:36:12.952+05:30 DEBUG 17320 --- [SpiderSync] [http-nio-8081-exec-2] o.s.s.w.a.AnonymousAuthenticationFilter  : Set SecurityContextHolder to anonymous SecurityContext
2026-01-25T13:36:12.953+05:30 DEBUG 17320 --- [SpiderSync] [http-nio-8081-exec-2] o.s.s.w.a.Http403ForbiddenEntryPoint     : Pre-authenticated entry point called. Rejecting access
2026-01-25T13:36:15.011+05:30 DEBUG 17320 --- [SpiderSync] [http-nio-8081-exec-3] o.s.security.web.FilterChainProxy        : Securing GET /api/search?q=science&size=1
2026-01-25T13:36:15.012+05:30 DEBUG 17320 --- [SpiderSync] [http-nio-8081-exec-3] o.s.s.w.a.AnonymousAuthenticationFilter  : Set SecurityContextHolder to anonymous SecurityContext
2026-01-25T13:36:15.012+05:30 DEBUG 17320 --- [SpiderSync] [http-nio-8081-exec-3] o.s.security.web.FilterChainProxy        : Secured GET /api/search?q=science&size=1
2026-01-25T13:36:15.014+05:30 DEBUG 17320 --- [SpiderSync] [http-nio-8081-exec-3] o.s.web.servlet.DispatcherServlet        : GET "/api/search?q=science&size=1", parameters={masked}
2026-01-25T13:36:15.014+05:30 DEBUG 17320 --- [SpiderSync] [http-nio-8081-exec-3] s.w.s.m.m.a.RequestMappingHandlerMapping : Mapped to com.Project.SpiderSync.controller.SearchController#search(String, String, Double, int, int, HttpServletRequest)
2026-01-25T13:36:15.066+05:30 ERROR 17320 --- [SpiderSync] [http-nio-8081-exec-3] c.P.SpiderSync.service.SearchService     : Error searching Elasticsearch: Connection refused: getsockopt
2026-01-25T13:36:15.099+05:30 DEBUG 17320 --- [SpiderSync] [http-nio-8081-exec-3] org.hibernate.SQL                        : 
    insert 
    into
        search_queries
        (click_position, clicked_result_id, created_at, ip_address, query_text, results_count, search_time_ms, user_agent, user_id) 
    values
        (?, ?, ?, ?, ?, ?, ?, ?, ?)
2026-01-25T13:36:15.162+05:30 ERROR 17320 --- [SpiderSync] [http-nio-8081-exec-3] c.P.SpiderSync.service.SearchService     : Error counting documents: Connection refused: getsockopt
2026-01-25T13:36:15.166+05:30 DEBUG 17320 --- [SpiderSync] [http-nio-8081-exec-3] m.m.a.RequestResponseBodyMethodProcessor : Using 'application/json', given [*/*] and supported [application/json, application/*+json, application/yaml]
2026-01-25T13:36:15.168+05:30 DEBUG 17320 --- [SpiderSync] [http-nio-8081-exec-3] m.m.a.RequestResponseBodyMethodProcessor : Writing [SearchResponseDTO{results=[], totalResults=0, page=0, size=1, searchTimeMs=37}]
2026-01-25T13:36:15.171+05:30 DEBUG 17320 --- [SpiderSync] [http-nio-8081-exec-3] o.s.web.servlet.DispatcherServlet        : Completed 200 OK
2026-01-25T13:36:15.177+05:30 DEBUG 17320 --- [SpiderSync] [http-nio-8081-exec-4] o.s.security.web.FilterChainProxy        : Securing GET /api/search?q=science
2026-01-25T13:36:15.178+05:30 DEBUG 17320 --- [SpiderSync] [http-nio-8081-exec-4] o.s.s.w.a.AnonymousAuthenticationFilter  : Set SecurityContextHolder to anonymous SecurityContext
2026-01-25T13:36:15.180+05:30 DEBUG 17320 --- [SpiderSync] [http-nio-8081-exec-4] o.s.security.web.FilterChainProxy        : Secured GET /api/search?q=science
2026-01-25T13:36:15.180+05:30 DEBUG 17320 --- [SpiderSync] [http-nio-8081-exec-4] o.s.web.servlet.DispatcherServlet        : GET "/api/search?q=science", parameters={masked}
2026-01-25T13:36:15.181+05:30 DEBUG 17320 --- [SpiderSync] [http-nio-8081-exec-4] s.w.s.m.m.a.RequestMappingHandlerMapping : Mapped to com.Project.SpiderSync.controller.SearchController#search(String, String, Double, int, int, HttpServletRequest)
2026-01-25T13:36:15.186+05:30 ERROR 17320 --- [SpiderSync] [http-nio-8081-exec-4] c.P.SpiderSync.service.SearchService     : Error searching Elasticsearch: Connection refused: getsockopt
2026-01-25T13:36:15.189+05:30 DEBUG 17320 --- [SpiderSync] [http-nio-8081-exec-4] org.hibernate.SQL                        : 
    insert 
    into
        search_queries
        (click_position, clicked_result_id, created_at, ip_address, query_text, results_count, search_time_ms, user_agent, user_id) 
    values
        (?, ?, ?, ?, ?, ?, ?, ?, ?)
2026-01-25T13:36:15.201+05:30 ERROR 17320 --- [SpiderSync] [http-nio-8081-exec-4] c.P.SpiderSync.service.SearchService     : Error counting documents: Connection refused: getsockopt
2026-01-25T13:36:15.201+05:30 DEBUG 17320 --- [SpiderSync] [http-nio-8081-exec-4] m.m.a.RequestResponseBodyMethodProcessor : Using 'application/json', given [*/*] and supported [application/json, application/*+json, application/yaml]
2026-01-25T13:36:15.202+05:30 DEBUG 17320 --- [SpiderSync] [http-nio-8081-exec-4] m.m.a.RequestResponseBodyMethodProcessor : Writing [SearchResponseDTO{results=[], totalResults=0, page=0, size=10, searchTimeMs=3}]
2026-01-25T13:36:15.204+05:30 DEBUG 17320 --- [SpiderSync] [http-nio-8081-exec-4] o.s.web.servlet.DispatcherServlet        : Completed 200 OK
2026-01-25T13:36:21.957+05:30 DEBUG 17320 --- [SpiderSync] [http-nio-8081-exec-5] o.s.security.web.FilterChainProxy        : Securing GET /swagger-ui.html
2026-01-25T13:36:21.958+05:30 DEBUG 17320 --- [SpiderSync] [http-nio-8081-exec-5] o.s.s.w.a.AnonymousAuthenticationFilter  : Set SecurityContextHolder to anonymous SecurityContext
2026-01-25T13:36:21.959+05:30 DEBUG 17320 --- [SpiderSync] [http-nio-8081-exec-5] o.s.s.w.a.Http403ForbiddenEntryPoint     : Pre-authenticated entry point called. Rejecting access
2026-01-25T13:36:21.961+05:30 DEBUG 17320 --- [SpiderSync] [http-nio-8081-exec-5] o.s.security.web.FilterChainProxy        : Securing GET /error
2026-01-25T13:36:21.962+05:30 DEBUG 17320 --- [SpiderSync] [http-nio-8081-exec-5] o.s.s.w.a.AnonymousAuthenticationFilter  : Set SecurityContextHolder to anonymous SecurityContext
2026-01-25T13:36:21.963+05:30 DEBUG 17320 --- [SpiderSync] [http-nio-8081-exec-5] o.s.s.w.a.Http403ForbiddenEntryPoint     : Pre-authenticated entry point called. Rejecting access
2026-01-25T13:46:21.970+05:30 DEBUG 17320 --- [SpiderSync] [http-nio-8081-exec-9] o.s.security.web.FilterChainProxy        : Securing GET /
2026-01-25T13:46:21.971+05:30 DEBUG 17320 --- [SpiderSync] [http-nio-8081-exec-9] o.s.s.w.a.AnonymousAuthenticationFilter  : Set SecurityContextHolder to anonymous SecurityContext
2026-01-25T13:46:21.974+05:30 DEBUG 17320 --- [SpiderSync] [http-nio-8081-exec-9] o.s.security.web.FilterChainProxy        : Secured GET /
2026-01-25T13:46:21.974+05:30 DEBUG 17320 --- [SpiderSync] [http-nio-8081-exec-9] o.s.web.servlet.DispatcherServlet        : GET "/", parameters={}
2026-01-25T13:46:21.976+05:30 DEBUG 17320 --- [SpiderSync] [http-nio-8081-exec-9] o.s.w.s.v.ContentNegotiatingViewResolver : Selected 'text/html' given [text/html, application/xhtml+xml, image/avif, image/webp, image/apng, application/xml;q=0.9, */*;q=0.8, application/signed-exchange;v=b3;q=0.7]
2026-01-25T13:46:21.976+05:30 DEBUG 17320 --- [SpiderSync] [http-nio-8081-exec-9] o.s.w.servlet.view.InternalResourceView  : View name [forward:], model {}
2026-01-25T13:46:21.977+05:30 DEBUG 17320 --- [SpiderSync] [http-nio-8081-exec-9] o.s.w.servlet.view.InternalResourceView  : Forwarding to [index.html]
2026-01-25T13:46:21.978+05:30 DEBUG 17320 --- [SpiderSync] [http-nio-8081-exec-9] o.s.security.web.FilterChainProxy        : Securing GET /index.html
2026-01-25T13:46:21.979+05:30 DEBUG 17320 --- [SpiderSync] [http-nio-8081-exec-9] o.s.security.web.FilterChainProxy        : Secured GET /index.html
2026-01-25T13:46:21.981+05:30 DEBUG 17320 --- [SpiderSync] [http-nio-8081-exec-9] o.s.web.servlet.DispatcherServlet        : "FORWARD" dispatch for GET "/index.html", parameters={}
2026-01-25T13:46:21.982+05:30 DEBUG 17320 --- [SpiderSync] [http-nio-8081-exec-9] o.s.w.s.handler.SimpleUrlHandlerMapping  : Mapped to ResourceHttpRequestHandler [classpath [META-INF/resources/], classpath [resources/], classpath [static/], classpath [public/], ServletContext [/]]
2026-01-25T13:46:21.989+05:30 DEBUG 17320 --- [SpiderSync] [http-nio-8081-exec-9] o.s.web.servlet.DispatcherServlet        : Exiting from "FORWARD" dispatch, status 200
2026-01-25T13:46:21.990+05:30 DEBUG 17320 --- [SpiderSync] [http-nio-8081-exec-9] o.s.web.servlet.DispatcherServlet        : Completed 200 OK
2026-01-25T13:46:22.017+05:30 DEBUG 17320 --- [SpiderSync] [http-nio-8081-exec-10] o.s.security.web.FilterChainProxy        : Securing GET /js/search.js
2026-01-25T13:46:22.020+05:30 DEBUG 17320 --- [SpiderSync] [http-nio-8081-exec-7] o.s.security.web.FilterChainProxy        : Securing GET /css/styles.css
2026-01-25T13:46:22.017+05:30 DEBUG 17320 --- [SpiderSync] [http-nio-8081-exec-10] o.s.s.w.a.AnonymousAuthenticationFilter  : Set SecurityContextHolder to anonymous SecurityContext
2026-01-25T13:46:22.022+05:30 DEBUG 17320 --- [SpiderSync] [http-nio-8081-exec-7] o.s.s.w.a.AnonymousAuthenticationFilter  : Set SecurityContextHolder to anonymous SecurityContext
2026-01-25T13:46:22.024+05:30 DEBUG 17320 --- [SpiderSync] [http-nio-8081-exec-7] o.s.security.web.FilterChainProxy        : Secured GET /css/styles.css
2026-01-25T13:46:22.027+05:30 DEBUG 17320 --- [SpiderSync] [http-nio-8081-exec-10] o.s.security.web.FilterChainProxy        : Secured GET /js/search.js
2026-01-25T13:46:22.028+05:30 DEBUG 17320 --- [SpiderSync] [http-nio-8081-exec-10] o.s.web.servlet.DispatcherServlet        : GET "/js/search.js", parameters={}
2026-01-25T13:46:22.028+05:30 DEBUG 17320 --- [SpiderSync] [http-nio-8081-exec-7] o.s.web.servlet.DispatcherServlet        : GET "/css/styles.css", parameters={}
2026-01-25T13:46:22.029+05:30 DEBUG 17320 --- [SpiderSync] [http-nio-8081-exec-7] o.s.w.s.handler.SimpleUrlHandlerMapping  : Mapped to ResourceHttpRequestHandler [classpath [META-INF/resources/], classpath [resources/], classpath [static/], classpath [public/], ServletContext [/]]
2026-01-25T13:46:22.029+05:30 DEBUG 17320 --- [SpiderSync] [http-nio-8081-exec-10] o.s.w.s.handler.SimpleUrlHandlerMapping  : Mapped to ResourceHttpRequestHandler [classpath [META-INF/resources/], classpath [resources/], classpath [static/], classpath [public/], ServletContext [/]]
2026-01-25T13:46:22.035+05:30 DEBUG 17320 --- [SpiderSync] [http-nio-8081-exec-7] o.s.web.servlet.DispatcherServlet        : Completed 200 OK
2026-01-25T13:46:22.036+05:30 DEBUG 17320 --- [SpiderSync] [http-nio-8081-exec-10] o.s.web.servlet.DispatcherServlet        : Completed 200 OK
2026-01-25T13:46:28.527+05:30 DEBUG 17320 --- [SpiderSync] [http-nio-8081-exec-1] o.s.security.web.FilterChainProxy        : Securing GET /api/search/stats
2026-01-25T13:46:28.530+05:30 DEBUG 17320 --- [SpiderSync] [http-nio-8081-exec-1] o.s.s.w.a.AnonymousAuthenticationFilter  : Set SecurityContextHolder to anonymous SecurityContext
2026-01-25T13:46:28.532+05:30 DEBUG 17320 --- [SpiderSync] [http-nio-8081-exec-1] o.s.security.web.FilterChainProxy        : Secured GET /api/search/stats
2026-01-25T13:46:28.533+05:30 DEBUG 17320 --- [SpiderSync] [http-nio-8081-exec-1] o.s.web.servlet.DispatcherServlet        : GET "/api/search/stats", parameters={}
2026-01-25T13:46:28.533+05:30 DEBUG 17320 --- [SpiderSync] [http-nio-8081-exec-1] s.w.s.m.m.a.RequestMappingHandlerMapping : Mapped to com.Project.SpiderSync.controller.SearchController#getStats()
2026-01-25T13:46:28.548+05:30 ERROR 17320 --- [SpiderSync] [http-nio-8081-exec-1] c.P.SpiderSync.service.SearchService     : Error counting documents: Connection refused: getsockopt
2026-01-25T13:46:28.552+05:30 ERROR 17320 --- [SpiderSync] [http-nio-8081-exec-1] c.P.SpiderSync.service.SearchService     : Error checking index existence: Connection refused: getsockopt
2026-01-25T13:46:28.554+05:30 DEBUG 17320 --- [SpiderSync] [http-nio-8081-exec-1] m.m.a.RequestResponseBodyMethodProcessor : Using 'application/json', given [*/*] and supported [application/json, application/*+json, application/yaml]
2026-01-25T13:46:28.554+05:30 DEBUG 17320 --- [SpiderSync] [http-nio-8081-exec-1] m.m.a.RequestResponseBodyMethodProcessor : Writing [com.Project.SpiderSync.controller.SearchController$SearchStatsDTO@727909c2]
2026-01-25T13:46:28.558+05:30 DEBUG 17320 --- [SpiderSync] [http-nio-8081-exec-1] o.s.web.servlet.DispatcherServlet        : Completed 200 OK
2026-01-25T13:46:28.836+05:30 DEBUG 17320 --- [SpiderSync] [http-nio-8081-exec-2] o.s.security.web.FilterChainProxy        : Securing GET /favicon.ico
2026-01-25T13:46:28.838+05:30 DEBUG 17320 --- [SpiderSync] [http-nio-8081-exec-2] o.s.s.w.a.AnonymousAuthenticationFilter  : Set SecurityContextHolder to anonymous SecurityContext
2026-01-25T13:46:28.838+05:30 DEBUG 17320 --- [SpiderSync] [http-nio-8081-exec-2] o.s.s.w.a.Http403ForbiddenEntryPoint     : Pre-authenticated entry point called. Rejecting access
2026-01-25T13:46:28.841+05:30 DEBUG 17320 --- [SpiderSync] [http-nio-8081-exec-2] o.s.security.web.FilterChainProxy        : Securing GET /error
2026-01-25T13:46:28.843+05:30 DEBUG 17320 --- [SpiderSync] [http-nio-8081-exec-2] o.s.s.w.a.AnonymousAuthenticationFilter  : Set SecurityContextHolder to anonymous SecurityContext
2026-01-25T13:46:28.843+05:30 DEBUG 17320 --- [SpiderSync] [http-nio-8081-exec-2] o.s.s.w.a.Http403ForbiddenEntryPoint     : Pre-authenticated entry point called. Rejecting access
2026-01-25T13:47:03.825+05:30 DEBUG 17320 --- [SpiderSync] [http-nio-8081-exec-3] o.s.security.web.FilterChainProxy        : Securing GET /
2026-01-25T13:47:03.826+05:30 DEBUG 17320 --- [SpiderSync] [http-nio-8081-exec-3] o.s.s.w.a.AnonymousAuthenticationFilter  : Set SecurityContextHolder to anonymous SecurityContext
2026-01-25T13:47:03.827+05:30 DEBUG 17320 --- [SpiderSync] [http-nio-8081-exec-3] o.s.security.web.FilterChainProxy        : Secured GET /
2026-01-25T13:47:03.827+05:30 DEBUG 17320 --- [SpiderSync] [http-nio-8081-exec-3] o.s.web.servlet.DispatcherServlet        : GET "/", parameters={}
2026-01-25T13:47:03.829+05:30 DEBUG 17320 --- [SpiderSync] [http-nio-8081-exec-3] o.s.w.s.v.ContentNegotiatingViewResolver : Selected 'text/html' given [text/html, application/xhtml+xml, image/avif, image/webp, image/apng, application/xml;q=0.9, */*;q=0.8, application/signed-exchange;v=b3;q=0.7]
2026-01-25T13:47:03.829+05:30 DEBUG 17320 --- [SpiderSync] [http-nio-8081-exec-3] o.s.w.servlet.view.InternalResourceView  : View name [forward:], model {}
2026-01-25T13:47:03.830+05:30 DEBUG 17320 --- [SpiderSync] [http-nio-8081-exec-3] o.s.w.servlet.view.InternalResourceView  : Forwarding to [index.html]
2026-01-25T13:47:03.830+05:30 DEBUG 17320 --- [SpiderSync] [http-nio-8081-exec-3] o.s.security.web.FilterChainProxy        : Securing GET /index.html
2026-01-25T13:47:03.832+05:30 DEBUG 17320 --- [SpiderSync] [http-nio-8081-exec-3] o.s.security.web.FilterChainProxy        : Secured GET /index.html
2026-01-25T13:47:03.832+05:30 DEBUG 17320 --- [SpiderSync] [http-nio-8081-exec-3] o.s.web.servlet.DispatcherServlet        : "FORWARD" dispatch for GET "/index.html", parameters={}
2026-01-25T13:47:03.833+05:30 DEBUG 17320 --- [SpiderSync] [http-nio-8081-exec-3] o.s.w.s.handler.SimpleUrlHandlerMapping  : Mapped to ResourceHttpRequestHandler [classpath [META-INF/resources/], classpath [resources/], classpath [static/], classpath [public/], ServletContext [/]]
2026-01-25T13:47:03.838+05:30 DEBUG 17320 --- [SpiderSync] [http-nio-8081-exec-3] o.s.web.servlet.DispatcherServlet        : Exiting from "FORWARD" dispatch, status 200
2026-01-25T13:47:03.840+05:30 DEBUG 17320 --- [SpiderSync] [http-nio-8081-exec-3] o.s.web.servlet.DispatcherServlet        : Completed 200 OK
2026-01-25T13:47:03.868+05:30 DEBUG 17320 --- [SpiderSync] [http-nio-8081-exec-4] o.s.security.web.FilterChainProxy        : Securing GET /css/styles.css
2026-01-25T13:47:03.868+05:30 DEBUG 17320 --- [SpiderSync] [http-nio-8081-exec-5] o.s.security.web.FilterChainProxy        : Securing GET /js/search.js
2026-01-25T13:47:03.871+05:30 DEBUG 17320 --- [SpiderSync] [http-nio-8081-exec-4] o.s.s.w.a.AnonymousAuthenticationFilter  : Set SecurityContextHolder to anonymous SecurityContext
2026-01-25T13:47:03.872+05:30 DEBUG 17320 --- [SpiderSync] [http-nio-8081-exec-4] o.s.security.web.FilterChainProxy        : Secured GET /css/styles.css
2026-01-25T13:47:03.873+05:30 DEBUG 17320 --- [SpiderSync] [http-nio-8081-exec-5] o.s.s.w.a.AnonymousAuthenticationFilter  : Set SecurityContextHolder to anonymous SecurityContext
2026-01-25T13:47:03.873+05:30 DEBUG 17320 --- [SpiderSync] [http-nio-8081-exec-4] o.s.web.servlet.DispatcherServlet        : GET "/css/styles.css", parameters={}
2026-01-25T13:47:03.873+05:30 DEBUG 17320 --- [SpiderSync] [http-nio-8081-exec-5] o.s.security.web.FilterChainProxy        : Secured GET /js/search.js
2026-01-25T13:47:03.874+05:30 DEBUG 17320 --- [SpiderSync] [http-nio-8081-exec-5] o.s.web.servlet.DispatcherServlet        : GET "/js/search.js", parameters={}
2026-01-25T13:47:03.874+05:30 DEBUG 17320 --- [SpiderSync] [http-nio-8081-exec-4] o.s.w.s.handler.SimpleUrlHandlerMapping  : Mapped to ResourceHttpRequestHandler [classpath [META-INF/resources/], classpath [resources/], classpath [static/], classpath [public/], ServletContext [/]]
2026-01-25T13:47:03.874+05:30 DEBUG 17320 --- [SpiderSync] [http-nio-8081-exec-5] o.s.w.s.handler.SimpleUrlHandlerMapping  : Mapped to ResourceHttpRequestHandler [classpath [META-INF/resources/], classpath [resources/], classpath [static/], classpath [public/], ServletContext [/]]
2026-01-25T13:47:03.879+05:30 DEBUG 17320 --- [SpiderSync] [http-nio-8081-exec-4] o.s.web.servlet.DispatcherServlet        : Completed 200 OK
2026-01-25T13:47:03.879+05:30 DEBUG 17320 --- [SpiderSync] [http-nio-8081-exec-5] o.s.web.servlet.DispatcherServlet        : Completed 200 OK
2026-01-25T13:47:03.888+05:30 DEBUG 17320 --- [SpiderSync] [http-nio-8081-exec-6] o.s.security.web.FilterChainProxy        : Securing GET /api/search/stats
2026-01-25T13:47:03.889+05:30 DEBUG 17320 --- [SpiderSync] [http-nio-8081-exec-6] o.s.s.w.a.AnonymousAuthenticationFilter  : Set SecurityContextHolder to anonymous SecurityContext
2026-01-25T13:47:03.889+05:30 DEBUG 17320 --- [SpiderSync] [http-nio-8081-exec-6] o.s.security.web.FilterChainProxy        : Secured GET /api/search/stats
2026-01-25T13:47:03.890+05:30 DEBUG 17320 --- [SpiderSync] [http-nio-8081-exec-6] o.s.web.servlet.DispatcherServlet        : GET "/api/search/stats", parameters={}
2026-01-25T13:47:03.890+05:30 DEBUG 17320 --- [SpiderSync] [http-nio-8081-exec-6] s.w.s.m.m.a.RequestMappingHandlerMapping : Mapped to com.Project.SpiderSync.controller.SearchController#getStats()
2026-01-25T13:47:03.898+05:30 ERROR 17320 --- [SpiderSync] [http-nio-8081-exec-6] c.P.SpiderSync.service.SearchService     : Error counting documents: Connection refused: getsockopt
2026-01-25T13:47:03.904+05:30 ERROR 17320 --- [SpiderSync] [http-nio-8081-exec-6] c.P.SpiderSync.service.SearchService     : Error checking index existence: Connection refused: getsockopt
2026-01-25T13:47:03.905+05:30 DEBUG 17320 --- [SpiderSync] [http-nio-8081-exec-6] m.m.a.RequestResponseBodyMethodProcessor : Using 'application/json', given [*/*] and supported [application/json, application/*+json, application/yaml]
2026-01-25T13:47:03.905+05:30 DEBUG 17320 --- [SpiderSync] [http-nio-8081-exec-6] m.m.a.RequestResponseBodyMethodProcessor : Writing [com.Project.SpiderSync.controller.SearchController$SearchStatsDTO@11b2f77a]
2026-01-25T13:47:03.908+05:30 DEBUG 17320 --- [SpiderSync] [http-nio-8081-exec-6] o.s.web.servlet.DispatcherServlet        : Completed 200 OK
2026-01-25T13:47:04.026+05:30 DEBUG 17320 --- [SpiderSync] [http-nio-8081-exec-8] o.s.security.web.FilterChainProxy        : Securing GET /favicon.ico
2026-01-25T13:47:04.027+05:30 DEBUG 17320 --- [SpiderSync] [http-nio-8081-exec-8] o.s.s.w.a.AnonymousAuthenticationFilter  : Set SecurityContextHolder to anonymous SecurityContext
2026-01-25T13:47:04.027+05:30 DEBUG 17320 --- [SpiderSync] [http-nio-8081-exec-8] o.s.s.w.a.Http403ForbiddenEntryPoint     : Pre-authenticated entry point called. Rejecting access
2026-01-25T13:47:04.032+05:30 DEBUG 17320 --- [SpiderSync] [http-nio-8081-exec-8] o.s.security.web.FilterChainProxy        : Securing GET /error
2026-01-25T13:47:04.033+05:30 DEBUG 17320 --- [SpiderSync] [http-nio-8081-exec-8] o.s.s.w.a.AnonymousAuthenticationFilter  : Set SecurityContextHolder to anonymous SecurityContext
2026-01-25T13:47:04.034+05:30 DEBUG 17320 --- [SpiderSync] [http-nio-8081-exec-8] o.s.s.w.a.Http403ForbiddenEntryPoint     : Pre-authenticated entry point called. Rejecting access
2026-01-25T13:47:16.402+05:30 DEBUG 17320 --- [SpiderSync] [http-nio-8081-exec-9] o.s.security.web.FilterChainProxy        : Securing GET /api/search/autocomplete?q=java%20programming&size=8
2026-01-25T13:47:16.403+05:30 DEBUG 17320 --- [SpiderSync] [http-nio-8081-exec-9] o.s.s.w.a.AnonymousAuthenticationFilter  : Set SecurityContextHolder to anonymous SecurityContext
2026-01-25T13:47:16.405+05:30 DEBUG 17320 --- [SpiderSync] [http-nio-8081-exec-9] o.s.security.web.FilterChainProxy        : Secured GET /api/search/autocomplete?q=java%20programming&size=8
2026-01-25T13:47:16.405+05:30 DEBUG 17320 --- [SpiderSync] [http-nio-8081-exec-9] o.s.web.servlet.DispatcherServlet        : GET "/api/search/autocomplete?q=java%20programming&size=8", parameters={masked}
2026-01-25T13:47:16.407+05:30 DEBUG 17320 --- [SpiderSync] [http-nio-8081-exec-9] s.w.s.m.m.a.RequestMappingHandlerMapping : Mapped to com.Project.SpiderSync.controller.SearchController#autocomplete(String, int)
2026-01-25T13:47:16.444+05:30 ERROR 17320 --- [SpiderSync] [http-nio-8081-exec-9] c.P.SpiderSync.service.SearchService     : Error in autocomplete: Connection refused: getsockopt
2026-01-25T13:47:16.448+05:30 DEBUG 17320 --- [SpiderSync] [http-nio-8081-exec-9] m.m.a.RequestResponseBodyMethodProcessor : Using 'application/json', given [*/*] and supported [application/json, application/*+json, application/yaml]
2026-01-25T13:47:16.448+05:30 DEBUG 17320 --- [SpiderSync] [http-nio-8081-exec-9] m.m.a.RequestResponseBodyMethodProcessor : Writing [[]]
2026-01-25T13:47:16.451+05:30 DEBUG 17320 --- [SpiderSync] [http-nio-8081-exec-9] o.s.web.servlet.DispatcherServlet        : Completed 200 OK
2026-01-25T13:47:31.360+05:30 DEBUG 17320 --- [SpiderSync] [http-nio-8081-exec-7] o.s.security.web.FilterChainProxy        : Securing GET /api/search?q=java+programming
2026-01-25T13:47:31.361+05:30 DEBUG 17320 --- [SpiderSync] [http-nio-8081-exec-7] o.s.s.w.a.AnonymousAuthenticationFilter  : Set SecurityContextHolder to anonymous SecurityContext
2026-01-25T13:47:31.362+05:30 DEBUG 17320 --- [SpiderSync] [http-nio-8081-exec-7] o.s.security.web.FilterChainProxy        : Secured GET /api/search?q=java+programming
2026-01-25T13:47:31.362+05:30 DEBUG 17320 --- [SpiderSync] [http-nio-8081-exec-7] o.s.web.servlet.DispatcherServlet        : GET "/api/search?q=java+programming", parameters={masked}
2026-01-25T13:47:31.363+05:30 DEBUG 17320 --- [SpiderSync] [http-nio-8081-exec-7] s.w.s.m.m.a.RequestMappingHandlerMapping : Mapped to com.Project.SpiderSync.controller.SearchController#search(String, String, Double, int, int, HttpServletRequest)
2026-01-25T13:47:31.369+05:30 ERROR 17320 --- [SpiderSync] [http-nio-8081-exec-7] c.P.SpiderSync.service.SearchService     : Error searching Elasticsearch: Connection refused: getsockopt
2026-01-25T13:47:31.373+05:30 DEBUG 17320 --- [SpiderSync] [http-nio-8081-exec-7] org.hibernate.SQL                        : 
    insert 
    into
        search_queries
        (click_position, clicked_result_id, created_at, ip_address, query_text, results_count, search_time_ms, user_agent, user_id) 
    values
        (?, ?, ?, ?, ?, ?, ?, ?, ?)
2026-01-25T13:47:31.389+05:30 ERROR 17320 --- [SpiderSync] [http-nio-8081-exec-7] c.P.SpiderSync.service.SearchService     : Error counting documents: Connection refused: getsockopt
2026-01-25T13:47:31.391+05:30 DEBUG 17320 --- [SpiderSync] [http-nio-8081-exec-7] m.m.a.RequestResponseBodyMethodProcessor : Using 'application/json', given [*/*] and supported [application/json, application/*+json, application/yaml]
2026-01-25T13:47:31.392+05:30 DEBUG 17320 --- [SpiderSync] [http-nio-8081-exec-7] m.m.a.RequestResponseBodyMethodProcessor : Writing [SearchResponseDTO{results=[], totalResults=0, page=0, size=10, searchTimeMs=4}]
2026-01-25T13:47:31.395+05:30 DEBUG 17320 --- [SpiderSync] [http-nio-8081-exec-7] o.s.web.servlet.DispatcherServlet        : Completed 200 OK
2026-01-25T13:47:56.978+05:30 DEBUG 17320 --- [SpiderSync] [http-nio-8081-exec-10] o.s.security.web.FilterChainProxy        : Securing GET /swagger-ui.html
2026-01-25T13:47:56.978+05:30 DEBUG 17320 --- [SpiderSync] [http-nio-8081-exec-10] o.s.s.w.a.AnonymousAuthenticationFilter  : Set SecurityContextHolder to anonymous SecurityContext
2026-01-25T13:47:56.980+05:30 DEBUG 17320 --- [SpiderSync] [http-nio-8081-exec-10] o.s.s.w.a.Http403ForbiddenEntryPoint     : Pre-authenticated entry point called. Rejecting access
2026-01-25T13:47:56.981+05:30 DEBUG 17320 --- [SpiderSync] [http-nio-8081-exec-10] o.s.security.web.FilterChainProxy        : Securing GET /error
2026-01-25T13:47:56.982+05:30 DEBUG 17320 --- [SpiderSync] [http-nio-8081-exec-10] o.s.s.w.a.AnonymousAuthenticationFilter  : Set SecurityContextHolder to anonymous SecurityContext
2026-01-25T13:47:56.982+05:30 DEBUG 17320 --- [SpiderSync] [http-nio-8081-exec-10] o.s.s.w.a.Http403ForbiddenEntryPoint     : Pre-authenticated entry point called. Rejecting access
2026-01-25T13:48:04.142+05:30 DEBUG 17320 --- [SpiderSync] [http-nio-8081-exec-2] o.s.security.web.FilterChainProxy        : Securing GET /swagger-ui/index.html
2026-01-25T13:48:04.143+05:30 DEBUG 17320 --- [SpiderSync] [http-nio-8081-exec-2] o.s.s.w.a.AnonymousAuthenticationFilter  : Set SecurityContextHolder to anonymous SecurityContext
2026-01-25T13:48:04.143+05:30 DEBUG 17320 --- [SpiderSync] [http-nio-8081-exec-2] o.s.security.web.FilterChainProxy        : Secured GET /swagger-ui/index.html
2026-01-25T13:48:04.144+05:30 DEBUG 17320 --- [SpiderSync] [http-nio-8081-exec-2] o.s.web.servlet.DispatcherServlet        : GET "/swagger-ui/index.html", parameters={}
2026-01-25T13:48:04.145+05:30 DEBUG 17320 --- [SpiderSync] [http-nio-8081-exec-2] o.s.w.s.handler.SimpleUrlHandlerMapping  : Mapped to ResourceHttpRequestHandler [classpath [META-INF/resources/webjars/]]
2026-01-25T13:48:04.193+05:30 DEBUG 17320 --- [SpiderSync] [http-nio-8081-exec-2] o.s.web.servlet.DispatcherServlet        : Completed 200 OK
2026-01-25T13:48:04.221+05:30 DEBUG 17320 --- [SpiderSync] [http-nio-8081-exec-3] o.s.security.web.FilterChainProxy        : Securing GET /swagger-ui/swagger-ui.css
2026-01-25T13:48:04.222+05:30 DEBUG 17320 --- [SpiderSync] [http-nio-8081-exec-3] o.s.s.w.a.AnonymousAuthenticationFilter  : Set SecurityContextHolder to anonymous SecurityContext
2026-01-25T13:48:04.225+05:30 DEBUG 17320 --- [SpiderSync] [http-nio-8081-exec-3] o.s.security.web.FilterChainProxy        : Secured GET /swagger-ui/swagger-ui.css
2026-01-25T13:48:04.226+05:30 DEBUG 17320 --- [SpiderSync] [http-nio-8081-exec-3] o.s.web.servlet.DispatcherServlet        : GET "/swagger-ui/swagger-ui.css", parameters={}
2026-01-25T13:48:04.227+05:30 DEBUG 17320 --- [SpiderSync] [http-nio-8081-exec-4] o.s.security.web.FilterChainProxy        : Securing GET /swagger-ui/index.css
2026-01-25T13:48:04.229+05:30 DEBUG 17320 --- [SpiderSync] [http-nio-8081-exec-4] o.s.s.w.a.AnonymousAuthenticationFilter  : Set SecurityContextHolder to anonymous SecurityContext
2026-01-25T13:48:04.229+05:30 DEBUG 17320 --- [SpiderSync] [http-nio-8081-exec-3] o.s.w.s.handler.SimpleUrlHandlerMapping  : Mapped to ResourceHttpRequestHandler [classpath [META-INF/resources/webjars/]]
2026-01-25T13:48:04.231+05:30 DEBUG 17320 --- [SpiderSync] [http-nio-8081-exec-4] o.s.security.web.FilterChainProxy        : Secured GET /swagger-ui/index.css
2026-01-25T13:48:04.231+05:30 DEBUG 17320 --- [SpiderSync] [http-nio-8081-exec-4] o.s.web.servlet.DispatcherServlet        : GET "/swagger-ui/index.css", parameters={}
2026-01-25T13:48:04.232+05:30 DEBUG 17320 --- [SpiderSync] [http-nio-8081-exec-4] o.s.w.s.handler.SimpleUrlHandlerMapping  : Mapped to ResourceHttpRequestHandler [classpath [META-INF/resources/webjars/]]
2026-01-25T13:48:04.234+05:30 DEBUG 17320 --- [SpiderSync] [http-nio-8081-exec-5] o.s.security.web.FilterChainProxy        : Securing GET /swagger-ui/swagger-ui-bundle.js
2026-01-25T13:48:04.234+05:30 DEBUG 17320 --- [SpiderSync] [http-nio-8081-exec-8] o.s.security.web.FilterChainProxy        : Securing GET /swagger-ui/swagger-initializer.js
2026-01-25T13:48:04.234+05:30 DEBUG 17320 --- [SpiderSync] [http-nio-8081-exec-6] o.s.security.web.FilterChainProxy        : Securing GET /swagger-ui/swagger-ui-standalone-preset.js
2026-01-25T13:48:04.235+05:30 DEBUG 17320 --- [SpiderSync] [http-nio-8081-exec-8] o.s.s.w.a.AnonymousAuthenticationFilter  : Set SecurityContextHolder to anonymous SecurityContext
2026-01-25T13:48:04.236+05:30 DEBUG 17320 --- [SpiderSync] [http-nio-8081-exec-8] o.s.security.web.FilterChainProxy        : Secured GET /swagger-ui/swagger-initializer.js
2026-01-25T13:48:04.236+05:30 DEBUG 17320 --- [SpiderSync] [http-nio-8081-exec-8] o.s.web.servlet.DispatcherServlet        : GET "/swagger-ui/swagger-initializer.js", parameters={}
2026-01-25T13:48:04.236+05:30 DEBUG 17320 --- [SpiderSync] [http-nio-8081-exec-5] o.s.s.w.a.AnonymousAuthenticationFilter  : Set SecurityContextHolder to anonymous SecurityContext
2026-01-25T13:48:04.235+05:30 DEBUG 17320 --- [SpiderSync] [http-nio-8081-exec-6] o.s.s.w.a.AnonymousAuthenticationFilter  : Set SecurityContextHolder to anonymous SecurityContext
2026-01-25T13:48:04.237+05:30 DEBUG 17320 --- [SpiderSync] [http-nio-8081-exec-5] o.s.security.web.FilterChainProxy        : Secured GET /swagger-ui/swagger-ui-bundle.js
2026-01-25T13:48:04.237+05:30 DEBUG 17320 --- [SpiderSync] [http-nio-8081-exec-8] o.s.w.s.handler.SimpleUrlHandlerMapping  : Mapped to ResourceHttpRequestHandler [classpath [META-INF/resources/webjars/]]
2026-01-25T13:48:04.237+05:30 DEBUG 17320 --- [SpiderSync] [http-nio-8081-exec-6] o.s.security.web.FilterChainProxy        : Secured GET /swagger-ui/swagger-ui-standalone-preset.js
2026-01-25T13:48:04.237+05:30 DEBUG 17320 --- [SpiderSync] [http-nio-8081-exec-6] o.s.web.servlet.DispatcherServlet        : GET "/swagger-ui/swagger-ui-standalone-preset.js", parameters={}
2026-01-25T13:48:04.237+05:30 DEBUG 17320 --- [SpiderSync] [http-nio-8081-exec-5] o.s.web.servlet.DispatcherServlet        : GET "/swagger-ui/swagger-ui-bundle.js", parameters={}
2026-01-25T13:48:04.238+05:30 DEBUG 17320 --- [SpiderSync] [http-nio-8081-exec-5] o.s.w.s.handler.SimpleUrlHandlerMapping  : Mapped to ResourceHttpRequestHandler [classpath [META-INF/resources/webjars/]]
2026-01-25T13:48:04.238+05:30 DEBUG 17320 --- [SpiderSync] [http-nio-8081-exec-6] o.s.w.s.handler.SimpleUrlHandlerMapping  : Mapped to ResourceHttpRequestHandler [classpath [META-INF/resources/webjars/]]
2026-01-25T13:48:04.240+05:30 DEBUG 17320 --- [SpiderSync] [http-nio-8081-exec-4] o.s.web.servlet.DispatcherServlet        : Completed 200 OK
2026-01-25T13:48:04.241+05:30 DEBUG 17320 --- [SpiderSync] [http-nio-8081-exec-3] o.s.web.servlet.DispatcherServlet        : Completed 200 OK
2026-01-25T13:48:04.259+05:30 DEBUG 17320 --- [SpiderSync] [http-nio-8081-exec-6] o.s.web.servlet.DispatcherServlet        : Completed 200 OK
2026-01-25T13:48:04.276+05:30 DEBUG 17320 --- [SpiderSync] [http-nio-8081-exec-8] o.s.web.servlet.DispatcherServlet        : Completed 200 OK
2026-01-25T13:48:04.302+05:30 DEBUG 17320 --- [SpiderSync] [http-nio-8081-exec-5] o.s.web.servlet.DispatcherServlet        : Completed 200 OK
2026-01-25T13:48:04.849+05:30 DEBUG 17320 --- [SpiderSync] [http-nio-8081-exec-9] o.s.security.web.FilterChainProxy        : Securing GET /api-docs/swagger-config
2026-01-25T13:48:04.850+05:30 DEBUG 17320 --- [SpiderSync] [http-nio-8081-exec-9] o.s.s.w.a.AnonymousAuthenticationFilter  : Set SecurityContextHolder to anonymous SecurityContext
2026-01-25T13:48:04.851+05:30 DEBUG 17320 --- [SpiderSync] [http-nio-8081-exec-9] o.s.security.web.FilterChainProxy        : Secured GET /api-docs/swagger-config
2026-01-25T13:48:04.851+05:30 DEBUG 17320 --- [SpiderSync] [http-nio-8081-exec-9] o.s.web.servlet.DispatcherServlet        : GET "/api-docs/swagger-config", parameters={}
2026-01-25T13:48:04.852+05:30 DEBUG 17320 --- [SpiderSync] [http-nio-8081-exec-9] s.w.s.m.m.a.RequestMappingHandlerMapping : Mapped to org.springdoc.webmvc.ui.SwaggerConfigResource#openapiJson(HttpServletRequest)
2026-01-25T13:48:04.853+05:30 DEBUG 17320 --- [SpiderSync] [http-nio-8081-exec-7] o.s.security.web.FilterChainProxy        : Securing GET /swagger-ui/favicon-32x32.png
2026-01-25T13:48:04.853+05:30 DEBUG 17320 --- [SpiderSync] [http-nio-8081-exec-9] m.m.a.RequestResponseBodyMethodProcessor : Using 'application/json', given [*/*] and supported [application/json]
2026-01-25T13:48:04.854+05:30 DEBUG 17320 --- [SpiderSync] [http-nio-8081-exec-7] o.s.s.w.a.AnonymousAuthenticationFilter  : Set SecurityContextHolder to anonymous SecurityContext
2026-01-25T13:48:04.854+05:30 DEBUG 17320 --- [SpiderSync] [http-nio-8081-exec-9] m.m.a.RequestResponseBodyMethodProcessor : Writing [{configUrl=/api-docs/swagger-config, oauth2RedirectUrl=http://localhost:8081/swagger-ui/oauth2-redir (truncated)...]
2026-01-25T13:48:04.854+05:30 DEBUG 17320 --- [SpiderSync] [http-nio-8081-exec-7] o.s.security.web.FilterChainProxy        : Secured GET /swagger-ui/favicon-32x32.png
2026-01-25T13:48:04.855+05:30 DEBUG 17320 --- [SpiderSync] [http-nio-8081-exec-7] o.s.web.servlet.DispatcherServlet        : GET "/swagger-ui/favicon-32x32.png", parameters={}
2026-01-25T13:48:04.857+05:30 DEBUG 17320 --- [SpiderSync] [http-nio-8081-exec-9] o.s.web.servlet.DispatcherServlet        : Completed 200 OK
2026-01-25T13:48:04.857+05:30 DEBUG 17320 --- [SpiderSync] [http-nio-8081-exec-7] o.s.w.s.handler.SimpleUrlHandlerMapping  : Mapped to ResourceHttpRequestHandler [classpath [META-INF/resources/webjars/]]
2026-01-25T13:48:04.861+05:30 DEBUG 17320 --- [SpiderSync] [http-nio-8081-exec-7] o.s.web.servlet.DispatcherServlet        : Completed 200 OK
2026-01-25T13:48:04.902+05:30 DEBUG 17320 --- [SpiderSync] [http-nio-8081-exec-10] o.s.security.web.FilterChainProxy        : Securing GET /api-docs
2026-01-25T13:48:04.903+05:30 DEBUG 17320 --- [SpiderSync] [http-nio-8081-exec-10] o.s.s.w.a.AnonymousAuthenticationFilter  : Set SecurityContextHolder to anonymous SecurityContext
2026-01-25T13:48:04.904+05:30 DEBUG 17320 --- [SpiderSync] [http-nio-8081-exec-10] o.s.security.web.FilterChainProxy        : Secured GET /api-docs
2026-01-25T13:48:04.904+05:30 DEBUG 17320 --- [SpiderSync] [http-nio-8081-exec-10] o.s.web.servlet.DispatcherServlet        : GET "/api-docs", parameters={}
2026-01-25T13:48:04.905+05:30 DEBUG 17320 --- [SpiderSync] [http-nio-8081-exec-10] s.w.s.m.m.a.RequestMappingHandlerMapping : Mapped to org.springdoc.webmvc.api.OpenApiWebMvcResource#openapiJson(HttpServletRequest, String, Locale)
2026-01-25T13:48:05.704+05:30  INFO 17320 --- [SpiderSync] [http-nio-8081-exec-10] o.springdoc.api.AbstractOpenApiResource  : Init duration for springdoc-openapi is: 795 ms
2026-01-25T13:48:05.789+05:30 DEBUG 17320 --- [SpiderSync] [http-nio-8081-exec-10] m.m.a.RequestResponseBodyMethodProcessor : Using 'application/json', given [application/json, */*] and supported [application/json]
2026-01-25T13:48:05.792+05:30 DEBUG 17320 --- [SpiderSync] [http-nio-8081-exec-10] m.m.a.RequestResponseBodyMethodProcessor : Writing [{123, 34, 111, 112, 101, 110, 97, 112, 105, 34, 58, 34, 51, 46, 48, 46, 49, 34, 44, 34, 105, 110, 10 (truncated)...]
2026-01-25T13:48:05.796+05:30 DEBUG 17320 --- [SpiderSync] [http-nio-8081-exec-10] o.s.web.servlet.DispatcherServlet        : Completed 200 OK
2026-01-25T13:48:06.518+05:30 DEBUG 17320 --- [SpiderSync] [http-nio-8081-exec-1] o.s.security.web.FilterChainProxy        : Securing GET /swagger-ui/favicon-32x32.png
2026-01-25T13:48:06.519+05:30 DEBUG 17320 --- [SpiderSync] [http-nio-8081-exec-1] o.s.s.w.a.AnonymousAuthenticationFilter  : Set SecurityContextHolder to anonymous SecurityContext
2026-01-25T13:48:06.520+05:30 DEBUG 17320 --- [SpiderSync] [http-nio-8081-exec-1] o.s.security.web.FilterChainProxy        : Secured GET /swagger-ui/favicon-32x32.png
2026-01-25T13:48:06.521+05:30 DEBUG 17320 --- [SpiderSync] [http-nio-8081-exec-1] o.s.web.servlet.DispatcherServlet        : GET "/swagger-ui/favicon-32x32.png", parameters={}
2026-01-25T13:48:06.522+05:30 DEBUG 17320 --- [SpiderSync] [http-nio-8081-exec-1] o.s.w.s.handler.SimpleUrlHandlerMapping  : Mapped to ResourceHttpRequestHandler [classpath [META-INF/resources/webjars/]]
2026-01-25T13:48:06.532+05:30 DEBUG 17320 --- [SpiderSync] [http-nio-8081-exec-1] o.s.web.servlet.DispatcherServlet        : Completed 200 OK
2026-01-25T13:48:59.154+05:30 DEBUG 17320 --- [SpiderSync] [http-nio-8081-exec-2] o.s.security.web.FilterChainProxy        : Securing GET /actuator/health
2026-01-25T13:48:59.154+05:30 DEBUG 17320 --- [SpiderSync] [http-nio-8081-exec-2] o.s.s.w.a.AnonymousAuthenticationFilter  : Set SecurityContextHolder to anonymous SecurityContext
2026-01-25T13:48:59.157+05:30 DEBUG 17320 --- [SpiderSync] [http-nio-8081-exec-2] o.s.security.web.FilterChainProxy        : Secured GET /actuator/health
2026-01-25T13:48:59.158+05:30 DEBUG 17320 --- [SpiderSync] [http-nio-8081-exec-2] o.s.web.servlet.DispatcherServlet        : GET "/actuator/health", parameters={}
2026-01-25T13:48:59.170+05:30 DEBUG 17320 --- [SpiderSync] [http-nio-8081-exec-2] m.m.a.RequestResponseBodyMethodProcessor : Read "application/octet-stream" to []
2026-01-25T13:48:59.193+05:30  INFO 17320 --- [SpiderSync] [http-nio-8081-exec-2] o.s.a.r.c.CachingConnectionFactory       : Attempting to connect to: [localhost:5672]
2026-01-25T13:48:59.206+05:30  WARN 17320 --- [SpiderSync] [http-nio-8081-exec-2] o.s.b.a.amqp.RabbitHealthIndicator       : Rabbit health check failed

org.springframework.amqp.AmqpConnectException: java.net.ConnectException: Connection refused: getsockopt
	at org.springframework.amqp.rabbit.support.RabbitExceptionTranslator.convertRabbitAccessException(RabbitExceptionTranslator.java:61) ~[spring-rabbit-3.2.1.jar:3.2.1]
	at org.springframework.amqp.rabbit.connection.AbstractConnectionFactory.createBareConnection(AbstractConnectionFactory.java:633) ~[spring-rabbit-3.2.1.jar:3.2.1]
	at org.springframework.amqp.rabbit.connection.CachingConnectionFactory.createConnection(CachingConnectionFactory.java:726) ~[spring-rabbit-3.2.1.jar:3.2.1]
	at org.springframework.amqp.rabbit.connection.ConnectionFactoryUtils.createConnection(ConnectionFactoryUtils.java:257) ~[spring-rabbit-3.2.1.jar:3.2.1]
	at org.springframework.amqp.rabbit.core.RabbitTemplate.doExecute(RabbitTemplate.java:2262) ~[spring-rabbit-3.2.1.jar:3.2.1]
	at org.springframework.amqp.rabbit.core.RabbitTemplate.execute(RabbitTemplate.java:2235) ~[spring-rabbit-3.2.1.jar:3.2.1]
	at org.springframework.amqp.rabbit.core.RabbitTemplate.execute(RabbitTemplate.java:2215) ~[spring-rabbit-3.2.1.jar:3.2.1]
	at org.springframework.boot.actuate.amqp.RabbitHealthIndicator.getVersion(RabbitHealthIndicator.java:49) ~[spring-boot-actuator-3.4.1.jar:3.4.1]
	at org.springframework.boot.actuate.amqp.RabbitHealthIndicator.doHealthCheck(RabbitHealthIndicator.java:44) ~[spring-boot-actuator-3.4.1.jar:3.4.1]
	at org.springframework.boot.actuate.health.AbstractHealthIndicator.health(AbstractHealthIndicator.java:82) ~[spring-boot-actuator-3.4.1.jar:3.4.1]
	at org.springframework.boot.actuate.health.HealthIndicator.getHealth(HealthIndicator.java:37) ~[spring-boot-actuator-3.4.1.jar:3.4.1]
	at org.springframework.boot.actuate.health.HealthEndpointWebExtension.getHealth(HealthEndpointWebExtension.java:94) ~[spring-boot-actuator-3.4.1.jar:3.4.1]
	at org.springframework.boot.actuate.health.HealthEndpointWebExtension.getHealth(HealthEndpointWebExtension.java:47) ~[spring-boot-actuator-3.4.1.jar:3.4.1]
	at org.springframework.boot.actuate.health.HealthEndpointSupport.getLoggedHealth(HealthEndpointSupport.java:172) ~[spring-boot-actuator-3.4.1.jar:3.4.1]
	at org.springframework.boot.actuate.health.HealthEndpointSupport.getContribution(HealthEndpointSupport.java:145) ~[spring-boot-actuator-3.4.1.jar:3.4.1]
	at org.springframework.boot.actuate.health.HealthEndpointSupport.getAggregateContribution(HealthEndpointSupport.java:156) ~[spring-boot-actuator-3.4.1.jar:3.4.1]
	at org.springframework.boot.actuate.health.HealthEndpointSupport.getContribution(HealthEndpointSupport.java:141) ~[spring-boot-actuator-3.4.1.jar:3.4.1]
	at org.springframework.boot.actuate.health.HealthEndpointSupport.getHealth(HealthEndpointSupport.java:110) ~[spring-boot-actuator-3.4.1.jar:3.4.1]
	at org.springframework.boot.actuate.health.HealthEndpointSupport.getHealth(HealthEndpointSupport.java:81) ~[spring-boot-actuator-3.4.1.jar:3.4.1]
	at org.springframework.boot.actuate.health.HealthEndpointWebExtension.health(HealthEndpointWebExtension.java:80) ~[spring-boot-actuator-3.4.1.jar:3.4.1]
	at org.springframework.boot.actuate.health.HealthEndpointWebExtension.health(HealthEndpointWebExtension.java:69) ~[spring-boot-actuator-3.4.1.jar:3.4.1]
	at java.base/jdk.internal.reflect.DirectMethodHandleAccessor.invoke(DirectMethodHandleAccessor.java:104) ~[na:na]
	at java.base/java.lang.reflect.Method.invoke(Method.java:565) ~[na:na]
	at org.springframework.util.ReflectionUtils.invokeMethod(ReflectionUtils.java:281) ~[spring-core-6.2.1.jar:6.2.1]
	at org.springframework.boot.actuate.endpoint.invoke.reflect.ReflectiveOperationInvoker.invoke(ReflectiveOperationInvoker.java:74) ~[spring-boot-actuator-3.4.1.jar:3.4.1]
	at org.springframework.boot.actuate.endpoint.annotation.AbstractDiscoveredOperation.invoke(AbstractDiscoveredOperation.java:60) ~[spring-boot-actuator-3.4.1.jar:3.4.1]
	at org.springframework.boot.actuate.endpoint.web.servlet.AbstractWebMvcEndpointHandlerMapping$ServletWebOperationAdapter.handle(AbstractWebMvcEndpointHandlerMapping.java:327) ~[spring-boot-actuator-3.4.1.jar:3.4.1]
	at org.springframework.boot.actuate.endpoint.web.servlet.AbstractWebMvcEndpointHandlerMapping$OperationHandler.handle(AbstractWebMvcEndpointHandlerMapping.java:434) ~[spring-boot-actuator-3.4.1.jar:3.4.1]
	at java.base/jdk.internal.reflect.DirectMethodHandleAccessor.invoke(DirectMethodHandleAccessor.java:104) ~[na:na]
	at java.base/java.lang.reflect.Method.invoke(Method.java:565) ~[na:na]
	at org.springframework.web.method.support.InvocableHandlerMethod.doInvoke(InvocableHandlerMethod.java:257) ~[spring-web-6.2.1.jar:6.2.1]
	at org.springframework.web.method.support.InvocableHandlerMethod.invokeForRequest(InvocableHandlerMethod.java:190) ~[spring-web-6.2.1.jar:6.2.1]
	at org.springframework.web.servlet.mvc.method.annotation.ServletInvocableHandlerMethod.invokeAndHandle(ServletInvocableHandlerMethod.java:118) ~[spring-webmvc-6.2.1.jar:6.2.1]
	at org.springframework.web.servlet.mvc.method.annotation.RequestMappingHandlerAdapter.invokeHandlerMethod(RequestMappingHandlerAdapter.java:986) ~[spring-webmvc-6.2.1.jar:6.2.1]
	at org.springframework.web.servlet.mvc.method.annotation.RequestMappingHandlerAdapter.handleInternal(RequestMappingHandlerAdapter.java:891) ~[spring-webmvc-6.2.1.jar:6.2.1]
	at org.springframework.web.servlet.mvc.method.AbstractHandlerMethodAdapter.handle(AbstractHandlerMethodAdapter.java:87) ~[spring-webmvc-6.2.1.jar:6.2.1]
	at org.springframework.web.servlet.DispatcherServlet.doDispatch(DispatcherServlet.java:1088) ~[spring-webmvc-6.2.1.jar:6.2.1]
	at org.springframework.web.servlet.DispatcherServlet.doService(DispatcherServlet.java:978) ~[spring-webmvc-6.2.1.jar:6.2.1]
	at org.springframework.web.servlet.FrameworkServlet.processRequest(FrameworkServlet.java:1014) ~[spring-webmvc-6.2.1.jar:6.2.1]
	at org.springframework.web.servlet.FrameworkServlet.doGet(FrameworkServlet.java:903) ~[spring-webmvc-6.2.1.jar:6.2.1]
	at jakarta.servlet.http.HttpServlet.service(HttpServlet.java:564) ~[tomcat-embed-core-10.1.34.jar:6.0]
	at org.springframework.web.servlet.FrameworkServlet.service(FrameworkServlet.java:885) ~[spring-webmvc-6.2.1.jar:6.2.1]
	at jakarta.servlet.http.HttpServlet.service(HttpServlet.java:658) ~[tomcat-embed-core-10.1.34.jar:6.0]
	at org.apache.catalina.core.ApplicationFilterChain.internalDoFilter(ApplicationFilterChain.java:195) ~[tomcat-embed-core-10.1.34.jar:10.1.34]
	at org.apache.catalina.core.ApplicationFilterChain.doFilter(ApplicationFilterChain.java:140) ~[tomcat-embed-core-10.1.34.jar:10.1.34]
	at org.apache.tomcat.websocket.server.WsFilter.doFilter(WsFilter.java:51) ~[tomcat-embed-websocket-10.1.34.jar:10.1.34]
	at org.apache.catalina.core.ApplicationFilterChain.internalDoFilter(ApplicationFilterChain.java:164) ~[tomcat-embed-core-10.1.34.jar:10.1.34]
	at org.apache.catalina.core.ApplicationFilterChain.doFilter(ApplicationFilterChain.java:140) ~[tomcat-embed-core-10.1.34.jar:10.1.34]
	at org.springframework.web.filter.OncePerRequestFilter.doFilter(OncePerRequestFilter.java:110) ~[spring-web-6.2.1.jar:6.2.1]
	at org.apache.catalina.core.ApplicationFilterChain.internalDoFilter(ApplicationFilterChain.java:164) ~[tomcat-embed-core-10.1.34.jar:10.1.34]
	at org.apache.catalina.core.ApplicationFilterChain.doFilter(ApplicationFilterChain.java:140) ~[tomcat-embed-core-10.1.34.jar:10.1.34]
	at org.springframework.web.filter.OncePerRequestFilter.doFilter(OncePerRequestFilter.java:110) ~[spring-web-6.2.1.jar:6.2.1]
	at org.apache.catalina.core.ApplicationFilterChain.internalDoFilter(ApplicationFilterChain.java:164) ~[tomcat-embed-core-10.1.34.jar:10.1.34]
	at org.apache.catalina.core.ApplicationFilterChain.doFilter(ApplicationFilterChain.java:140) ~[tomcat-embed-core-10.1.34.jar:10.1.34]
	at org.springframework.web.filter.CompositeFilter$VirtualFilterChain.doFilter(CompositeFilter.java:108) ~[spring-web-6.2.1.jar:6.2.1]
	at org.springframework.security.web.FilterChainProxy.lambda$doFilterInternal$3(FilterChainProxy.java:231) ~[spring-security-web-6.4.2.jar:6.4.2]
	at org.springframework.security.web.ObservationFilterChainDecorator$FilterObservation$SimpleFilterObservation.lambda$wrap$1(ObservationFilterChainDecorator.java:479) ~[spring-security-web-6.4.2.jar:6.4.2]
	at org.springframework.security.web.ObservationFilterChainDecorator$AroundFilterObservation$SimpleAroundFilterObservation.lambda$wrap$1(ObservationFilterChainDecorator.java:340) ~[spring-security-web-6.4.2.jar:6.4.2]
	at org.springframework.security.web.ObservationFilterChainDecorator.lambda$wrapSecured$0(ObservationFilterChainDecorator.java:82) ~[spring-security-web-6.4.2.jar:6.4.2]
	at org.springframework.security.web.ObservationFilterChainDecorator$VirtualFilterChain.doFilter(ObservationFilterChainDecorator.java:128) ~[spring-security-web-6.4.2.jar:6.4.2]
	at org.springframework.security.web.access.intercept.AuthorizationFilter.doFilter(AuthorizationFilter.java:101) ~[spring-security-web-6.4.2.jar:6.4.2]
	at org.springframework.security.web.ObservationFilterChainDecorator$ObservationFilter.wrapFilter(ObservationFilterChainDecorator.java:240) ~[spring-security-web-6.4.2.jar:6.4.2]
	at org.springframework.security.web.ObservationFilterChainDecorator$ObservationFilter.doFilter(ObservationFilterChainDecorator.java:227) ~[spring-security-web-6.4.2.jar:6.4.2]
	at org.springframework.security.web.ObservationFilterChainDecorator$VirtualFilterChain.doFilter(ObservationFilterChainDecorator.java:137) ~[spring-security-web-6.4.2.jar:6.4.2]
	at org.springframework.security.web.access.ExceptionTranslationFilter.doFilter(ExceptionTranslationFilter.java:126) ~[spring-security-web-6.4.2.jar:6.4.2]
	at org.springframework.security.web.access.ExceptionTranslationFilter.doFilter(ExceptionTranslationFilter.java:120) ~[spring-security-web-6.4.2.jar:6.4.2]
	at org.springframework.security.web.ObservationFilterChainDecorator$ObservationFilter.wrapFilter(ObservationFilterChainDecorator.java:240) ~[spring-security-web-6.4.2.jar:6.4.2]
	at org.springframework.security.web.ObservationFilterChainDecorator$ObservationFilter.doFilter(ObservationFilterChainDecorator.java:227) ~[spring-security-web-6.4.2.jar:6.4.2]
	at org.springframework.security.web.ObservationFilterChainDecorator$VirtualFilterChain.doFilter(ObservationFilterChainDecorator.java:137) ~[spring-security-web-6.4.2.jar:6.4.2]
	at org.springframework.security.web.session.SessionManagementFilter.doFilter(SessionManagementFilter.java:131) ~[spring-security-web-6.4.2.jar:6.4.2]
	at org.springframework.security.web.session.SessionManagementFilter.doFilter(SessionManagementFilter.java:85) ~[spring-security-web-6.4.2.jar:6.4.2]
	at org.springframework.security.web.ObservationFilterChainDecorator$ObservationFilter.wrapFilter(ObservationFilterChainDecorator.java:240) ~[spring-security-web-6.4.2.jar:6.4.2]
	at org.springframework.security.web.ObservationFilterChainDecorator$ObservationFilter.doFilter(ObservationFilterChainDecorator.java:227) ~[spring-security-web-6.4.2.jar:6.4.2]
	at org.springframework.security.web.ObservationFilterChainDecorator$VirtualFilterChain.doFilter(ObservationFilterChainDecorator.java:137) ~[spring-security-web-6.4.2.jar:6.4.2]
	at org.springframework.security.web.authentication.AnonymousAuthenticationFilter.doFilter(AnonymousAuthenticationFilter.java:100) ~[spring-security-web-6.4.2.jar:6.4.2]
	at org.springframework.security.web.ObservationFilterChainDecorator$ObservationFilter.wrapFilter(ObservationFilterChainDecorator.java:240) ~[spring-security-web-6.4.2.jar:6.4.2]
	at org.springframework.security.web.ObservationFilterChainDecorator$ObservationFilter.doFilter(ObservationFilterChainDecorator.java:227) ~[spring-security-web-6.4.2.jar:6.4.2]
	at org.springframework.security.web.ObservationFilterChainDecorator$VirtualFilterChain.doFilter(ObservationFilterChainDecorator.java:137) ~[spring-security-web-6.4.2.jar:6.4.2]
	at org.springframework.security.web.servletapi.SecurityContextHolderAwareRequestFilter.doFilter(SecurityContextHolderAwareRequestFilter.java:179) ~[spring-security-web-6.4.2.jar:6.4.2]
	at org.springframework.security.web.ObservationFilterChainDecorator$ObservationFilter.wrapFilter(ObservationFilterChainDecorator.java:240) ~[spring-security-web-6.4.2.jar:6.4.2]
	at org.springframework.security.web.ObservationFilterChainDecorator$ObservationFilter.doFilter(ObservationFilterChainDecorator.java:227) ~[spring-security-web-6.4.2.jar:6.4.2]
	at org.springframework.security.web.ObservationFilterChainDecorator$VirtualFilterChain.doFilter(ObservationFilterChainDecorator.java:137) ~[spring-security-web-6.4.2.jar:6.4.2]
	at org.springframework.security.web.savedrequest.RequestCacheAwareFilter.doFilter(RequestCacheAwareFilter.java:63) ~[spring-security-web-6.4.2.jar:6.4.2]
	at org.springframework.security.web.ObservationFilterChainDecorator$ObservationFilter.wrapFilter(ObservationFilterChainDecorator.java:240) ~[spring-security-web-6.4.2.jar:6.4.2]
	at org.springframework.security.web.ObservationFilterChainDecorator$ObservationFilter.doFilter(ObservationFilterChainDecorator.java:227) ~[spring-security-web-6.4.2.jar:6.4.2]
	at org.springframework.security.web.ObservationFilterChainDecorator$VirtualFilterChain.doFilter(ObservationFilterChainDecorator.java:137) ~[spring-security-web-6.4.2.jar:6.4.2]
	at com.Project.SpiderSync.security.JwtAuthenticationFilter.doFilterInternal(JwtAuthenticationFilter.java:39) ~[classes/:na]
	at org.springframework.web.filter.OncePerRequestFilter.doFilter(OncePerRequestFilter.java:116) ~[spring-web-6.2.1.jar:6.2.1]
	at org.springframework.security.web.ObservationFilterChainDecorator$ObservationFilter.wrapFilter(ObservationFilterChainDecorator.java:240) ~[spring-security-web-6.4.2.jar:6.4.2]
	at org.springframework.security.web.ObservationFilterChainDecorator$ObservationFilter.doFilter(ObservationFilterChainDecorator.java:227) ~[spring-security-web-6.4.2.jar:6.4.2]
	at org.springframework.security.web.ObservationFilterChainDecorator$VirtualFilterChain.doFilter(ObservationFilterChainDecorator.java:137) ~[spring-security-web-6.4.2.jar:6.4.2]
	at com.Project.SpiderSync.security.RateLimitingFilter.doFilterInternal(RateLimitingFilter.java:58) ~[classes/:na]
	at org.springframework.web.filter.OncePerRequestFilter.doFilter(OncePerRequestFilter.java:116) ~[spring-web-6.2.1.jar:6.2.1]
	at org.springframework.security.web.ObservationFilterChainDecorator$ObservationFilter.wrapFilter(ObservationFilterChainDecorator.java:240) ~[spring-security-web-6.4.2.jar:6.4.2]
	at org.springframework.security.web.ObservationFilterChainDecorator$ObservationFilter.doFilter(ObservationFilterChainDecorator.java:227) ~[spring-security-web-6.4.2.jar:6.4.2]
	at org.springframework.security.web.ObservationFilterChainDecorator$VirtualFilterChain.doFilter(ObservationFilterChainDecorator.java:137) ~[spring-security-web-6.4.2.jar:6.4.2]
	at org.springframework.security.web.authentication.logout.LogoutFilter.doFilter(LogoutFilter.java:107) ~[spring-security-web-6.4.2.jar:6.4.2]
	at org.springframework.security.web.authentication.logout.LogoutFilter.doFilter(LogoutFilter.java:93) ~[spring-security-web-6.4.2.jar:6.4.2]
	at org.springframework.security.web.ObservationFilterChainDecorator$ObservationFilter.wrapFilter(ObservationFilterChainDecorator.java:240) ~[spring-security-web-6.4.2.jar:6.4.2]
	at org.springframework.security.web.ObservationFilterChainDecorator$ObservationFilter.doFilter(ObservationFilterChainDecorator.java:227) ~[spring-security-web-6.4.2.jar:6.4.2]
	at org.springframework.security.web.ObservationFilterChainDecorator$VirtualFilterChain.doFilter(ObservationFilterChainDecorator.java:137) ~[spring-security-web-6.4.2.jar:6.4.2]
	at org.springframework.security.web.header.HeaderWriterFilter.doHeadersAfter(HeaderWriterFilter.java:90) ~[spring-security-web-6.4.2.jar:6.4.2]
	at org.springframework.security.web.header.HeaderWriterFilter.doFilterInternal(HeaderWriterFilter.java:75) ~[spring-security-web-6.4.2.jar:6.4.2]
	at org.springframework.web.filter.OncePerRequestFilter.doFilter(OncePerRequestFilter.java:116) ~[spring-web-6.2.1.jar:6.2.1]
	at org.springframework.security.web.ObservationFilterChainDecorator$ObservationFilter.wrapFilter(ObservationFilterChainDecorator.java:240) ~[spring-security-web-6.4.2.jar:6.4.2]
	at org.springframework.security.web.ObservationFilterChainDecorator$ObservationFilter.doFilter(ObservationFilterChainDecorator.java:227) ~[spring-security-web-6.4.2.jar:6.4.2]
	at org.springframework.security.web.ObservationFilterChainDecorator$VirtualFilterChain.doFilter(ObservationFilterChainDecorator.java:137) ~[spring-security-web-6.4.2.jar:6.4.2]
	at org.springframework.security.web.context.SecurityContextHolderFilter.doFilter(SecurityContextHolderFilter.java:82) ~[spring-security-web-6.4.2.jar:6.4.2]
	at org.springframework.security.web.context.SecurityContextHolderFilter.doFilter(SecurityContextHolderFilter.java:69) ~[spring-security-web-6.4.2.jar:6.4.2]
	at org.springframework.security.web.ObservationFilterChainDecorator$ObservationFilter.wrapFilter(ObservationFilterChainDecorator.java:240) ~[spring-security-web-6.4.2.jar:6.4.2]
	at org.springframework.security.web.ObservationFilterChainDecorator$ObservationFilter.doFilter(ObservationFilterChainDecorator.java:227) ~[spring-security-web-6.4.2.jar:6.4.2]
	at org.springframework.security.web.ObservationFilterChainDecorator$VirtualFilterChain.doFilter(ObservationFilterChainDecorator.java:137) ~[spring-security-web-6.4.2.jar:6.4.2]
	at org.springframework.security.web.context.request.async.WebAsyncManagerIntegrationFilter.doFilterInternal(WebAsyncManagerIntegrationFilter.java:62) ~[spring-security-web-6.4.2.jar:6.4.2]
	at org.springframework.web.filter.OncePerRequestFilter.doFilter(OncePerRequestFilter.java:116) ~[spring-web-6.2.1.jar:6.2.1]
	at org.springframework.security.web.ObservationFilterChainDecorator$ObservationFilter.wrapFilter(ObservationFilterChainDecorator.java:240) ~[spring-security-web-6.4.2.jar:6.4.2]
	at org.springframework.security.web.ObservationFilterChainDecorator$ObservationFilter.doFilter(ObservationFilterChainDecorator.java:227) ~[spring-security-web-6.4.2.jar:6.4.2]
	at org.springframework.security.web.ObservationFilterChainDecorator$VirtualFilterChain.doFilter(ObservationFilterChainDecorator.java:137) ~[spring-security-web-6.4.2.jar:6.4.2]
	at org.springframework.security.web.session.DisableEncodeUrlFilter.doFilterInternal(DisableEncodeUrlFilter.java:42) ~[spring-security-web-6.4.2.jar:6.4.2]
	at org.springframework.web.filter.OncePerRequestFilter.doFilter(OncePerRequestFilter.java:116) ~[spring-web-6.2.1.jar:6.2.1]
	at org.springframework.security.web.ObservationFilterChainDecorator$ObservationFilter.wrapFilter(ObservationFilterChainDecorator.java:240) ~[spring-security-web-6.4.2.jar:6.4.2]
	at org.springframework.security.web.ObservationFilterChainDecorator$AroundFilterObservation$SimpleAroundFilterObservation.lambda$wrap$0(ObservationFilterChainDecorator.java:323) ~[spring-security-web-6.4.2.jar:6.4.2]
	at org.springframework.security.web.ObservationFilterChainDecorator$ObservationFilter.doFilter(ObservationFilterChainDecorator.java:224) ~[spring-security-web-6.4.2.jar:6.4.2]
	at org.springframework.security.web.ObservationFilterChainDecorator$VirtualFilterChain.doFilter(ObservationFilterChainDecorator.java:137) ~[spring-security-web-6.4.2.jar:6.4.2]
	at org.springframework.security.web.FilterChainProxy.doFilterInternal(FilterChainProxy.java:233) ~[spring-security-web-6.4.2.jar:6.4.2]
	at org.springframework.security.web.FilterChainProxy.doFilter(FilterChainProxy.java:191) ~[spring-security-web-6.4.2.jar:6.4.2]
	at org.springframework.web.filter.CompositeFilter$VirtualFilterChain.doFilter(CompositeFilter.java:113) ~[spring-web-6.2.1.jar:6.2.1]
	at org.springframework.web.servlet.handler.HandlerMappingIntrospector.lambda$createCacheFilter$3(HandlerMappingIntrospector.java:243) ~[spring-webmvc-6.2.1.jar:6.2.1]
	at org.springframework.web.filter.CompositeFilter$VirtualFilterChain.doFilter(CompositeFilter.java:113) ~[spring-web-6.2.1.jar:6.2.1]
	at org.springframework.web.filter.CompositeFilter.doFilter(CompositeFilter.java:74) ~[spring-web-6.2.1.jar:6.2.1]
	at org.springframework.security.config.annotation.web.configuration.WebMvcSecurityConfiguration$CompositeFilterChainProxy.doFilter(WebMvcSecurityConfiguration.java:238) ~[spring-security-config-6.4.2.jar:6.4.2]
	at org.springframework.web.filter.DelegatingFilterProxy.invokeDelegate(DelegatingFilterProxy.java:362) ~[spring-web-6.2.1.jar:6.2.1]
	at org.springframework.web.filter.DelegatingFilterProxy.doFilter(DelegatingFilterProxy.java:278) ~[spring-web-6.2.1.jar:6.2.1]
	at org.apache.catalina.core.ApplicationFilterChain.internalDoFilter(ApplicationFilterChain.java:164) ~[tomcat-embed-core-10.1.34.jar:10.1.34]
	at org.apache.catalina.core.ApplicationFilterChain.doFilter(ApplicationFilterChain.java:140) ~[tomcat-embed-core-10.1.34.jar:10.1.34]
	at org.springframework.web.filter.RequestContextFilter.doFilterInternal(RequestContextFilter.java:100) ~[spring-web-6.2.1.jar:6.2.1]
	at org.springframework.web.filter.OncePerRequestFilter.doFilter(OncePerRequestFilter.java:116) ~[spring-web-6.2.1.jar:6.2.1]
	at org.apache.catalina.core.ApplicationFilterChain.internalDoFilter(ApplicationFilterChain.java:164) ~[tomcat-embed-core-10.1.34.jar:10.1.34]
	at org.apache.catalina.core.ApplicationFilterChain.doFilter(ApplicationFilterChain.java:140) ~[tomcat-embed-core-10.1.34.jar:10.1.34]
	at org.springframework.web.filter.FormContentFilter.doFilterInternal(FormContentFilter.java:93) ~[spring-web-6.2.1.jar:6.2.1]
	at org.springframework.web.filter.OncePerRequestFilter.doFilter(OncePerRequestFilter.java:116) ~[spring-web-6.2.1.jar:6.2.1]
	at org.apache.catalina.core.ApplicationFilterChain.internalDoFilter(ApplicationFilterChain.java:164) ~[tomcat-embed-core-10.1.34.jar:10.1.34]
	at org.apache.catalina.core.ApplicationFilterChain.doFilter(ApplicationFilterChain.java:140) ~[tomcat-embed-core-10.1.34.jar:10.1.34]
	at org.springframework.web.filter.ServerHttpObservationFilter.doFilterInternal(ServerHttpObservationFilter.java:114) ~[spring-web-6.2.1.jar:6.2.1]
	at org.springframework.web.filter.OncePerRequestFilter.doFilter(OncePerRequestFilter.java:116) ~[spring-web-6.2.1.jar:6.2.1]
	at org.apache.catalina.core.ApplicationFilterChain.internalDoFilter(ApplicationFilterChain.java:164) ~[tomcat-embed-core-10.1.34.jar:10.1.34]
	at org.apache.catalina.core.ApplicationFilterChain.doFilter(ApplicationFilterChain.java:140) ~[tomcat-embed-core-10.1.34.jar:10.1.34]
	at org.springframework.web.filter.CharacterEncodingFilter.doFilterInternal(CharacterEncodingFilter.java:201) ~[spring-web-6.2.1.jar:6.2.1]
	at org.springframework.web.filter.OncePerRequestFilter.doFilter(OncePerRequestFilter.java:116) ~[spring-web-6.2.1.jar:6.2.1]
	at org.apache.catalina.core.ApplicationFilterChain.internalDoFilter(ApplicationFilterChain.java:164) ~[tomcat-embed-core-10.1.34.jar:10.1.34]
	at org.apache.catalina.core.ApplicationFilterChain.doFilter(ApplicationFilterChain.java:140) ~[tomcat-embed-core-10.1.34.jar:10.1.34]
	at org.apache.catalina.core.StandardWrapperValve.invoke(StandardWrapperValve.java:167) ~[tomcat-embed-core-10.1.34.jar:10.1.34]
	at org.apache.catalina.core.StandardContextValve.invoke(StandardContextValve.java:90) ~[tomcat-embed-core-10.1.34.jar:10.1.34]
	at org.apache.catalina.authenticator.AuthenticatorBase.invoke(AuthenticatorBase.java:483) ~[tomcat-embed-core-10.1.34.jar:10.1.34]
	at org.apache.catalina.core.StandardHostValve.invoke(StandardHostValve.java:115) ~[tomcat-embed-core-10.1.34.jar:10.1.34]
	at org.apache.catalina.valves.ErrorReportValve.invoke(ErrorReportValve.java:93) ~[tomcat-embed-core-10.1.34.jar:10.1.34]
	at org.apache.catalina.core.StandardEngineValve.invoke(StandardEngineValve.java:74) ~[tomcat-embed-core-10.1.34.jar:10.1.34]
	at org.apache.catalina.connector.CoyoteAdapter.service(CoyoteAdapter.java:344) ~[tomcat-embed-core-10.1.34.jar:10.1.34]
	at org.apache.coyote.http11.Http11Processor.service(Http11Processor.java:397) ~[tomcat-embed-core-10.1.34.jar:10.1.34]
	at org.apache.coyote.AbstractProcessorLight.process(AbstractProcessorLight.java:63) ~[tomcat-embed-core-10.1.34.jar:10.1.34]
	at org.apache.coyote.AbstractProtocol$ConnectionHandler.process(AbstractProtocol.java:905) ~[tomcat-embed-core-10.1.34.jar:10.1.34]
	at org.apache.tomcat.util.net.NioEndpoint$SocketProcessor.doRun(NioEndpoint.java:1741) ~[tomcat-embed-core-10.1.34.jar:10.1.34]
	at org.apache.tomcat.util.net.SocketProcessorBase.run(SocketProcessorBase.java:52) ~[tomcat-embed-core-10.1.34.jar:10.1.34]
	at org.apache.tomcat.util.threads.ThreadPoolExecutor.runWorker(ThreadPoolExecutor.java:1190) ~[tomcat-embed-core-10.1.34.jar:10.1.34]
	at org.apache.tomcat.util.threads.ThreadPoolExecutor$Worker.run(ThreadPoolExecutor.java:659) ~[tomcat-embed-core-10.1.34.jar:10.1.34]
	at org.apache.tomcat.util.threads.TaskThread$WrappingRunnable.run(TaskThread.java:63) ~[tomcat-embed-core-10.1.34.jar:10.1.34]
	at java.base/java.lang.Thread.run(Thread.java:1474) ~[na:na]
Caused by: java.net.ConnectException: Connection refused: getsockopt
	at java.base/sun.nio.ch.Net.pollConnect(Native Method) ~[na:na]
	at java.base/sun.nio.ch.Net.pollConnectNow(Net.java:639) ~[na:na]
	at java.base/sun.nio.ch.NioSocketImpl.timedFinishConnect(NioSocketImpl.java:543) ~[na:na]
	at java.base/sun.nio.ch.NioSocketImpl.connect(NioSocketImpl.java:594) ~[na:na]
	at java.base/java.net.SocksSocketImpl.connect(SocksSocketImpl.java:284) ~[na:na]
	at java.base/java.net.Socket.connect(Socket.java:659) ~[na:na]
	at com.rabbitmq.client.impl.SocketFrameHandlerFactory.create(SocketFrameHandlerFactory.java:61) ~[amqp-client-5.22.0.jar:5.22.0]
	at com.rabbitmq.client.ConnectionFactory.newConnection(ConnectionFactory.java:1249) ~[amqp-client-5.22.0.jar:5.22.0]
	at com.rabbitmq.client.ConnectionFactory.newConnection(ConnectionFactory.java:1198) ~[amqp-client-5.22.0.jar:5.22.0]
	at org.springframework.amqp.rabbit.connection.AbstractConnectionFactory.connectAddresses(AbstractConnectionFactory.java:679) ~[spring-rabbit-3.2.1.jar:3.2.1]
	at org.springframework.amqp.rabbit.connection.AbstractConnectionFactory.connect(AbstractConnectionFactory.java:648) ~[spring-rabbit-3.2.1.jar:3.2.1]
	at org.springframework.amqp.rabbit.connection.AbstractConnectionFactory.createBareConnection(AbstractConnectionFactory.java:594) ~[spring-rabbit-3.2.1.jar:3.2.1]
	... 164 common frames omitted

2026-01-25T13:48:59.229+05:30  WARN 17320 --- [SpiderSync] [http-nio-8081-exec-2] e.ElasticsearchRestClientHealthIndicator : Elasticsearch health check failed

java.net.ConnectException: Connection refused: getsockopt
	at org.elasticsearch.client.RestClient.extractAndWrapCause(RestClient.java:934) ~[elasticsearch-rest-client-8.15.5.jar:8.15.5]
	at org.elasticsearch.client.RestClient.performRequest(RestClient.java:304) ~[elasticsearch-rest-client-8.15.5.jar:8.15.5]
	at org.elasticsearch.client.RestClient.performRequest(RestClient.java:292) ~[elasticsearch-rest-client-8.15.5.jar:8.15.5]
	at org.springframework.boot.actuate.elasticsearch.ElasticsearchRestClientHealthIndicator.doHealthCheck(ElasticsearchRestClientHealthIndicator.java:60) ~[spring-boot-actuator-3.4.1.jar:3.4.1]
	at org.springframework.boot.actuate.health.AbstractHealthIndicator.health(AbstractHealthIndicator.java:82) ~[spring-boot-actuator-3.4.1.jar:3.4.1]
	at org.springframework.boot.actuate.health.HealthIndicator.getHealth(HealthIndicator.java:37) ~[spring-boot-actuator-3.4.1.jar:3.4.1]
	at org.springframework.boot.actuate.health.HealthEndpointWebExtension.getHealth(HealthEndpointWebExtension.java:94) ~[spring-boot-actuator-3.4.1.jar:3.4.1]
	at org.springframework.boot.actuate.health.HealthEndpointWebExtension.getHealth(HealthEndpointWebExtension.java:47) ~[spring-boot-actuator-3.4.1.jar:3.4.1]
	at org.springframework.boot.actuate.health.HealthEndpointSupport.getLoggedHealth(HealthEndpointSupport.java:172) ~[spring-boot-actuator-3.4.1.jar:3.4.1]
	at org.springframework.boot.actuate.health.HealthEndpointSupport.getContribution(HealthEndpointSupport.java:145) ~[spring-boot-actuator-3.4.1.jar:3.4.1]
	at org.springframework.boot.actuate.health.HealthEndpointSupport.getAggregateContribution(HealthEndpointSupport.java:156) ~[spring-boot-actuator-3.4.1.jar:3.4.1]
	at org.springframework.boot.actuate.health.HealthEndpointSupport.getContribution(HealthEndpointSupport.java:141) ~[spring-boot-actuator-3.4.1.jar:3.4.1]
	at org.springframework.boot.actuate.health.HealthEndpointSupport.getHealth(HealthEndpointSupport.java:110) ~[spring-boot-actuator-3.4.1.jar:3.4.1]
	at org.springframework.boot.actuate.health.HealthEndpointSupport.getHealth(HealthEndpointSupport.java:81) ~[spring-boot-actuator-3.4.1.jar:3.4.1]
	at org.springframework.boot.actuate.health.HealthEndpointWebExtension.health(HealthEndpointWebExtension.java:80) ~[spring-boot-actuator-3.4.1.jar:3.4.1]
	at org.springframework.boot.actuate.health.HealthEndpointWebExtension.health(HealthEndpointWebExtension.java:69) ~[spring-boot-actuator-3.4.1.jar:3.4.1]
	at java.base/jdk.internal.reflect.DirectMethodHandleAccessor.invoke(DirectMethodHandleAccessor.java:104) ~[na:na]
	at java.base/java.lang.reflect.Method.invoke(Method.java:565) ~[na:na]
	at org.springframework.util.ReflectionUtils.invokeMethod(ReflectionUtils.java:281) ~[spring-core-6.2.1.jar:6.2.1]
	at org.springframework.boot.actuate.endpoint.invoke.reflect.ReflectiveOperationInvoker.invoke(ReflectiveOperationInvoker.java:74) ~[spring-boot-actuator-3.4.1.jar:3.4.1]
	at org.springframework.boot.actuate.endpoint.annotation.AbstractDiscoveredOperation.invoke(AbstractDiscoveredOperation.java:60) ~[spring-boot-actuator-3.4.1.jar:3.4.1]
	at org.springframework.boot.actuate.endpoint.web.servlet.AbstractWebMvcEndpointHandlerMapping$ServletWebOperationAdapter.handle(AbstractWebMvcEndpointHandlerMapping.java:327) ~[spring-boot-actuator-3.4.1.jar:3.4.1]
	at org.springframework.boot.actuate.endpoint.web.servlet.AbstractWebMvcEndpointHandlerMapping$OperationHandler.handle(AbstractWebMvcEndpointHandlerMapping.java:434) ~[spring-boot-actuator-3.4.1.jar:3.4.1]
	at java.base/jdk.internal.reflect.DirectMethodHandleAccessor.invoke(DirectMethodHandleAccessor.java:104) ~[na:na]
	at java.base/java.lang.reflect.Method.invoke(Method.java:565) ~[na:na]
	at org.springframework.web.method.support.InvocableHandlerMethod.doInvoke(InvocableHandlerMethod.java:257) ~[spring-web-6.2.1.jar:6.2.1]
	at org.springframework.web.method.support.InvocableHandlerMethod.invokeForRequest(InvocableHandlerMethod.java:190) ~[spring-web-6.2.1.jar:6.2.1]
	at org.springframework.web.servlet.mvc.method.annotation.ServletInvocableHandlerMethod.invokeAndHandle(ServletInvocableHandlerMethod.java:118) ~[spring-webmvc-6.2.1.jar:6.2.1]
	at org.springframework.web.servlet.mvc.method.annotation.RequestMappingHandlerAdapter.invokeHandlerMethod(RequestMappingHandlerAdapter.java:986) ~[spring-webmvc-6.2.1.jar:6.2.1]
	at org.springframework.web.servlet.mvc.method.annotation.RequestMappingHandlerAdapter.handleInternal(RequestMappingHandlerAdapter.java:891) ~[spring-webmvc-6.2.1.jar:6.2.1]
	at org.springframework.web.servlet.mvc.method.AbstractHandlerMethodAdapter.handle(AbstractHandlerMethodAdapter.java:87) ~[spring-webmvc-6.2.1.jar:6.2.1]
	at org.springframework.web.servlet.DispatcherServlet.doDispatch(DispatcherServlet.java:1088) ~[spring-webmvc-6.2.1.jar:6.2.1]
	at org.springframework.web.servlet.DispatcherServlet.doService(DispatcherServlet.java:978) ~[spring-webmvc-6.2.1.jar:6.2.1]
	at org.springframework.web.servlet.FrameworkServlet.processRequest(FrameworkServlet.java:1014) ~[spring-webmvc-6.2.1.jar:6.2.1]
	at org.springframework.web.servlet.FrameworkServlet.doGet(FrameworkServlet.java:903) ~[spring-webmvc-6.2.1.jar:6.2.1]
	at jakarta.servlet.http.HttpServlet.service(HttpServlet.java:564) ~[tomcat-embed-core-10.1.34.jar:6.0]
	at org.springframework.web.servlet.FrameworkServlet.service(FrameworkServlet.java:885) ~[spring-webmvc-6.2.1.jar:6.2.1]
	at jakarta.servlet.http.HttpServlet.service(HttpServlet.java:658) ~[tomcat-embed-core-10.1.34.jar:6.0]
	at org.apache.catalina.core.ApplicationFilterChain.internalDoFilter(ApplicationFilterChain.java:195) ~[tomcat-embed-core-10.1.34.jar:10.1.34]
	at org.apache.catalina.core.ApplicationFilterChain.doFilter(ApplicationFilterChain.java:140) ~[tomcat-embed-core-10.1.34.jar:10.1.34]
	at org.apache.tomcat.websocket.server.WsFilter.doFilter(WsFilter.java:51) ~[tomcat-embed-websocket-10.1.34.jar:10.1.34]
	at org.apache.catalina.core.ApplicationFilterChain.internalDoFilter(ApplicationFilterChain.java:164) ~[tomcat-embed-core-10.1.34.jar:10.1.34]
	at org.apache.catalina.core.ApplicationFilterChain.doFilter(ApplicationFilterChain.java:140) ~[tomcat-embed-core-10.1.34.jar:10.1.34]
	at org.springframework.web.filter.OncePerRequestFilter.doFilter(OncePerRequestFilter.java:110) ~[spring-web-6.2.1.jar:6.2.1]
	at org.apache.catalina.core.ApplicationFilterChain.internalDoFilter(ApplicationFilterChain.java:164) ~[tomcat-embed-core-10.1.34.jar:10.1.34]
	at org.apache.catalina.core.ApplicationFilterChain.doFilter(ApplicationFilterChain.java:140) ~[tomcat-embed-core-10.1.34.jar:10.1.34]
	at org.springframework.web.filter.OncePerRequestFilter.doFilter(OncePerRequestFilter.java:110) ~[spring-web-6.2.1.jar:6.2.1]
	at org.apache.catalina.core.ApplicationFilterChain.internalDoFilter(ApplicationFilterChain.java:164) ~[tomcat-embed-core-10.1.34.jar:10.1.34]
	at org.apache.catalina.core.ApplicationFilterChain.doFilter(ApplicationFilterChain.java:140) ~[tomcat-embed-core-10.1.34.jar:10.1.34]
	at org.springframework.web.filter.CompositeFilter$VirtualFilterChain.doFilter(CompositeFilter.java:108) ~[spring-web-6.2.1.jar:6.2.1]
	at org.springframework.security.web.FilterChainProxy.lambda$doFilterInternal$3(FilterChainProxy.java:231) ~[spring-security-web-6.4.2.jar:6.4.2]
	at org.springframework.security.web.ObservationFilterChainDecorator$FilterObservation$SimpleFilterObservation.lambda$wrap$1(ObservationFilterChainDecorator.java:479) ~[spring-security-web-6.4.2.jar:6.4.2]
	at org.springframework.security.web.ObservationFilterChainDecorator$AroundFilterObservation$SimpleAroundFilterObservation.lambda$wrap$1(ObservationFilterChainDecorator.java:340) ~[spring-security-web-6.4.2.jar:6.4.2]
	at org.springframework.security.web.ObservationFilterChainDecorator.lambda$wrapSecured$0(ObservationFilterChainDecorator.java:82) ~[spring-security-web-6.4.2.jar:6.4.2]
	at org.springframework.security.web.ObservationFilterChainDecorator$VirtualFilterChain.doFilter(ObservationFilterChainDecorator.java:128) ~[spring-security-web-6.4.2.jar:6.4.2]
	at org.springframework.security.web.access.intercept.AuthorizationFilter.doFilter(AuthorizationFilter.java:101) ~[spring-security-web-6.4.2.jar:6.4.2]
	at org.springframework.security.web.ObservationFilterChainDecorator$ObservationFilter.wrapFilter(ObservationFilterChainDecorator.java:240) ~[spring-security-web-6.4.2.jar:6.4.2]
	at org.springframework.security.web.ObservationFilterChainDecorator$ObservationFilter.doFilter(ObservationFilterChainDecorator.java:227) ~[spring-security-web-6.4.2.jar:6.4.2]
	at org.springframework.security.web.ObservationFilterChainDecorator$VirtualFilterChain.doFilter(ObservationFilterChainDecorator.java:137) ~[spring-security-web-6.4.2.jar:6.4.2]
	at org.springframework.security.web.access.ExceptionTranslationFilter.doFilter(ExceptionTranslationFilter.java:126) ~[spring-security-web-6.4.2.jar:6.4.2]
	at org.springframework.security.web.access.ExceptionTranslationFilter.doFilter(ExceptionTranslationFilter.java:120) ~[spring-security-web-6.4.2.jar:6.4.2]
	at org.springframework.security.web.ObservationFilterChainDecorator$ObservationFilter.wrapFilter(ObservationFilterChainDecorator.java:240) ~[spring-security-web-6.4.2.jar:6.4.2]
	at org.springframework.security.web.ObservationFilterChainDecorator$ObservationFilter.doFilter(ObservationFilterChainDecorator.java:227) ~[spring-security-web-6.4.2.jar:6.4.2]
	at org.springframework.security.web.ObservationFilterChainDecorator$VirtualFilterChain.doFilter(ObservationFilterChainDecorator.java:137) ~[spring-security-web-6.4.2.jar:6.4.2]
	at org.springframework.security.web.session.SessionManagementFilter.doFilter(SessionManagementFilter.java:131) ~[spring-security-web-6.4.2.jar:6.4.2]
	at org.springframework.security.web.session.SessionManagementFilter.doFilter(SessionManagementFilter.java:85) ~[spring-security-web-6.4.2.jar:6.4.2]
	at org.springframework.security.web.ObservationFilterChainDecorator$ObservationFilter.wrapFilter(ObservationFilterChainDecorator.java:240) ~[spring-security-web-6.4.2.jar:6.4.2]
	at org.springframework.security.web.ObservationFilterChainDecorator$ObservationFilter.doFilter(ObservationFilterChainDecorator.java:227) ~[spring-security-web-6.4.2.jar:6.4.2]
	at org.springframework.security.web.ObservationFilterChainDecorator$VirtualFilterChain.doFilter(ObservationFilterChainDecorator.java:137) ~[spring-security-web-6.4.2.jar:6.4.2]
	at org.springframework.security.web.authentication.AnonymousAuthenticationFilter.doFilter(AnonymousAuthenticationFilter.java:100) ~[spring-security-web-6.4.2.jar:6.4.2]
	at org.springframework.security.web.ObservationFilterChainDecorator$ObservationFilter.wrapFilter(ObservationFilterChainDecorator.java:240) ~[spring-security-web-6.4.2.jar:6.4.2]
	at org.springframework.security.web.ObservationFilterChainDecorator$ObservationFilter.doFilter(ObservationFilterChainDecorator.java:227) ~[spring-security-web-6.4.2.jar:6.4.2]
	at org.springframework.security.web.ObservationFilterChainDecorator$VirtualFilterChain.doFilter(ObservationFilterChainDecorator.java:137) ~[spring-security-web-6.4.2.jar:6.4.2]
	at org.springframework.security.web.servletapi.SecurityContextHolderAwareRequestFilter.doFilter(SecurityContextHolderAwareRequestFilter.java:179) ~[spring-security-web-6.4.2.jar:6.4.2]
	at org.springframework.security.web.ObservationFilterChainDecorator$ObservationFilter.wrapFilter(ObservationFilterChainDecorator.java:240) ~[spring-security-web-6.4.2.jar:6.4.2]
	at org.springframework.security.web.ObservationFilterChainDecorator$ObservationFilter.doFilter(ObservationFilterChainDecorator.java:227) ~[spring-security-web-6.4.2.jar:6.4.2]
	at org.springframework.security.web.ObservationFilterChainDecorator$VirtualFilterChain.doFilter(ObservationFilterChainDecorator.java:137) ~[spring-security-web-6.4.2.jar:6.4.2]
	at org.springframework.security.web.savedrequest.RequestCacheAwareFilter.doFilter(RequestCacheAwareFilter.java:63) ~[spring-security-web-6.4.2.jar:6.4.2]
	at org.springframework.security.web.ObservationFilterChainDecorator$ObservationFilter.wrapFilter(ObservationFilterChainDecorator.java:240) ~[spring-security-web-6.4.2.jar:6.4.2]
	at org.springframework.security.web.ObservationFilterChainDecorator$ObservationFilter.doFilter(ObservationFilterChainDecorator.java:227) ~[spring-security-web-6.4.2.jar:6.4.2]
	at org.springframework.security.web.ObservationFilterChainDecorator$VirtualFilterChain.doFilter(ObservationFilterChainDecorator.java:137) ~[spring-security-web-6.4.2.jar:6.4.2]
	at com.Project.SpiderSync.security.JwtAuthenticationFilter.doFilterInternal(JwtAuthenticationFilter.java:39) ~[classes/:na]
	at org.springframework.web.filter.OncePerRequestFilter.doFilter(OncePerRequestFilter.java:116) ~[spring-web-6.2.1.jar:6.2.1]
	at org.springframework.security.web.ObservationFilterChainDecorator$ObservationFilter.wrapFilter(ObservationFilterChainDecorator.java:240) ~[spring-security-web-6.4.2.jar:6.4.2]
	at org.springframework.security.web.ObservationFilterChainDecorator$ObservationFilter.doFilter(ObservationFilterChainDecorator.java:227) ~[spring-security-web-6.4.2.jar:6.4.2]
	at org.springframework.security.web.ObservationFilterChainDecorator$VirtualFilterChain.doFilter(ObservationFilterChainDecorator.java:137) ~[spring-security-web-6.4.2.jar:6.4.2]
	at com.Project.SpiderSync.security.RateLimitingFilter.doFilterInternal(RateLimitingFilter.java:58) ~[classes/:na]
	at org.springframework.web.filter.OncePerRequestFilter.doFilter(OncePerRequestFilter.java:116) ~[spring-web-6.2.1.jar:6.2.1]
	at org.springframework.security.web.ObservationFilterChainDecorator$ObservationFilter.wrapFilter(ObservationFilterChainDecorator.java:240) ~[spring-security-web-6.4.2.jar:6.4.2]
	at org.springframework.security.web.ObservationFilterChainDecorator$ObservationFilter.doFilter(ObservationFilterChainDecorator.java:227) ~[spring-security-web-6.4.2.jar:6.4.2]
	at org.springframework.security.web.ObservationFilterChainDecorator$VirtualFilterChain.doFilter(ObservationFilterChainDecorator.java:137) ~[spring-security-web-6.4.2.jar:6.4.2]
	at org.springframework.security.web.authentication.logout.LogoutFilter.doFilter(LogoutFilter.java:107) ~[spring-security-web-6.4.2.jar:6.4.2]
	at org.springframework.security.web.authentication.logout.LogoutFilter.doFilter(LogoutFilter.java:93) ~[spring-security-web-6.4.2.jar:6.4.2]
	at org.springframework.security.web.ObservationFilterChainDecorator$ObservationFilter.wrapFilter(ObservationFilterChainDecorator.java:240) ~[spring-security-web-6.4.2.jar:6.4.2]
	at org.springframework.security.web.ObservationFilterChainDecorator$ObservationFilter.doFilter(ObservationFilterChainDecorator.java:227) ~[spring-security-web-6.4.2.jar:6.4.2]
	at org.springframework.security.web.ObservationFilterChainDecorator$VirtualFilterChain.doFilter(ObservationFilterChainDecorator.java:137) ~[spring-security-web-6.4.2.jar:6.4.2]
	at org.springframework.security.web.header.HeaderWriterFilter.doHeadersAfter(HeaderWriterFilter.java:90) ~[spring-security-web-6.4.2.jar:6.4.2]
	at org.springframework.security.web.header.HeaderWriterFilter.doFilterInternal(HeaderWriterFilter.java:75) ~[spring-security-web-6.4.2.jar:6.4.2]
	at org.springframework.web.filter.OncePerRequestFilter.doFilter(OncePerRequestFilter.java:116) ~[spring-web-6.2.1.jar:6.2.1]
	at org.springframework.security.web.ObservationFilterChainDecorator$ObservationFilter.wrapFilter(ObservationFilterChainDecorator.java:240) ~[spring-security-web-6.4.2.jar:6.4.2]
	at org.springframework.security.web.ObservationFilterChainDecorator$ObservationFilter.doFilter(ObservationFilterChainDecorator.java:227) ~[spring-security-web-6.4.2.jar:6.4.2]
	at org.springframework.security.web.ObservationFilterChainDecorator$VirtualFilterChain.doFilter(ObservationFilterChainDecorator.java:137) ~[spring-security-web-6.4.2.jar:6.4.2]
	at org.springframework.security.web.context.SecurityContextHolderFilter.doFilter(SecurityContextHolderFilter.java:82) ~[spring-security-web-6.4.2.jar:6.4.2]
	at org.springframework.security.web.context.SecurityContextHolderFilter.doFilter(SecurityContextHolderFilter.java:69) ~[spring-security-web-6.4.2.jar:6.4.2]
	at org.springframework.security.web.ObservationFilterChainDecorator$ObservationFilter.wrapFilter(ObservationFilterChainDecorator.java:240) ~[spring-security-web-6.4.2.jar:6.4.2]
	at org.springframework.security.web.ObservationFilterChainDecorator$ObservationFilter.doFilter(ObservationFilterChainDecorator.java:227) ~[spring-security-web-6.4.2.jar:6.4.2]
	at org.springframework.security.web.ObservationFilterChainDecorator$VirtualFilterChain.doFilter(ObservationFilterChainDecorator.java:137) ~[spring-security-web-6.4.2.jar:6.4.2]
	at org.springframework.security.web.context.request.async.WebAsyncManagerIntegrationFilter.doFilterInternal(WebAsyncManagerIntegrationFilter.java:62) ~[spring-security-web-6.4.2.jar:6.4.2]
	at org.springframework.web.filter.OncePerRequestFilter.doFilter(OncePerRequestFilter.java:116) ~[spring-web-6.2.1.jar:6.2.1]
	at org.springframework.security.web.ObservationFilterChainDecorator$ObservationFilter.wrapFilter(ObservationFilterChainDecorator.java:240) ~[spring-security-web-6.4.2.jar:6.4.2]
	at org.springframework.security.web.ObservationFilterChainDecorator$ObservationFilter.doFilter(ObservationFilterChainDecorator.java:227) ~[spring-security-web-6.4.2.jar:6.4.2]
	at org.springframework.security.web.ObservationFilterChainDecorator$VirtualFilterChain.doFilter(ObservationFilterChainDecorator.java:137) ~[spring-security-web-6.4.2.jar:6.4.2]
	at org.springframework.security.web.session.DisableEncodeUrlFilter.doFilterInternal(DisableEncodeUrlFilter.java:42) ~[spring-security-web-6.4.2.jar:6.4.2]
	at org.springframework.web.filter.OncePerRequestFilter.doFilter(OncePerRequestFilter.java:116) ~[spring-web-6.2.1.jar:6.2.1]
	at org.springframework.security.web.ObservationFilterChainDecorator$ObservationFilter.wrapFilter(ObservationFilterChainDecorator.java:240) ~[spring-security-web-6.4.2.jar:6.4.2]
	at org.springframework.security.web.ObservationFilterChainDecorator$AroundFilterObservation$SimpleAroundFilterObservation.lambda$wrap$0(ObservationFilterChainDecorator.java:323) ~[spring-security-web-6.4.2.jar:6.4.2]
	at org.springframework.security.web.ObservationFilterChainDecorator$ObservationFilter.doFilter(ObservationFilterChainDecorator.java:224) ~[spring-security-web-6.4.2.jar:6.4.2]
	at org.springframework.security.web.ObservationFilterChainDecorator$VirtualFilterChain.doFilter(ObservationFilterChainDecorator.java:137) ~[spring-security-web-6.4.2.jar:6.4.2]
	at org.springframework.security.web.FilterChainProxy.doFilterInternal(FilterChainProxy.java:233) ~[spring-security-web-6.4.2.jar:6.4.2]
	at org.springframework.security.web.FilterChainProxy.doFilter(FilterChainProxy.java:191) ~[spring-security-web-6.4.2.jar:6.4.2]
	at org.springframework.web.filter.CompositeFilter$VirtualFilterChain.doFilter(CompositeFilter.java:113) ~[spring-web-6.2.1.jar:6.2.1]
	at org.springframework.web.servlet.handler.HandlerMappingIntrospector.lambda$createCacheFilter$3(HandlerMappingIntrospector.java:243) ~[spring-webmvc-6.2.1.jar:6.2.1]
	at org.springframework.web.filter.CompositeFilter$VirtualFilterChain.doFilter(CompositeFilter.java:113) ~[spring-web-6.2.1.jar:6.2.1]
	at org.springframework.web.filter.CompositeFilter.doFilter(CompositeFilter.java:74) ~[spring-web-6.2.1.jar:6.2.1]
	at org.springframework.security.config.annotation.web.configuration.WebMvcSecurityConfiguration$CompositeFilterChainProxy.doFilter(WebMvcSecurityConfiguration.java:238) ~[spring-security-config-6.4.2.jar:6.4.2]
	at org.springframework.web.filter.DelegatingFilterProxy.invokeDelegate(DelegatingFilterProxy.java:362) ~[spring-web-6.2.1.jar:6.2.1]
	at org.springframework.web.filter.DelegatingFilterProxy.doFilter(DelegatingFilterProxy.java:278) ~[spring-web-6.2.1.jar:6.2.1]
	at org.apache.catalina.core.ApplicationFilterChain.internalDoFilter(ApplicationFilterChain.java:164) ~[tomcat-embed-core-10.1.34.jar:10.1.34]
	at org.apache.catalina.core.ApplicationFilterChain.doFilter(ApplicationFilterChain.java:140) ~[tomcat-embed-core-10.1.34.jar:10.1.34]
	at org.springframework.web.filter.RequestContextFilter.doFilterInternal(RequestContextFilter.java:100) ~[spring-web-6.2.1.jar:6.2.1]
	at org.springframework.web.filter.OncePerRequestFilter.doFilter(OncePerRequestFilter.java:116) ~[spring-web-6.2.1.jar:6.2.1]
	at org.apache.catalina.core.ApplicationFilterChain.internalDoFilter(ApplicationFilterChain.java:164) ~[tomcat-embed-core-10.1.34.jar:10.1.34]
	at org.apache.catalina.core.ApplicationFilterChain.doFilter(ApplicationFilterChain.java:140) ~[tomcat-embed-core-10.1.34.jar:10.1.34]
	at org.springframework.web.filter.FormContentFilter.doFilterInternal(FormContentFilter.java:93) ~[spring-web-6.2.1.jar:6.2.1]
	at org.springframework.web.filter.OncePerRequestFilter.doFilter(OncePerRequestFilter.java:116) ~[spring-web-6.2.1.jar:6.2.1]
	at org.apache.catalina.core.ApplicationFilterChain.internalDoFilter(ApplicationFilterChain.java:164) ~[tomcat-embed-core-10.1.34.jar:10.1.34]
	at org.apache.catalina.core.ApplicationFilterChain.doFilter(ApplicationFilterChain.java:140) ~[tomcat-embed-core-10.1.34.jar:10.1.34]
	at org.springframework.web.filter.ServerHttpObservationFilter.doFilterInternal(ServerHttpObservationFilter.java:114) ~[spring-web-6.2.1.jar:6.2.1]
	at org.springframework.web.filter.OncePerRequestFilter.doFilter(OncePerRequestFilter.java:116) ~[spring-web-6.2.1.jar:6.2.1]
	at org.apache.catalina.core.ApplicationFilterChain.internalDoFilter(ApplicationFilterChain.java:164) ~[tomcat-embed-core-10.1.34.jar:10.1.34]
	at org.apache.catalina.core.ApplicationFilterChain.doFilter(ApplicationFilterChain.java:140) ~[tomcat-embed-core-10.1.34.jar:10.1.34]
	at org.springframework.web.filter.CharacterEncodingFilter.doFilterInternal(CharacterEncodingFilter.java:201) ~[spring-web-6.2.1.jar:6.2.1]
	at org.springframework.web.filter.OncePerRequestFilter.doFilter(OncePerRequestFilter.java:116) ~[spring-web-6.2.1.jar:6.2.1]
	at org.apache.catalina.core.ApplicationFilterChain.internalDoFilter(ApplicationFilterChain.java:164) ~[tomcat-embed-core-10.1.34.jar:10.1.34]
	at org.apache.catalina.core.ApplicationFilterChain.doFilter(ApplicationFilterChain.java:140) ~[tomcat-embed-core-10.1.34.jar:10.1.34]
	at org.apache.catalina.core.StandardWrapperValve.invoke(StandardWrapperValve.java:167) ~[tomcat-embed-core-10.1.34.jar:10.1.34]
	at org.apache.catalina.core.StandardContextValve.invoke(StandardContextValve.java:90) ~[tomcat-embed-core-10.1.34.jar:10.1.34]
	at org.apache.catalina.authenticator.AuthenticatorBase.invoke(AuthenticatorBase.java:483) ~[tomcat-embed-core-10.1.34.jar:10.1.34]
	at org.apache.catalina.core.StandardHostValve.invoke(StandardHostValve.java:115) ~[tomcat-embed-core-10.1.34.jar:10.1.34]
	at org.apache.catalina.valves.ErrorReportValve.invoke(ErrorReportValve.java:93) ~[tomcat-embed-core-10.1.34.jar:10.1.34]
	at org.apache.catalina.core.StandardEngineValve.invoke(StandardEngineValve.java:74) ~[tomcat-embed-core-10.1.34.jar:10.1.34]
	at org.apache.catalina.connector.CoyoteAdapter.service(CoyoteAdapter.java:344) ~[tomcat-embed-core-10.1.34.jar:10.1.34]
	at org.apache.coyote.http11.Http11Processor.service(Http11Processor.java:397) ~[tomcat-embed-core-10.1.34.jar:10.1.34]
	at org.apache.coyote.AbstractProcessorLight.process(AbstractProcessorLight.java:63) ~[tomcat-embed-core-10.1.34.jar:10.1.34]
	at org.apache.coyote.AbstractProtocol$ConnectionHandler.process(AbstractProtocol.java:905) ~[tomcat-embed-core-10.1.34.jar:10.1.34]
	at org.apache.tomcat.util.net.NioEndpoint$SocketProcessor.doRun(NioEndpoint.java:1741) ~[tomcat-embed-core-10.1.34.jar:10.1.34]
	at org.apache.tomcat.util.net.SocketProcessorBase.run(SocketProcessorBase.java:52) ~[tomcat-embed-core-10.1.34.jar:10.1.34]
	at org.apache.tomcat.util.threads.ThreadPoolExecutor.runWorker(ThreadPoolExecutor.java:1190) ~[tomcat-embed-core-10.1.34.jar:10.1.34]
	at org.apache.tomcat.util.threads.ThreadPoolExecutor$Worker.run(ThreadPoolExecutor.java:659) ~[tomcat-embed-core-10.1.34.jar:10.1.34]
	at org.apache.tomcat.util.threads.TaskThread$WrappingRunnable.run(TaskThread.java:63) ~[tomcat-embed-core-10.1.34.jar:10.1.34]
	at java.base/java.lang.Thread.run(Thread.java:1474) ~[na:na]
Caused by: java.net.ConnectException: Connection refused: getsockopt
	at java.base/sun.nio.ch.Net.pollConnect(Native Method) ~[na:na]
	at java.base/sun.nio.ch.Net.pollConnectNow(Net.java:639) ~[na:na]
	at java.base/sun.nio.ch.SocketChannelImpl.finishConnect(SocketChannelImpl.java:1046) ~[na:na]
	at org.apache.http.impl.nio.reactor.DefaultConnectingIOReactor.processEvent(DefaultConnectingIOReactor.java:174) ~[httpcore-nio-4.4.16.jar:4.4.16]
	at org.apache.http.impl.nio.reactor.DefaultConnectingIOReactor.processEvents(DefaultConnectingIOReactor.java:148) ~[httpcore-nio-4.4.16.jar:4.4.16]
	at org.apache.http.impl.nio.reactor.AbstractMultiworkerIOReactor.execute(AbstractMultiworkerIOReactor.java:351) ~[httpcore-nio-4.4.16.jar:4.4.16]
	at org.apache.http.impl.nio.conn.PoolingNHttpClientConnectionManager.execute(PoolingNHttpClientConnectionManager.java:221) ~[httpasyncclient-4.1.5.jar:4.1.5]
	at org.apache.http.impl.nio.client.CloseableHttpAsyncClientBase$1.run(CloseableHttpAsyncClientBase.java:64) ~[httpasyncclient-4.1.5.jar:4.1.5]
	... 1 common frames omitted

2026-01-25T13:48:59.976+05:30  WARN 17320 --- [SpiderSync] [boundedElastic-1] o.s.b.a.d.r.RedisReactiveHealthIndicator : Redis health check failed

org.springframework.data.redis.RedisConnectionFailureException: Unable to connect to Redis
	at org.springframework.data.redis.connection.lettuce.LettuceConnectionFactory$ExceptionTranslatingConnectionProvider.translateException(LettuceConnectionFactory.java:1858) ~[spring-data-redis-3.4.1.jar:3.4.1]
	at org.springframework.data.redis.connection.lettuce.LettuceConnectionFactory$ExceptionTranslatingConnectionProvider.getConnection(LettuceConnectionFactory.java:1789) ~[spring-data-redis-3.4.1.jar:3.4.1]
	at org.springframework.data.redis.connection.lettuce.LettuceConnectionFactory$SharedConnection.getNativeConnection(LettuceConnectionFactory.java:1586) ~[spring-data-redis-3.4.1.jar:3.4.1]
	at org.springframework.data.redis.connection.lettuce.LettuceConnectionFactory$SharedConnection.lambda$getConnection$0(LettuceConnectionFactory.java:1566) ~[spring-data-redis-3.4.1.jar:3.4.1]
	at org.springframework.data.redis.connection.lettuce.LettuceConnectionFactory.doInLock(LettuceConnectionFactory.java:1527) ~[spring-data-redis-3.4.1.jar:3.4.1]
	at org.springframework.data.redis.connection.lettuce.LettuceConnectionFactory$SharedConnection.getConnection(LettuceConnectionFactory.java:1563) ~[spring-data-redis-3.4.1.jar:3.4.1]
	at org.springframework.data.redis.connection.lettuce.LettuceConnectionFactory.getSharedReactiveConnection(LettuceConnectionFactory.java:1274) ~[spring-data-redis-3.4.1.jar:3.4.1]
	at org.springframework.data.redis.connection.lettuce.LettuceConnectionFactory.getReactiveConnection(LettuceConnectionFactory.java:1149) ~[spring-data-redis-3.4.1.jar:3.4.1]
	at org.springframework.data.redis.connection.lettuce.LettuceConnectionFactory.getReactiveConnection(LettuceConnectionFactory.java:120) ~[spring-data-redis-3.4.1.jar:3.4.1]
	at reactor.core.publisher.MonoSupplier.call(MonoSupplier.java:67) ~[reactor-core-3.7.1.jar:3.7.1]
	at reactor.core.publisher.FluxSubscribeOnCallable$CallableSubscribeOnSubscription.run(FluxSubscribeOnCallable.java:228) ~[reactor-core-3.7.1.jar:3.7.1]
	at reactor.core.scheduler.SchedulerTask.call(SchedulerTask.java:68) ~[reactor-core-3.7.1.jar:3.7.1]
	at reactor.core.scheduler.SchedulerTask.call(SchedulerTask.java:28) ~[reactor-core-3.7.1.jar:3.7.1]
	at java.base/java.util.concurrent.FutureTask.run(FutureTask.java:328) ~[na:na]
	at java.base/java.util.concurrent.ScheduledThreadPoolExecutor$ScheduledFutureTask.run(ScheduledThreadPoolExecutor.java:309) ~[na:na]
	at java.base/java.util.concurrent.ThreadPoolExecutor.runWorker(ThreadPoolExecutor.java:1090) ~[na:na]
	at java.base/java.util.concurrent.ThreadPoolExecutor$Worker.run(ThreadPoolExecutor.java:614) ~[na:na]
	at java.base/java.lang.Thread.run(Thread.java:1474) ~[na:na]
Caused by: org.springframework.data.redis.connection.PoolException: Could not get a resource from the pool
	at org.springframework.data.redis.connection.lettuce.LettucePoolingConnectionProvider.getConnection(LettucePoolingConnectionProvider.java:104) ~[spring-data-redis-3.4.1.jar:3.4.1]
	at org.springframework.data.redis.connection.lettuce.LettuceConnectionFactory$ExceptionTranslatingConnectionProvider.getConnection(LettuceConnectionFactory.java:1787) ~[spring-data-redis-3.4.1.jar:3.4.1]
	... 16 common frames omitted
Caused by: io.lettuce.core.RedisConnectionException: Unable to connect to localhost/<unresolved>:6379
	at io.lettuce.core.RedisConnectionException.create(RedisConnectionException.java:63) ~[lettuce-core-6.4.1.RELEASE.jar:6.4.1.RELEASE/08096cf]
	at io.lettuce.core.RedisConnectionException.create(RedisConnectionException.java:41) ~[lettuce-core-6.4.1.RELEASE.jar:6.4.1.RELEASE/08096cf]
	at io.lettuce.core.AbstractRedisClient.getConnection(AbstractRedisClient.java:354) ~[lettuce-core-6.4.1.RELEASE.jar:6.4.1.RELEASE/08096cf]
	at io.lettuce.core.RedisClient.connect(RedisClient.java:219) ~[lettuce-core-6.4.1.RELEASE.jar:6.4.1.RELEASE/08096cf]
	at org.springframework.data.redis.connection.lettuce.StandaloneConnectionProvider.lambda$getConnection$1(StandaloneConnectionProvider.java:112) ~[spring-data-redis-3.4.1.jar:3.4.1]
	at java.base/java.util.Optional.orElseGet(Optional.java:364) ~[na:na]
	at org.springframework.data.redis.connection.lettuce.StandaloneConnectionProvider.getConnection(StandaloneConnectionProvider.java:112) ~[spring-data-redis-3.4.1.jar:3.4.1]
	at org.springframework.data.redis.connection.lettuce.LettucePoolingConnectionProvider.lambda$getConnection$0(LettucePoolingConnectionProvider.java:93) ~[spring-data-redis-3.4.1.jar:3.4.1]
	at io.lettuce.core.support.ConnectionPoolSupport$RedisPooledObjectFactory.create(ConnectionPoolSupport.java:196) ~[lettuce-core-6.4.1.RELEASE.jar:6.4.1.RELEASE/08096cf]
	at io.lettuce.core.support.ConnectionPoolSupport$RedisPooledObjectFactory.create(ConnectionPoolSupport.java:186) ~[lettuce-core-6.4.1.RELEASE.jar:6.4.1.RELEASE/08096cf]
	at org.apache.commons.pool2.BasePooledObjectFactory.makeObject(BasePooledObjectFactory.java:71) ~[commons-pool2-2.12.0.jar:2.12.0]
	at org.apache.commons.pool2.impl.GenericObjectPool.create(GenericObjectPool.java:566) ~[commons-pool2-2.12.0.jar:2.12.0]
	at org.apache.commons.pool2.impl.GenericObjectPool.borrowObject(GenericObjectPool.java:306) ~[commons-pool2-2.12.0.jar:2.12.0]
	at org.apache.commons.pool2.impl.GenericObjectPool.borrowObject(GenericObjectPool.java:233) ~[commons-pool2-2.12.0.jar:2.12.0]
	at io.lettuce.core.support.ConnectionPoolSupport$1.borrowObject(ConnectionPoolSupport.java:107) ~[lettuce-core-6.4.1.RELEASE.jar:6.4.1.RELEASE/08096cf]
	at io.lettuce.core.support.ConnectionPoolSupport$1.borrowObject(ConnectionPoolSupport.java:102) ~[lettuce-core-6.4.1.RELEASE.jar:6.4.1.RELEASE/08096cf]
	at org.springframework.data.redis.connection.lettuce.LettucePoolingConnectionProvider.getConnection(LettucePoolingConnectionProvider.java:99) ~[spring-data-redis-3.4.1.jar:3.4.1]
	... 17 common frames omitted
Caused by: io.netty.channel.AbstractChannel$AnnotatedConnectException: Connection refused: getsockopt: localhost/127.0.0.1:6379
Caused by: java.net.ConnectException: Connection refused: getsockopt
	at java.base/sun.nio.ch.Net.pollConnect(Native Method) ~[na:na]
	at java.base/sun.nio.ch.Net.pollConnectNow(Net.java:639) ~[na:na]
	at java.base/sun.nio.ch.SocketChannelImpl.finishConnect(SocketChannelImpl.java:1046) ~[na:na]
	at io.netty.channel.socket.nio.NioSocketChannel.doFinishConnect(NioSocketChannel.java:336) ~[netty-transport-4.1.116.Final.jar:4.1.116.Final]
	at io.netty.channel.nio.AbstractNioChannel$AbstractNioUnsafe.finishConnect(AbstractNioChannel.java:339) ~[netty-transport-4.1.116.Final.jar:4.1.116.Final]
	at io.netty.channel.nio.NioEventLoop.processSelectedKey(NioEventLoop.java:776) ~[netty-transport-4.1.116.Final.jar:4.1.116.Final]
	at io.netty.channel.nio.NioEventLoop.processSelectedKeysOptimized(NioEventLoop.java:724) ~[netty-transport-4.1.116.Final.jar:4.1.116.Final]
	at io.netty.channel.nio.NioEventLoop.processSelectedKeys(NioEventLoop.java:650) ~[netty-transport-4.1.116.Final.jar:4.1.116.Final]
	at io.netty.channel.nio.NioEventLoop.run(NioEventLoop.java:562) ~[netty-transport-4.1.116.Final.jar:4.1.116.Final]
	at io.netty.util.concurrent.SingleThreadEventExecutor$4.run(SingleThreadEventExecutor.java:997) ~[netty-common-4.1.116.Final.jar:4.1.116.Final]
	at io.netty.util.internal.ThreadExecutorMap$2.run(ThreadExecutorMap.java:74) ~[netty-common-4.1.116.Final.jar:4.1.116.Final]
	at io.netty.util.concurrent.FastThreadLocalRunnable.run(FastThreadLocalRunnable.java:30) ~[netty-common-4.1.116.Final.jar:4.1.116.Final]
	at java.base/java.lang.Thread.run(Thread.java:1474) ~[na:na]

2026-01-25T13:48:59.987+05:30 DEBUG 17320 --- [SpiderSync] [http-nio-8081-exec-2] o.s.w.s.m.m.a.HttpEntityMethodProcessor  : Using 'application/vnd.spring-boot.actuator.v3+json;q=0.8', given [text/html, application/xhtml+xml, image/avif, image/webp, image/apng, application/xml;q=0.9, */*;q=0.8, application/signed-exchange;v=b3;q=0.7] and supported [application/vnd.spring-boot.actuator.v3+json, application/vnd.spring-boot.actuator.v2+json, application/json]
2026-01-25T13:48:59.996+05:30 DEBUG 17320 --- [SpiderSync] [http-nio-8081-exec-2] o.s.w.s.m.m.a.HttpEntityMethodProcessor  : Writing [org.springframework.boot.actuate.health.SystemHealth@3d960ae3]
2026-01-25T13:49:00.003+05:30 DEBUG 17320 --- [SpiderSync] [http-nio-8081-exec-2] o.s.web.servlet.DispatcherServlet        : Completed 503 SERVICE_UNAVAILABLE
2026-01-25T13:49:00.044+05:30 DEBUG 17320 --- [SpiderSync] [http-nio-8081-exec-3] o.s.security.web.FilterChainProxy        : Securing GET /favicon.ico
2026-01-25T13:49:00.045+05:30 DEBUG 17320 --- [SpiderSync] [http-nio-8081-exec-3] o.s.s.w.a.AnonymousAuthenticationFilter  : Set SecurityContextHolder to anonymous SecurityContext
2026-01-25T13:49:00.046+05:30 DEBUG 17320 --- [SpiderSync] [http-nio-8081-exec-3] o.s.s.w.a.Http403ForbiddenEntryPoint     : Pre-authenticated entry point called. Rejecting access
2026-01-25T13:49:00.048+05:30 DEBUG 17320 --- [SpiderSync] [http-nio-8081-exec-3] o.s.security.web.FilterChainProxy        : Securing GET /error
2026-01-25T13:49:00.049+05:30 DEBUG 17320 --- [SpiderSync] [http-nio-8081-exec-3] o.s.s.w.a.AnonymousAuthenticationFilter  : Set SecurityContextHolder to anonymous SecurityContext
2026-01-25T13:49:00.049+05:30 DEBUG 17320 --- [SpiderSync] [http-nio-8081-exec-3] o.s.s.w.a.Http403ForbiddenEntryPoint     : Pre-authenticated entry point called. Rejecting access
2026-01-25T13:50:52.117+05:30  INFO 17320 --- [SpiderSync] [File Watcher] rtingClassPathChangeChangedEventListener : Restarting due to 48 class path changes (0 additions, 48 deletions, 0 modifications)
2026-01-25T13:50:52.267+05:30  INFO 17320 --- [SpiderSync] [Thread-5] o.s.b.w.e.tomcat.GracefulShutdown        : Commencing graceful shutdown. Waiting for active requests to complete
2026-01-25T13:50:53.498+05:30  INFO 17320 --- [SpiderSync] [tomcat-shutdown] o.s.b.w.e.tomcat.GracefulShutdown        : Graceful shutdown complete
2026-01-25T13:50:54.222+05:30  INFO 17320 --- [SpiderSync] [Thread-5] j.LocalContainerEntityManagerFactoryBean : Closing JPA EntityManagerFactory for persistence unit 'default'
2026-01-25T13:50:54.284+05:30  INFO 17320 --- [SpiderSync] [Thread-5] com.zaxxer.hikari.HikariDataSource       : HikariPool-1 - Shutdown initiated...
2026-01-25T13:50:54.350+05:30  INFO 17320 --- [SpiderSync] [Thread-5] com.zaxxer.hikari.HikariDataSource       : HikariPool-1 - Shutdown completed.
2026-01-25T13:51:24.427+05:30  INFO 17320 --- [SpiderSync] [restartedMain] c.P.SpiderSync.SpiderSyncApplication     : Starting SpiderSyncApplication using Java 25.0.2 with PID 17320 (C:\Users\LOQ\SpiderSync\target\classes started by LOQ in C:\Users\LOQ\SpiderSync)
2026-01-25T13:51:24.429+05:30 DEBUG 17320 --- [SpiderSync] [restartedMain] c.P.SpiderSync.SpiderSyncApplication     : Running with Spring Boot v3.4.1, Spring v6.2.1
2026-01-25T13:51:24.429+05:30  INFO 17320 --- [SpiderSync] [restartedMain] c.P.SpiderSync.SpiderSyncApplication     : No active profile set, falling back to 1 default profile: "default"
2026-01-25T13:51:25.735+05:30  WARN 17320 --- [SpiderSync] [restartedMain] ConfigServletWebServerApplicationContext : Exception encountered during context initialization - cancelling refresh attempt: java.lang.IllegalStateException: Error processing condition on org.springframework.boot.autoconfigure.context.PropertyPlaceholderAutoConfiguration.propertySourcesPlaceholderConfigurer
2026-01-25T13:51:25.746+05:30  INFO 17320 --- [SpiderSync] [restartedMain] .s.b.a.l.ConditionEvaluationReportLogger : 

Error starting ApplicationContext. To display the condition evaluation report re-run your application with 'debug' enabled.
2026-01-25T13:51:25.753+05:30 ERROR 17320 --- [SpiderSync] [restartedMain] o.s.boot.SpringApplication               : Application run failed

java.lang.IllegalStateException: Error processing condition on org.springframework.boot.autoconfigure.context.PropertyPlaceholderAutoConfiguration.propertySourcesPlaceholderConfigurer
	at org.springframework.boot.autoconfigure.condition.SpringBootCondition.matches(SpringBootCondition.java:60) ~[spring-boot-autoconfigure-3.4.1.jar:3.4.1]
	at org.springframework.context.annotation.ConditionEvaluator.shouldSkip(ConditionEvaluator.java:99) ~[spring-context-6.2.1.jar:6.2.1]
	at org.springframework.context.annotation.ConfigurationClassBeanDefinitionReader.loadBeanDefinitionsForBeanMethod(ConfigurationClassBeanDefinitionReader.java:184) ~[spring-context-6.2.1.jar:6.2.1]
	at org.springframework.context.annotation.ConfigurationClassBeanDefinitionReader.loadBeanDefinitionsForConfigurationClass(ConfigurationClassBeanDefinitionReader.java:145) ~[spring-context-6.2.1.jar:6.2.1]
	at org.springframework.context.annotation.ConfigurationClassBeanDefinitionReader.loadBeanDefinitions(ConfigurationClassBeanDefinitionReader.java:121) ~[spring-context-6.2.1.jar:6.2.1]
	at org.springframework.context.annotation.ConfigurationClassPostProcessor.processConfigBeanDefinitions(ConfigurationClassPostProcessor.java:430) ~[spring-context-6.2.1.jar:6.2.1]
	at org.springframework.context.annotation.ConfigurationClassPostProcessor.postProcessBeanDefinitionRegistry(ConfigurationClassPostProcessor.java:290) ~[spring-context-6.2.1.jar:6.2.1]
	at org.springframework.context.support.PostProcessorRegistrationDelegate.invokeBeanDefinitionRegistryPostProcessors(PostProcessorRegistrationDelegate.java:349) ~[spring-context-6.2.1.jar:6.2.1]
	at org.springframework.context.support.PostProcessorRegistrationDelegate.invokeBeanFactoryPostProcessors(PostProcessorRegistrationDelegate.java:118) ~[spring-context-6.2.1.jar:6.2.1]
	at org.springframework.context.support.AbstractApplicationContext.invokeBeanFactoryPostProcessors(AbstractApplicationContext.java:791) ~[spring-context-6.2.1.jar:6.2.1]
	at org.springframework.context.support.AbstractApplicationContext.refresh(AbstractApplicationContext.java:609) ~[spring-context-6.2.1.jar:6.2.1]
	at org.springframework.boot.web.servlet.context.ServletWebServerApplicationContext.refresh(ServletWebServerApplicationContext.java:146) ~[spring-boot-3.4.1.jar:3.4.1]
	at org.springframework.boot.SpringApplication.refresh(SpringApplication.java:752) ~[spring-boot-3.4.1.jar:3.4.1]
	at org.springframework.boot.SpringApplication.refreshContext(SpringApplication.java:439) ~[spring-boot-3.4.1.jar:3.4.1]
	at org.springframework.boot.SpringApplication.run(SpringApplication.java:318) ~[spring-boot-3.4.1.jar:3.4.1]
	at org.springframework.boot.SpringApplication.run(SpringApplication.java:1361) ~[spring-boot-3.4.1.jar:3.4.1]
	at org.springframework.boot.SpringApplication.run(SpringApplication.java:1350) ~[spring-boot-3.4.1.jar:3.4.1]
	at com.Project.SpiderSync.SpiderSyncApplication.main(SpiderSyncApplication.java:10) ~[classes/:na]
	at java.base/jdk.internal.reflect.DirectMethodHandleAccessor.invoke(DirectMethodHandleAccessor.java:104) ~[na:na]
	at java.base/java.lang.reflect.Method.invoke(Method.java:565) ~[na:na]
	at org.springframework.boot.devtools.restart.RestartLauncher.run(RestartLauncher.java:50) ~[spring-boot-devtools-3.4.1.jar:3.4.1]
Caused by: java.lang.IllegalStateException: Failed to introspect Class [com.Project.SpiderSync.service.DataSeedingService] from ClassLoader [org.springframework.boot.devtools.restart.classloader.RestartClassLoader@9c8d889]
	at org.springframework.util.ReflectionUtils.getDeclaredMethods(ReflectionUtils.java:483) ~[spring-core-6.2.1.jar:6.2.1]
	at org.springframework.util.ReflectionUtils.doWithMethods(ReflectionUtils.java:360) ~[spring-core-6.2.1.jar:6.2.1]
	at org.springframework.util.ReflectionUtils.getUniqueDeclaredMethods(ReflectionUtils.java:417) ~[spring-core-6.2.1.jar:6.2.1]
	at org.springframework.beans.factory.support.AbstractAutowireCapableBeanFactory.lambda$getTypeForFactoryMethod$1(AbstractAutowireCapableBeanFactory.java:751) ~[spring-beans-6.2.1.jar:6.2.1]
	at java.base/java.util.concurrent.ConcurrentHashMap.computeIfAbsent(ConcurrentHashMap.java:1724) ~[na:na]
	at org.springframework.beans.factory.support.AbstractAutowireCapableBeanFactory.getTypeForFactoryMethod(AbstractAutowireCapableBeanFactory.java:750) ~[spring-beans-6.2.1.jar:6.2.1]
	at org.springframework.beans.factory.support.AbstractAutowireCapableBeanFactory.determineTargetType(AbstractAutowireCapableBeanFactory.java:683) ~[spring-beans-6.2.1.jar:6.2.1]
	at org.springframework.beans.factory.support.AbstractAutowireCapableBeanFactory.predictBeanType(AbstractAutowireCapableBeanFactory.java:654) ~[spring-beans-6.2.1.jar:6.2.1]
	at org.springframework.beans.factory.support.AbstractBeanFactory.isFactoryBean(AbstractBeanFactory.java:1683) ~[spring-beans-6.2.1.jar:6.2.1]
	at org.springframework.beans.factory.support.DefaultListableBeanFactory.doGetBeanNamesForType(DefaultListableBeanFactory.java:592) ~[spring-beans-6.2.1.jar:6.2.1]
	at org.springframework.beans.factory.support.DefaultListableBeanFactory.getBeanNamesForType(DefaultListableBeanFactory.java:564) ~[spring-beans-6.2.1.jar:6.2.1]
	at org.springframework.boot.autoconfigure.condition.OnBeanCondition.collectBeanDefinitionsForType(OnBeanCondition.java:332) ~[spring-boot-autoconfigure-3.4.1.jar:3.4.1]
	at org.springframework.boot.autoconfigure.condition.OnBeanCondition.getBeanDefinitionsForType(OnBeanCondition.java:324) ~[spring-boot-autoconfigure-3.4.1.jar:3.4.1]
	at org.springframework.boot.autoconfigure.condition.OnBeanCondition.getBeanDefinitionsForType(OnBeanCondition.java:314) ~[spring-boot-autoconfigure-3.4.1.jar:3.4.1]
	at org.springframework.boot.autoconfigure.condition.OnBeanCondition.getMatchingBeans(OnBeanCondition.java:213) ~[spring-boot-autoconfigure-3.4.1.jar:3.4.1]
	at org.springframework.boot.autoconfigure.condition.OnBeanCondition.evaluateConditionalOnMissingBean(OnBeanCondition.java:196) ~[spring-boot-autoconfigure-3.4.1.jar:3.4.1]
	at org.springframework.boot.autoconfigure.condition.OnBeanCondition.getMatchOutcome(OnBeanCondition.java:143) ~[spring-boot-autoconfigure-3.4.1.jar:3.4.1]
	at org.springframework.boot.autoconfigure.condition.SpringBootCondition.matches(SpringBootCondition.java:47) ~[spring-boot-autoconfigure-3.4.1.jar:3.4.1]
	... 20 common frames omitted
Caused by: java.lang.NoClassDefFoundError: PageRepository
	at java.base/java.lang.Class.getDeclaredMethods0(Native Method) ~[na:na]
	at java.base/java.lang.Class.privateGetDeclaredMethods(Class.java:3010) ~[na:na]
	at java.base/java.lang.Class.getDeclaredMethods(Class.java:2329) ~[na:na]
	at org.springframework.util.ReflectionUtils.getDeclaredMethods(ReflectionUtils.java:465) ~[spring-core-6.2.1.jar:6.2.1]
	... 37 common frames omitted
Caused by: java.lang.ClassNotFoundException: PageRepository
	at java.base/jdk.internal.loader.BuiltinClassLoader.loadClass(BuiltinClassLoader.java:580) ~[na:na]
	at java.base/java.lang.ClassLoader.loadClass(ClassLoader.java:490) ~[na:na]
	at java.base/java.lang.Class.forName0(Native Method) ~[na:na]
	at java.base/java.lang.Class.forName(Class.java:547) ~[na:na]
	at org.springframework.boot.devtools.restart.classloader.RestartClassLoader.loadClass(RestartClassLoader.java:121) ~[spring-boot-devtools-3.4.1.jar:3.4.1]
	at java.base/java.lang.ClassLoader.loadClass(ClassLoader.java:490) ~[na:na]
	... 41 common frames omitted

2026-01-25T13:52:44.822+05:30  INFO 17320 --- [SpiderSync] [restartedMain] c.P.SpiderSync.SpiderSyncApplication     : Starting SpiderSyncApplication using Java 25.0.2 with PID 17320 (C:\Users\LOQ\SpiderSync\target\classes started by LOQ in C:\Users\LOQ\SpiderSync)
2026-01-25T13:52:44.822+05:30 DEBUG 17320 --- [SpiderSync] [restartedMain] c.P.SpiderSync.SpiderSyncApplication     : Running with Spring Boot v3.4.1, Spring v6.2.1
2026-01-25T13:52:44.822+05:30  INFO 17320 --- [SpiderSync] [restartedMain] c.P.SpiderSync.SpiderSyncApplication     : No active profile set, falling back to 1 default profile: "default"
2026-01-25T13:52:45.727+05:30  INFO 17320 --- [SpiderSync] [restartedMain] .s.d.r.c.RepositoryConfigurationDelegate : Multiple Spring Data modules found, entering strict repository configuration mode
2026-01-25T13:52:45.728+05:30  INFO 17320 --- [SpiderSync] [restartedMain] .s.d.r.c.RepositoryConfigurationDelegate : Bootstrapping Spring Data JPA repositories in DEFAULT mode.
2026-01-25T13:52:45.731+05:30  INFO 17320 --- [SpiderSync] [restartedMain] .s.d.r.c.RepositoryConfigurationDelegate : Finished Spring Data repository scanning in 1 ms. Found 0 JPA repository interfaces.
2026-01-25T13:52:45.737+05:30  INFO 17320 --- [SpiderSync] [restartedMain] .s.d.r.c.RepositoryConfigurationDelegate : Multiple Spring Data modules found, entering strict repository configuration mode
2026-01-25T13:52:45.737+05:30  INFO 17320 --- [SpiderSync] [restartedMain] .s.d.r.c.RepositoryConfigurationDelegate : Bootstrapping Spring Data Redis repositories in DEFAULT mode.
2026-01-25T13:52:45.740+05:30  INFO 17320 --- [SpiderSync] [restartedMain] .s.d.r.c.RepositoryConfigurationDelegate : Finished Spring Data repository scanning in 0 ms. Found 0 Redis repository interfaces.
2026-01-25T13:52:46.214+05:30  INFO 17320 --- [SpiderSync] [restartedMain] o.s.b.w.embedded.tomcat.TomcatWebServer  : Tomcat initialized with port 8081 (http)
2026-01-25T13:52:46.217+05:30  INFO 17320 --- [SpiderSync] [restartedMain] o.apache.catalina.core.StandardService   : Starting service [Tomcat]
2026-01-25T13:52:46.217+05:30  INFO 17320 --- [SpiderSync] [restartedMain] o.apache.catalina.core.StandardEngine    : Starting Servlet engine: [Apache Tomcat/10.1.34]
2026-01-25T13:52:46.318+05:30  INFO 17320 --- [SpiderSync] [restartedMain] o.a.c.c.C.[Tomcat-2].[localhost].[/]     : Initializing Spring embedded WebApplicationContext
2026-01-25T13:52:46.319+05:30  INFO 17320 --- [SpiderSync] [restartedMain] w.s.c.ServletWebServerApplicationContext : Root WebApplicationContext: initialization completed in 1492 ms
2026-01-25T13:52:46.505+05:30 DEBUG 17320 --- [SpiderSync] [restartedMain] o.s.w.f.ServerHttpObservationFilter      : Filter 'webMvcObservationFilter' configured for use
2026-01-25T13:52:46.623+05:30  INFO 17320 --- [SpiderSync] [restartedMain] com.zaxxer.hikari.HikariDataSource       : HikariPool-2 - Starting...
2026-01-25T13:52:46.633+05:30  INFO 17320 --- [SpiderSync] [restartedMain] com.zaxxer.hikari.pool.HikariPool        : HikariPool-2 - Added connection com.mysql.cj.jdbc.ConnectionImpl@6fc1eead
2026-01-25T13:52:46.634+05:30  INFO 17320 --- [SpiderSync] [restartedMain] com.zaxxer.hikari.HikariDataSource       : HikariPool-2 - Start completed.
2026-01-25T13:52:46.642+05:30  INFO 17320 --- [SpiderSync] [restartedMain] org.flywaydb.core.FlywayExecutor         : Database: jdbc:mysql://localhost:3306/search_engine?createDatabaseIfNotExists=true&useSSL=false&serverTimezone=UTC&allowPublicKeyRetrieval=true (MySQL 8.0)
2026-01-25T13:52:46.672+05:30  INFO 17320 --- [SpiderSync] [restartedMain] o.f.core.internal.command.DbValidate     : Successfully validated 1 migration (execution time 00:00.014s)
2026-01-25T13:52:46.690+05:30  INFO 17320 --- [SpiderSync] [restartedMain] o.f.core.internal.command.DbMigrate      : Current version of schema `search_engine`: 1
2026-01-25T13:52:46.692+05:30  INFO 17320 --- [SpiderSync] [restartedMain] o.f.core.internal.command.DbMigrate      : Schema `search_engine` is up to date. No migration necessary.
2026-01-25T13:52:46.759+05:30  INFO 17320 --- [SpiderSync] [restartedMain] o.hibernate.jpa.internal.util.LogHelper  : HHH000204: Processing PersistenceUnitInfo [name: default]
2026-01-25T13:52:46.769+05:30  INFO 17320 --- [SpiderSync] [restartedMain] o.h.c.internal.RegionFactoryInitiator    : HHH000026: Second-level cache disabled
2026-01-25T13:52:46.806+05:30  INFO 17320 --- [SpiderSync] [restartedMain] o.s.o.j.p.SpringPersistenceUnitInfo      : No LoadTimeWeaver setup: ignoring JPA class transformer
2026-01-25T13:52:46.812+05:30  WARN 17320 --- [SpiderSync] [restartedMain] org.hibernate.orm.deprecation            : HHH90000025: MySQLDialect does not need to be specified explicitly using 'hibernate.dialect' (remove the property setting and it will be selected by default)
2026-01-25T13:52:46.813+05:30  INFO 17320 --- [SpiderSync] [restartedMain] org.hibernate.orm.connections.pooling    : HHH10001005: Database info:
	Database JDBC URL [Connecting through datasource 'HikariDataSource (HikariPool-2)']
	Database driver: undefined/unknown
	Database version: 8.0.44
	Autocommit mode: undefined/unknown
	Isolation level: undefined/unknown
	Minimum pool size: undefined/unknown
	Maximum pool size: undefined/unknown
2026-01-25T13:52:46.860+05:30  INFO 17320 --- [SpiderSync] [restartedMain] o.h.e.t.j.p.i.JtaPlatformInitiator       : HHH000489: No JTA platform available (set 'hibernate.transaction.jta.platform' to enable JTA platform integration)
2026-01-25T13:52:46.860+05:30  INFO 17320 --- [SpiderSync] [restartedMain] j.LocalContainerEntityManagerFactoryBean : Initialized JPA EntityManagerFactory for persistence unit 'default'
2026-01-25T13:52:47.050+05:30  WARN 17320 --- [SpiderSync] [restartedMain] JpaBaseConfiguration$JpaWebConfiguration : spring.jpa.open-in-view is enabled by default. Therefore, database queries may be performed during view rendering. Explicitly configure spring.jpa.open-in-view to disable this warning
2026-01-25T13:52:47.133+05:30  INFO 17320 --- [SpiderSync] [restartedMain] o.s.b.a.w.s.WelcomePageHandlerMapping    : Adding welcome page: class path resource [static/index.html]
2026-01-25T13:52:47.233+05:30 DEBUG 17320 --- [SpiderSync] [restartedMain] s.w.s.m.m.a.RequestMappingHandlerMapping : 6 mappings in 'requestMappingHandlerMapping'
2026-01-25T13:52:47.561+05:30 DEBUG 17320 --- [SpiderSync] [restartedMain] o.s.w.s.handler.SimpleUrlHandlerMapping  : Patterns [/webjars/**, /**, /swagger-ui*/*swagger-initializer.js, /swagger-ui*/**] in 'resourceHandlerMapping'
2026-01-25T13:52:47.630+05:30 DEBUG 17320 --- [SpiderSync] [restartedMain] s.w.s.m.m.a.RequestMappingHandlerAdapter : ControllerAdvice beans: 0 @ModelAttribute, 0 @InitBinder, 1 RequestBodyAdvice, 1 ResponseBodyAdvice
2026-01-25T13:52:47.683+05:30 DEBUG 17320 --- [SpiderSync] [restartedMain] .m.m.a.ExceptionHandlerExceptionResolver : ControllerAdvice beans: 1 @ExceptionHandler, 1 ResponseBodyAdvice
2026-01-25T13:52:48.872+05:30  WARN 17320 --- [SpiderSync] [restartedMain] .s.s.UserDetailsServiceAutoConfiguration : 

Using generated security password: f1494ce7-42ea-4fc2-bead-e1919e6ec4b5

This generated password is for development use only. Your security configuration must be updated before running your application in production.

2026-01-25T13:52:48.971+05:30  INFO 17320 --- [SpiderSync] [restartedMain] r$InitializeUserDetailsManagerConfigurer : Global AuthenticationManager configured with UserDetailsService bean with name inMemoryUserDetailsManager
2026-01-25T13:52:49.143+05:30  INFO 17320 --- [SpiderSync] [restartedMain] o.s.b.a.e.web.EndpointLinksResolver      : Exposing 4 endpoints beneath base path '/actuator'
2026-01-25T13:52:49.209+05:30 DEBUG 17320 --- [SpiderSync] [restartedMain] o.s.s.web.DefaultSecurityFilterChain     : Will secure any request with filters: DisableEncodeUrlFilter, WebAsyncManagerIntegrationFilter, SecurityContextHolderFilter, HeaderWriterFilter, CorsFilter, CsrfFilter, LogoutFilter, UsernamePasswordAuthenticationFilter, DefaultResourcesFilter, DefaultLoginPageGeneratingFilter, DefaultLogoutPageGeneratingFilter, BasicAuthenticationFilter, RequestCacheAwareFilter, SecurityContextHolderAwareRequestFilter, AnonymousAuthenticationFilter, ExceptionTranslationFilter, AuthorizationFilter
2026-01-25T13:52:49.525+05:30  INFO 17320 --- [SpiderSync] [restartedMain] o.s.b.d.a.OptionalLiveReloadServer       : LiveReload server is running on port 35729
2026-01-25T13:52:49.577+05:30  INFO 17320 --- [SpiderSync] [restartedMain] o.s.b.w.embedded.tomcat.TomcatWebServer  : Tomcat started on port 8081 (http) with context path '/'
2026-01-25T13:52:49.590+05:30  INFO 17320 --- [SpiderSync] [restartedMain] c.P.SpiderSync.SpiderSyncApplication     : Started SpiderSyncApplication in 4.818 seconds (process running for 1093.114)
2026-01-25T13:52:49.601+05:30  INFO 17320 --- [SpiderSync] [restartedMain] .ConditionEvaluationDeltaLoggingListener : Condition evaluation delta:


==========================
CONDITION EVALUATION DELTA
==========================


Positive matches:
-----------------

   ElasticsearchClientConfigurations.ElasticsearchClientConfiguration#elasticsearchClient matched:
      - @ConditionalOnMissingBean (types: co.elastic.clients.elasticsearch.ElasticsearchClient; SearchStrategy: all) did not find any beans (OnBeanCondition)

   ElasticsearchRestClientConfigurations.RestClientConfiguration matched:
      - @ConditionalOnMissingBean (types: org.elasticsearch.client.RestClient; SearchStrategy: all) did not find any beans (OnBeanCondition)

   ManagementWebSecurityAutoConfiguration matched:
      - found 'session' scope (OnWebApplicationCondition)
      - AllNestedConditions 2 matched 0 did not; NestedCondition on DefaultWebSecurityCondition.Beans @ConditionalOnMissingBean (types: org.springframework.security.web.SecurityFilterChain; SearchStrategy: all) did not find any beans; NestedCondition on DefaultWebSecurityCondition.Classes @ConditionalOnClass found required classes 'org.springframework.security.web.SecurityFilterChain', 'org.springframework.security.config.annotation.web.builders.HttpSecurity' (DefaultWebSecurityCondition)

   RabbitAutoConfiguration.RabbitTemplateConfiguration#rabbitTemplate matched:
      - @ConditionalOnSingleCandidate (types: org.springframework.amqp.rabbit.connection.ConnectionFactory; SearchStrategy: all) found a single bean 'rabbitConnectionFactory'; @ConditionalOnMissingBean (types: org.springframework.amqp.rabbit.core.RabbitOperations; SearchStrategy: all) did not find any beans (OnBeanCondition)

   SpringBootWebSecurityConfiguration.WebSecurityEnablerConfiguration matched:
      - @ConditionalOnClass found required class 'org.springframework.security.config.annotation.web.configuration.EnableWebSecurity' (OnClassCondition)
      - @ConditionalOnMissingBean (names: springSecurityFilterChain; SearchStrategy: all) did not find any beans (OnBeanCondition)

   TaskExecutorConfigurations.TaskExecutorConfiguration matched:
      - @ConditionalOnMissingBean (types: java.util.concurrent.Executor; SearchStrategy: all) did not find any beans (OnBeanCondition)

   TaskExecutorConfigurations.TaskExecutorConfiguration#applicationTaskExecutor matched:
      - @ConditionalOnThreading found PLATFORM (OnThreadingCondition)

   UserDetailsServiceAutoConfiguration matched:
      - @ConditionalOnClass found required class 'org.springframework.security.authentication.AuthenticationManager' (OnClassCondition)
      - found 'session' scope (OnWebApplicationCondition)
      - AnyNestedCondition 1 matched 2 did not; NestedCondition on UserDetailsServiceAutoConfiguration.MissingAlternativeOrUserPropertiesConfigured.PasswordConfigured @ConditionalOnProperty (spring.security.user.password) did not find property 'password'; NestedCondition on UserDetailsServiceAutoConfiguration.MissingAlternativeOrUserPropertiesConfigured.NameConfigured @ConditionalOnProperty (spring.security.user.name) did not find property 'name'; NestedCondition on UserDetailsServiceAutoConfiguration.MissingAlternativeOrUserPropertiesConfigured.MissingAlternative @ConditionalOnMissingClass did not find unwanted classes 'org.springframework.security.oauth2.client.registration.ClientRegistrationRepository', 'org.springframework.security.oauth2.server.resource.introspection.OpaqueTokenIntrospector', 'org.springframework.security.saml2.provider.service.registration.RelyingPartyRegistrationRepository' (UserDetailsServiceAutoConfiguration.MissingAlternativeOrUserPropertiesConfigured)
      - @ConditionalOnBean (types: org.springframework.security.config.ObjectPostProcessor; SearchStrategy: all) found beans 'objectPostProcessor', 'webAuthorizationManagerPostProcessor', 'filterChainDecoratorPostProcessor', 'authenticationManagerPostProcessor'; @ConditionalOnMissingBean (types: org.springframework.security.authentication.AuthenticationManager,org.springframework.security.authentication.AuthenticationProvider,org.springframework.security.core.userdetails.UserDetailsService,org.springframework.security.authentication.AuthenticationManagerResolver,org.springframework.security.oauth2.jwt.JwtDecoder; SearchStrategy: all) did not find any beans (OnBeanCondition)


Negative matches:
-----------------

   CacheAutoConfiguration:
      Did not match:
         - @ConditionalOnBean (types: org.springframework.cache.interceptor.CacheAspectSupport; SearchStrategy: all) did not find any beans of type org.springframework.cache.interceptor.CacheAspectSupport (OnBeanCondition)
      Matched:
         - @ConditionalOnClass found required class 'org.springframework.cache.CacheManager' (OnClassCondition)

   CacheAutoConfiguration.CacheManagerEntityManagerFactoryDependsOnPostProcessor:
      Did not match:
         - Ancestor org.springframework.boot.autoconfigure.cache.CacheAutoConfiguration did not match (ConditionEvaluationReport.AncestorsMatchedCondition)
      Matched:
         - @ConditionalOnClass found required class 'org.springframework.orm.jpa.LocalContainerEntityManagerFactoryBean' (OnClassCondition)

   CacheMetricsAutoConfiguration:
      Did not match:
         - @ConditionalOnBean (types: org.springframework.cache.CacheManager; SearchStrategy: all) did not find any beans of type org.springframework.cache.CacheManager (OnBeanCondition)

   TaskExecutorConfigurations.TaskExecutorConfiguration#applicationTaskExecutorVirtualThreads:
      Did not match:
         - @ConditionalOnThreading did not find VIRTUAL (OnThreadingCondition)


Exclusions:
-----------

    None


Unconditional classes:
----------------------

    None



2026-01-25T13:52:51.012+05:30  INFO 17320 --- [SpiderSync] [File Watcher] rtingClassPathChangeChangedEventListener : Restarting due to 42 class path changes (42 additions, 0 deletions, 0 modifications)
2026-01-25T13:52:51.014+05:30  INFO 17320 --- [SpiderSync] [Thread-7] o.s.b.w.e.tomcat.GracefulShutdown        : Commencing graceful shutdown. Waiting for active requests to complete
2026-01-25T13:52:51.029+05:30  INFO 17320 --- [SpiderSync] [tomcat-shutdown] o.s.b.w.e.tomcat.GracefulShutdown        : Graceful shutdown complete
2026-01-25T13:52:51.038+05:30  INFO 17320 --- [SpiderSync] [Thread-7] j.LocalContainerEntityManagerFactoryBean : Closing JPA EntityManagerFactory for persistence unit 'default'
2026-01-25T13:52:51.040+05:30  INFO 17320 --- [SpiderSync] [Thread-7] com.zaxxer.hikari.HikariDataSource       : HikariPool-2 - Shutdown initiated...
2026-01-25T13:52:51.046+05:30  INFO 17320 --- [SpiderSync] [Thread-7] com.zaxxer.hikari.HikariDataSource       : HikariPool-2 - Shutdown completed.
2026-01-25T13:52:51.269+05:30  INFO 17320 --- [SpiderSync] [restartedMain] c.P.SpiderSync.SpiderSyncApplication     : Starting SpiderSyncApplication using Java 25.0.2 with PID 17320 (C:\Users\LOQ\SpiderSync\target\classes started by LOQ in C:\Users\LOQ\SpiderSync)
2026-01-25T13:52:51.270+05:30 DEBUG 17320 --- [SpiderSync] [restartedMain] c.P.SpiderSync.SpiderSyncApplication     : Running with Spring Boot v3.4.1, Spring v6.2.1
2026-01-25T13:52:51.270+05:30  INFO 17320 --- [SpiderSync] [restartedMain] c.P.SpiderSync.SpiderSyncApplication     : No active profile set, falling back to 1 default profile: "default"
2026-01-25T13:52:52.620+05:30  INFO 17320 --- [SpiderSync] [restartedMain] .s.d.r.c.RepositoryConfigurationDelegate : Multiple Spring Data modules found, entering strict repository configuration mode
2026-01-25T13:52:52.621+05:30  INFO 17320 --- [SpiderSync] [restartedMain] .s.d.r.c.RepositoryConfigurationDelegate : Bootstrapping Spring Data JPA repositories in DEFAULT mode.
2026-01-25T13:52:52.662+05:30  INFO 17320 --- [SpiderSync] [restartedMain] .s.d.r.c.RepositoryConfigurationDelegate : Finished Spring Data repository scanning in 38 ms. Found 4 JPA repository interfaces.
2026-01-25T13:52:52.666+05:30  INFO 17320 --- [SpiderSync] [restartedMain] .s.d.r.c.RepositoryConfigurationDelegate : Multiple Spring Data modules found, entering strict repository configuration mode
2026-01-25T13:52:52.666+05:30  INFO 17320 --- [SpiderSync] [restartedMain] .s.d.r.c.RepositoryConfigurationDelegate : Bootstrapping Spring Data Redis repositories in DEFAULT mode.
2026-01-25T13:52:52.679+05:30  INFO 17320 --- [SpiderSync] [restartedMain] .RepositoryConfigurationExtensionSupport : Spring Data Redis - Could not safely identify store assignment for repository candidate interface com.Project.SpiderSync.repositories.CrawlJobRepository; If you want this repository to be a Redis repository, consider annotating your entities with one of these annotations: org.springframework.data.redis.core.RedisHash (preferred), or consider extending one of the following types with your repository: org.springframework.data.keyvalue.repository.KeyValueRepository
2026-01-25T13:52:52.679+05:30  INFO 17320 --- [SpiderSync] [restartedMain] .RepositoryConfigurationExtensionSupport : Spring Data Redis - Could not safely identify store assignment for repository candidate interface com.Project.SpiderSync.repositories.PageRepository; If you want this repository to be a Redis repository, consider annotating your entities with one of these annotations: org.springframework.data.redis.core.RedisHash (preferred), or consider extending one of the following types with your repository: org.springframework.data.keyvalue.repository.KeyValueRepository
2026-01-25T13:52:52.679+05:30  INFO 17320 --- [SpiderSync] [restartedMain] .RepositoryConfigurationExtensionSupport : Spring Data Redis - Could not safely identify store assignment for repository candidate interface com.Project.SpiderSync.repositories.SearchQueryRepository; If you want this repository to be a Redis repository, consider annotating your entities with one of these annotations: org.springframework.data.redis.core.RedisHash (preferred), or consider extending one of the following types with your repository: org.springframework.data.keyvalue.repository.KeyValueRepository
2026-01-25T13:52:52.679+05:30  INFO 17320 --- [SpiderSync] [restartedMain] .RepositoryConfigurationExtensionSupport : Spring Data Redis - Could not safely identify store assignment for repository candidate interface com.Project.SpiderSync.repositories.UserRepository; If you want this repository to be a Redis repository, consider annotating your entities with one of these annotations: org.springframework.data.redis.core.RedisHash (preferred), or consider extending one of the following types with your repository: org.springframework.data.keyvalue.repository.KeyValueRepository
2026-01-25T13:52:52.679+05:30  INFO 17320 --- [SpiderSync] [restartedMain] .s.d.r.c.RepositoryConfigurationDelegate : Finished Spring Data repository scanning in 10 ms. Found 0 Redis repository interfaces.
2026-01-25T13:52:53.169+05:30  INFO 17320 --- [SpiderSync] [restartedMain] o.s.b.w.embedded.tomcat.TomcatWebServer  : Tomcat initialized with port 8081 (http)
2026-01-25T13:52:53.170+05:30  INFO 17320 --- [SpiderSync] [restartedMain] o.apache.catalina.core.StandardService   : Starting service [Tomcat]
2026-01-25T13:52:53.170+05:30  INFO 17320 --- [SpiderSync] [restartedMain] o.apache.catalina.core.StandardEngine    : Starting Servlet engine: [Apache Tomcat/10.1.34]
2026-01-25T13:52:53.267+05:30  INFO 17320 --- [SpiderSync] [restartedMain] o.a.c.c.C.[Tomcat-2].[localhost].[/]     : Initializing Spring embedded WebApplicationContext
2026-01-25T13:52:53.267+05:30  INFO 17320 --- [SpiderSync] [restartedMain] w.s.c.ServletWebServerApplicationContext : Root WebApplicationContext: initialization completed in 1993 ms
2026-01-25T13:52:53.671+05:30  INFO 17320 --- [SpiderSync] [restartedMain] com.zaxxer.hikari.HikariDataSource       : HikariPool-3 - Starting...
2026-01-25T13:52:53.679+05:30  INFO 17320 --- [SpiderSync] [restartedMain] com.zaxxer.hikari.pool.HikariPool        : HikariPool-3 - Added connection com.mysql.cj.jdbc.ConnectionImpl@26e36921
2026-01-25T13:52:53.679+05:30  INFO 17320 --- [SpiderSync] [restartedMain] com.zaxxer.hikari.HikariDataSource       : HikariPool-3 - Start completed.
2026-01-25T13:52:53.686+05:30  INFO 17320 --- [SpiderSync] [restartedMain] org.flywaydb.core.FlywayExecutor         : Database: jdbc:mysql://localhost:3306/search_engine?createDatabaseIfNotExists=true&useSSL=false&serverTimezone=UTC&allowPublicKeyRetrieval=true (MySQL 8.0)
2026-01-25T13:52:53.710+05:30  INFO 17320 --- [SpiderSync] [restartedMain] o.f.core.internal.command.DbValidate     : Successfully validated 1 migration (execution time 00:00.010s)
2026-01-25T13:52:53.725+05:30  INFO 17320 --- [SpiderSync] [restartedMain] o.f.core.internal.command.DbMigrate      : Current version of schema `search_engine`: 1
2026-01-25T13:52:53.726+05:30  INFO 17320 --- [SpiderSync] [restartedMain] o.f.core.internal.command.DbMigrate      : Schema `search_engine` is up to date. No migration necessary.
2026-01-25T13:52:53.801+05:30  INFO 17320 --- [SpiderSync] [restartedMain] o.hibernate.jpa.internal.util.LogHelper  : HHH000204: Processing PersistenceUnitInfo [name: default]
2026-01-25T13:52:53.809+05:30  INFO 17320 --- [SpiderSync] [restartedMain] o.h.c.internal.RegionFactoryInitiator    : HHH000026: Second-level cache disabled
2026-01-25T13:52:53.830+05:30  INFO 17320 --- [SpiderSync] [restartedMain] o.s.o.j.p.SpringPersistenceUnitInfo      : No LoadTimeWeaver setup: ignoring JPA class transformer
2026-01-25T13:52:53.834+05:30  WARN 17320 --- [SpiderSync] [restartedMain] org.hibernate.orm.deprecation            : HHH90000025: MySQLDialect does not need to be specified explicitly using 'hibernate.dialect' (remove the property setting and it will be selected by default)
2026-01-25T13:52:53.835+05:30  INFO 17320 --- [SpiderSync] [restartedMain] org.hibernate.orm.connections.pooling    : HHH10001005: Database info:
	Database JDBC URL [Connecting through datasource 'HikariDataSource (HikariPool-3)']
	Database driver: undefined/unknown
	Database version: 8.0.44
	Autocommit mode: undefined/unknown
	Isolation level: undefined/unknown
	Minimum pool size: undefined/unknown
	Maximum pool size: undefined/unknown
2026-01-25T13:52:54.130+05:30  INFO 17320 --- [SpiderSync] [restartedMain] o.h.e.t.j.p.i.JtaPlatformInitiator       : HHH000489: No JTA platform available (set 'hibernate.transaction.jta.platform' to enable JTA platform integration)
2026-01-25T13:52:54.158+05:30  INFO 17320 --- [SpiderSync] [restartedMain] j.LocalContainerEntityManagerFactoryBean : Initialized JPA EntityManagerFactory for persistence unit 'default'
2026-01-25T13:52:54.443+05:30 DEBUG 17320 --- [SpiderSync] [restartedMain] c.P.S.security.JwtAuthenticationFilter   : Filter 'jwtAuthenticationFilter' configured for use
2026-01-25T13:52:54.444+05:30 DEBUG 17320 --- [SpiderSync] [restartedMain] o.s.w.f.ServerHttpObservationFilter      : Filter 'webMvcObservationFilter' configured for use
2026-01-25T13:52:54.444+05:30 DEBUG 17320 --- [SpiderSync] [restartedMain] c.P.S.security.RateLimitingFilter        : Filter 'rateLimitingFilter' configured for use
2026-01-25T13:52:54.657+05:30  INFO 17320 --- [SpiderSync] [restartedMain] r$InitializeUserDetailsManagerConfigurer : Global AuthenticationManager configured with UserDetailsService bean with name customUserDetailsService
2026-01-25T13:52:55.206+05:30  WARN 17320 --- [SpiderSync] [restartedMain] JpaBaseConfiguration$JpaWebConfiguration : spring.jpa.open-in-view is enabled by default. Therefore, database queries may be performed during view rendering. Explicitly configure spring.jpa.open-in-view to disable this warning
2026-01-25T13:52:55.340+05:30  INFO 17320 --- [SpiderSync] [restartedMain] o.s.b.a.w.s.WelcomePageHandlerMapping    : Adding welcome page: class path resource [static/index.html]
2026-01-25T13:52:55.418+05:30 DEBUG 17320 --- [SpiderSync] [restartedMain] s.w.s.m.m.a.RequestMappingHandlerMapping : 19 mappings in 'requestMappingHandlerMapping'
2026-01-25T13:52:55.659+05:30 DEBUG 17320 --- [SpiderSync] [restartedMain] o.s.w.s.handler.SimpleUrlHandlerMapping  : Patterns [/webjars/**, /**, /swagger-ui*/*swagger-initializer.js, /swagger-ui*/**] in 'resourceHandlerMapping'
2026-01-25T13:52:56.026+05:30  INFO 17320 --- [SpiderSync] [restartedMain] o.s.b.a.e.web.EndpointLinksResolver      : Exposing 4 endpoints beneath base path '/actuator'
2026-01-25T13:52:56.265+05:30 DEBUG 17320 --- [SpiderSync] [restartedMain] o.s.s.web.DefaultSecurityFilterChain     : Will secure any request with filters: DisableEncodeUrlFilter, WebAsyncManagerIntegrationFilter, SecurityContextHolderFilter, HeaderWriterFilter, LogoutFilter, RateLimitingFilter, JwtAuthenticationFilter, RequestCacheAwareFilter, SecurityContextHolderAwareRequestFilter, AnonymousAuthenticationFilter, SessionManagementFilter, ExceptionTranslationFilter, AuthorizationFilter
2026-01-25T13:52:56.472+05:30 DEBUG 17320 --- [SpiderSync] [restartedMain] s.w.s.m.m.a.RequestMappingHandlerAdapter : ControllerAdvice beans: 0 @ModelAttribute, 0 @InitBinder, 1 RequestBodyAdvice, 1 ResponseBodyAdvice
2026-01-25T13:52:56.536+05:30 DEBUG 17320 --- [SpiderSync] [restartedMain] .m.m.a.ExceptionHandlerExceptionResolver : ControllerAdvice beans: 1 @ExceptionHandler, 1 ResponseBodyAdvice
2026-01-25T13:52:57.111+05:30  WARN 17320 --- [SpiderSync] [restartedMain] i.m.c.i.b.cache.CaffeineCacheMetrics     : The cache 'robots-txt' is not recording statistics. No meters except 'cache.size' will be registered. Call 'Caffeine#recordStats()' prior to building the cache for metrics to be recorded.
2026-01-25T13:52:57.112+05:30  WARN 17320 --- [SpiderSync] [restartedMain] i.m.c.i.b.cache.CaffeineCacheMetrics     : The cache 'pages' is not recording statistics. No meters except 'cache.size' will be registered. Call 'Caffeine#recordStats()' prior to building the cache for metrics to be recorded.
2026-01-25T13:52:57.112+05:30  WARN 17320 --- [SpiderSync] [restartedMain] i.m.c.i.b.cache.CaffeineCacheMetrics     : The cache 'search-results' is not recording statistics. No meters except 'cache.size' will be registered. Call 'Caffeine#recordStats()' prior to building the cache for metrics to be recorded.
2026-01-25T13:52:57.414+05:30  INFO 17320 --- [SpiderSync] [restartedMain] o.s.b.d.a.OptionalLiveReloadServer       : LiveReload server is running on port 35729
2026-01-25T13:52:57.464+05:30  INFO 17320 --- [SpiderSync] [restartedMain] o.s.b.w.embedded.tomcat.TomcatWebServer  : Tomcat started on port 8081 (http) with context path '/'
2026-01-25T13:52:57.477+05:30  INFO 17320 --- [SpiderSync] [restartedMain] c.P.SpiderSync.SpiderSyncApplication     : Started SpiderSyncApplication in 6.28 seconds (process running for 1101.001)
2026-01-25T13:52:57.479+05:30  INFO 17320 --- [SpiderSync] [restartedMain] c.P.S.service.DataSeedingService         : Checking for data seeding requirements...
2026-01-25T13:52:57.529+05:30 DEBUG 17320 --- [SpiderSync] [restartedMain] org.hibernate.SQL                        : 
    select
        p1_0.id,
        p1_0.content,
        p1_0.content_hash,
        p1_0.crawl_depth,
        p1_0.created_at,
        p1_0.description,
        p1_0.keywords,
        p1_0.language,
        p1_0.last_crawled_at,
        p1_0.page_rank,
        p1_0.response_time,
        p1_0.status_code,
        p1_0.title,
        p1_0.updated_at,
        p1_0.url 
    from
        pages p1_0 
    where
        p1_0.url in (?, ?, ?, ?, ?, ?, ?, ?, ?, ?, ?, ?, ?, ?, ?, ?, ?, ?, ?)
2026-01-25T13:52:57.545+05:30  INFO 17320 --- [SpiderSync] [restartedMain] c.P.S.service.DataSeedingService         : All seed pages already exist in database.
2026-01-25T13:52:57.549+05:30 ERROR 17320 --- [SpiderSync] [restartedMain] c.P.SpiderSync.service.IndexingService   : Error checking index existence: Connection refused: getsockopt
2026-01-25T13:52:57.549+05:30  INFO 17320 --- [SpiderSync] [restartedMain] c.P.S.service.DataSeedingService         : Elasticsearch index is missing or empty. Populating from database...
2026-01-25T13:52:57.555+05:30 DEBUG 17320 --- [SpiderSync] [restartedMain] org.hibernate.SQL                        : 
    select
        p1_0.id,
        p1_0.content,
        p1_0.content_hash,
        p1_0.crawl_depth,
        p1_0.created_at,
        p1_0.description,
        p1_0.keywords,
        p1_0.language,
        p1_0.last_crawled_at,
        p1_0.page_rank,
        p1_0.response_time,
        p1_0.status_code,
        p1_0.title,
        p1_0.updated_at,
        p1_0.url 
    from
        pages p1_0
2026-01-25T13:52:57.570+05:30 ERROR 17320 --- [SpiderSync] [restartedMain] c.P.SpiderSync.service.IndexingService   : Error creating Elasticsearch index: Connection refused: getsockopt
2026-01-25T13:52:57.579+05:30 ERROR 17320 --- [SpiderSync] [restartedMain] c.P.SpiderSync.service.IndexingService   : Error in bulk indexing: Connection refused: getsockopt
2026-01-25T13:52:57.580+05:30  INFO 17320 --- [SpiderSync] [restartedMain] c.P.S.service.DataSeedingService         : Successfully indexed 19 total pages from database.
2026-01-25T13:52:57.580+05:30  INFO 17320 --- [SpiderSync] [restartedMain] c.P.S.service.DataSeedingService         : Data seeding and indexing check completed!
2026-01-25T13:52:57.582+05:30  INFO 17320 --- [SpiderSync] [restartedMain] .ConditionEvaluationDeltaLoggingListener : Condition evaluation delta:


==========================
CONDITION EVALUATION DELTA
==========================


Positive matches:
-----------------

   CacheAutoConfiguration matched:
      - @ConditionalOnClass found required class 'org.springframework.cache.CacheManager' (OnClassCondition)
      - @ConditionalOnBean (types: org.springframework.cache.interceptor.CacheAspectSupport; SearchStrategy: all) found bean 'cacheInterceptor'; @ConditionalOnMissingBean (names: cacheResolver types: org.springframework.cache.CacheManager; SearchStrategy: all) did not find any beans (OnBeanCondition)

   CacheAutoConfiguration#cacheManagerCustomizers matched:
      - @ConditionalOnMissingBean (types: org.springframework.boot.autoconfigure.cache.CacheManagerCustomizers; SearchStrategy: all) did not find any beans (OnBeanCondition)

   CacheAutoConfiguration.CacheManagerEntityManagerFactoryDependsOnPostProcessor matched:
      - @ConditionalOnClass found required class 'org.springframework.orm.jpa.LocalContainerEntityManagerFactoryBean' (OnClassCondition)
      - @ConditionalOnBean (types: org.springframework.orm.jpa.AbstractEntityManagerFactoryBean; SearchStrategy: all) found bean '&entityManagerFactory' (OnBeanCondition)

   CacheMetricsAutoConfiguration matched:
      - @ConditionalOnBean (types: org.springframework.cache.CacheManager; SearchStrategy: all) found bean 'cacheManager' (OnBeanCondition)

   CacheMetricsRegistrarConfiguration matched:
      - @ConditionalOnBean (types: org.springframework.boot.actuate.metrics.cache.CacheMeterBinderProvider,io.micrometer.core.instrument.MeterRegistry; SearchStrategy: all) found beans 'prometheusMeterRegistry', 'caffeineCacheMeterBinderProvider', 'redisCacheMeterBinderProvider' (OnBeanCondition)


Negative matches:
-----------------

   ElasticsearchClientConfigurations.ElasticsearchClientConfiguration#elasticsearchClient:
      Did not match:
         - @ConditionalOnMissingBean (types: co.elastic.clients.elasticsearch.ElasticsearchClient; SearchStrategy: all) found beans of type 'co.elastic.clients.elasticsearch.ElasticsearchClient' elasticsearchClient (OnBeanCondition)

   ElasticsearchRestClientConfigurations.RestClientConfiguration:
      Did not match:
         - @ConditionalOnMissingBean (types: org.elasticsearch.client.RestClient; SearchStrategy: all) found beans of type 'org.elasticsearch.client.RestClient' restClient (OnBeanCondition)

   ManagementWebSecurityAutoConfiguration:
      Did not match:
         - AllNestedConditions 1 matched 1 did not; NestedCondition on DefaultWebSecurityCondition.Beans @ConditionalOnMissingBean (types: org.springframework.security.web.SecurityFilterChain; SearchStrategy: all) found beans of type 'org.springframework.security.web.SecurityFilterChain' securityFilterChain; NestedCondition on DefaultWebSecurityCondition.Classes @ConditionalOnClass found required classes 'org.springframework.security.web.SecurityFilterChain', 'org.springframework.security.config.annotation.web.builders.HttpSecurity' (DefaultWebSecurityCondition)
      Matched:
         - found 'session' scope (OnWebApplicationCondition)

   RabbitAutoConfiguration.RabbitTemplateConfiguration#rabbitTemplate:
      Did not match:
         - @ConditionalOnMissingBean (types: org.springframework.amqp.rabbit.core.RabbitOperations; SearchStrategy: all) found beans of type 'org.springframework.amqp.rabbit.core.RabbitOperations' rabbitTemplate (OnBeanCondition)

   SpringBootWebSecurityConfiguration.WebSecurityEnablerConfiguration:
      Did not match:
         - @ConditionalOnMissingBean (names: springSecurityFilterChain; SearchStrategy: all) found beans named springSecurityFilterChain (OnBeanCondition)
      Matched:
         - @ConditionalOnClass found required class 'org.springframework.security.config.annotation.web.configuration.EnableWebSecurity' (OnClassCondition)

   TaskExecutorConfigurations.TaskExecutorConfiguration:
      Did not match:
         - @ConditionalOnMissingBean (types: java.util.concurrent.Executor; SearchStrategy: all) found beans of type 'java.util.concurrent.Executor' crawlerExecutor (OnBeanCondition)

   UserDetailsServiceAutoConfiguration:
      Did not match:
         - @ConditionalOnMissingBean (types: org.springframework.security.authentication.AuthenticationManager,org.springframework.security.authentication.AuthenticationProvider,org.springframework.security.core.userdetails.UserDetailsService,org.springframework.security.authentication.AuthenticationManagerResolver,org.springframework.security.oauth2.jwt.JwtDecoder; SearchStrategy: all) found beans of type 'org.springframework.security.authentication.AuthenticationManager' authenticationManager and found beans of type 'org.springframework.security.core.userdetails.UserDetailsService' customUserDetailsService (OnBeanCondition)
      Matched:
         - @ConditionalOnClass found required class 'org.springframework.security.authentication.AuthenticationManager' (OnClassCondition)
         - found 'session' scope (OnWebApplicationCondition)
         - AnyNestedCondition 1 matched 2 did not; NestedCondition on UserDetailsServiceAutoConfiguration.MissingAlternativeOrUserPropertiesConfigured.PasswordConfigured @ConditionalOnProperty (spring.security.user.password) did not find property 'password'; NestedCondition on UserDetailsServiceAutoConfiguration.MissingAlternativeOrUserPropertiesConfigured.NameConfigured @ConditionalOnProperty (spring.security.user.name) did not find property 'name'; NestedCondition on UserDetailsServiceAutoConfiguration.MissingAlternativeOrUserPropertiesConfigured.MissingAlternative @ConditionalOnMissingClass did not find unwanted classes 'org.springframework.security.oauth2.client.registration.ClientRegistrationRepository', 'org.springframework.security.oauth2.server.resource.introspection.OpaqueTokenIntrospector', 'org.springframework.security.saml2.provider.service.registration.RelyingPartyRegistrationRepository' (UserDetailsServiceAutoConfiguration.MissingAlternativeOrUserPropertiesConfigured)


Exclusions:
-----------

    None


Unconditional classes:
----------------------

    None



2026-01-25T13:53:25.225+05:30  INFO 17320 --- [SpiderSync] [File Watcher] rtingClassPathChangeChangedEventListener : Restarting due to 44 class path changes (0 additions, 42 deletions, 2 modifications)
2026-01-25T13:53:25.232+05:30  INFO 17320 --- [SpiderSync] [Thread-23] o.s.b.w.e.tomcat.GracefulShutdown        : Commencing graceful shutdown. Waiting for active requests to complete
2026-01-25T13:53:25.265+05:30  INFO 17320 --- [SpiderSync] [tomcat-shutdown] o.s.b.w.e.tomcat.GracefulShutdown        : Graceful shutdown complete
2026-01-25T13:53:25.278+05:30  INFO 17320 --- [SpiderSync] [Thread-23] j.LocalContainerEntityManagerFactoryBean : Closing JPA EntityManagerFactory for persistence unit 'default'
2026-01-25T13:53:25.282+05:30  INFO 17320 --- [SpiderSync] [Thread-23] com.zaxxer.hikari.HikariDataSource       : HikariPool-3 - Shutdown initiated...
2026-01-25T13:53:25.290+05:30  INFO 17320 --- [SpiderSync] [Thread-23] com.zaxxer.hikari.HikariDataSource       : HikariPool-3 - Shutdown completed.
2026-01-25T13:53:25.552+05:30  INFO 17320 --- [SpiderSync] [restartedMain] c.P.SpiderSync.SpiderSyncApplication     : Starting SpiderSyncApplication using Java 25.0.2 with PID 17320 (C:\Users\LOQ\SpiderSync\target\classes started by LOQ in C:\Users\LOQ\SpiderSync)
2026-01-25T13:53:25.552+05:30 DEBUG 17320 --- [SpiderSync] [restartedMain] c.P.SpiderSync.SpiderSyncApplication     : Running with Spring Boot v3.4.1, Spring v6.2.1
2026-01-25T13:53:25.552+05:30  INFO 17320 --- [SpiderSync] [restartedMain] c.P.SpiderSync.SpiderSyncApplication     : No active profile set, falling back to 1 default profile: "default"
2026-01-25T13:53:26.587+05:30  INFO 17320 --- [SpiderSync] [restartedMain] .s.d.r.c.RepositoryConfigurationDelegate : Multiple Spring Data modules found, entering strict repository configuration mode
2026-01-25T13:53:26.587+05:30  INFO 17320 --- [SpiderSync] [restartedMain] .s.d.r.c.RepositoryConfigurationDelegate : Bootstrapping Spring Data JPA repositories in DEFAULT mode.
2026-01-25T13:53:26.591+05:30  INFO 17320 --- [SpiderSync] [restartedMain] .s.d.r.c.RepositoryConfigurationDelegate : Finished Spring Data repository scanning in 1 ms. Found 0 JPA repository interfaces.
2026-01-25T13:53:26.600+05:30  INFO 17320 --- [SpiderSync] [restartedMain] .s.d.r.c.RepositoryConfigurationDelegate : Multiple Spring Data modules found, entering strict repository configuration mode
2026-01-25T13:53:26.601+05:30  INFO 17320 --- [SpiderSync] [restartedMain] .s.d.r.c.RepositoryConfigurationDelegate : Bootstrapping Spring Data Redis repositories in DEFAULT mode.
2026-01-25T13:53:26.607+05:30  INFO 17320 --- [SpiderSync] [restartedMain] .s.d.r.c.RepositoryConfigurationDelegate : Finished Spring Data repository scanning in 0 ms. Found 0 Redis repository interfaces.
2026-01-25T13:53:27.017+05:30  INFO 17320 --- [SpiderSync] [restartedMain] o.s.b.w.embedded.tomcat.TomcatWebServer  : Tomcat initialized with port 8081 (http)
2026-01-25T13:53:27.019+05:30  INFO 17320 --- [SpiderSync] [restartedMain] o.apache.catalina.core.StandardService   : Starting service [Tomcat]
2026-01-25T13:53:27.020+05:30  INFO 17320 --- [SpiderSync] [restartedMain] o.apache.catalina.core.StandardEngine    : Starting Servlet engine: [Apache Tomcat/10.1.34]
2026-01-25T13:53:27.120+05:30  INFO 17320 --- [SpiderSync] [restartedMain] o.a.c.c.C.[Tomcat-2].[localhost].[/]     : Initializing Spring embedded WebApplicationContext
2026-01-25T13:53:27.120+05:30  INFO 17320 --- [SpiderSync] [restartedMain] w.s.c.ServletWebServerApplicationContext : Root WebApplicationContext: initialization completed in 1555 ms
2026-01-25T13:53:27.372+05:30 DEBUG 17320 --- [SpiderSync] [restartedMain] o.s.w.f.ServerHttpObservationFilter      : Filter 'webMvcObservationFilter' configured for use
2026-01-25T13:53:27.473+05:30  INFO 17320 --- [SpiderSync] [restartedMain] com.zaxxer.hikari.HikariDataSource       : HikariPool-4 - Starting...
2026-01-25T13:53:27.483+05:30  INFO 17320 --- [SpiderSync] [restartedMain] com.zaxxer.hikari.pool.HikariPool        : HikariPool-4 - Added connection com.mysql.cj.jdbc.ConnectionImpl@6a410db9
2026-01-25T13:53:27.483+05:30  INFO 17320 --- [SpiderSync] [restartedMain] com.zaxxer.hikari.HikariDataSource       : HikariPool-4 - Start completed.
2026-01-25T13:53:27.491+05:30  INFO 17320 --- [SpiderSync] [restartedMain] org.flywaydb.core.FlywayExecutor         : Database: jdbc:mysql://localhost:3306/search_engine?createDatabaseIfNotExists=true&useSSL=false&serverTimezone=UTC&allowPublicKeyRetrieval=true (MySQL 8.0)
2026-01-25T13:53:27.514+05:30  INFO 17320 --- [SpiderSync] [restartedMain] o.f.core.internal.command.DbValidate     : Successfully validated 1 migration (execution time 00:00.011s)
2026-01-25T13:53:27.529+05:30  INFO 17320 --- [SpiderSync] [restartedMain] o.f.core.internal.command.DbMigrate      : Current version of schema `search_engine`: 1
2026-01-25T13:53:27.530+05:30  INFO 17320 --- [SpiderSync] [restartedMain] o.f.core.internal.command.DbMigrate      : Schema `search_engine` is up to date. No migration necessary.
2026-01-25T13:53:27.591+05:30  INFO 17320 --- [SpiderSync] [restartedMain] o.hibernate.jpa.internal.util.LogHelper  : HHH000204: Processing PersistenceUnitInfo [name: default]
2026-01-25T13:53:27.600+05:30  INFO 17320 --- [SpiderSync] [restartedMain] o.h.c.internal.RegionFactoryInitiator    : HHH000026: Second-level cache disabled
2026-01-25T13:53:27.617+05:30  INFO 17320 --- [SpiderSync] [restartedMain] o.s.o.j.p.SpringPersistenceUnitInfo      : No LoadTimeWeaver setup: ignoring JPA class transformer
2026-01-25T13:53:27.622+05:30  WARN 17320 --- [SpiderSync] [restartedMain] org.hibernate.orm.deprecation            : HHH90000025: MySQLDialect does not need to be specified explicitly using 'hibernate.dialect' (remove the property setting and it will be selected by default)
2026-01-25T13:53:27.622+05:30  INFO 17320 --- [SpiderSync] [restartedMain] org.hibernate.orm.connections.pooling    : HHH10001005: Database info:
	Database JDBC URL [Connecting through datasource 'HikariDataSource (HikariPool-4)']
	Database driver: undefined/unknown
	Database version: 8.0.44
	Autocommit mode: undefined/unknown
	Isolation level: undefined/unknown
	Minimum pool size: undefined/unknown
	Maximum pool size: undefined/unknown
2026-01-25T13:53:27.666+05:30  INFO 17320 --- [SpiderSync] [restartedMain] o.h.e.t.j.p.i.JtaPlatformInitiator       : HHH000489: No JTA platform available (set 'hibernate.transaction.jta.platform' to enable JTA platform integration)
2026-01-25T13:53:27.666+05:30  INFO 17320 --- [SpiderSync] [restartedMain] j.LocalContainerEntityManagerFactoryBean : Initialized JPA EntityManagerFactory for persistence unit 'default'
2026-01-25T13:53:27.852+05:30  WARN 17320 --- [SpiderSync] [restartedMain] JpaBaseConfiguration$JpaWebConfiguration : spring.jpa.open-in-view is enabled by default. Therefore, database queries may be performed during view rendering. Explicitly configure spring.jpa.open-in-view to disable this warning
2026-01-25T13:53:27.919+05:30  INFO 17320 --- [SpiderSync] [restartedMain] o.s.b.a.w.s.WelcomePageHandlerMapping    : Adding welcome page: class path resource [static/index.html]
2026-01-25T13:53:27.977+05:30 DEBUG 17320 --- [SpiderSync] [restartedMain] s.w.s.m.m.a.RequestMappingHandlerMapping : 6 mappings in 'requestMappingHandlerMapping'
2026-01-25T13:53:28.170+05:30 DEBUG 17320 --- [SpiderSync] [restartedMain] o.s.w.s.handler.SimpleUrlHandlerMapping  : Patterns [/webjars/**, /**, /swagger-ui*/*swagger-initializer.js, /swagger-ui*/**] in 'resourceHandlerMapping'
2026-01-25T13:53:28.222+05:30 DEBUG 17320 --- [SpiderSync] [restartedMain] s.w.s.m.m.a.RequestMappingHandlerAdapter : ControllerAdvice beans: 0 @ModelAttribute, 0 @InitBinder, 1 RequestBodyAdvice, 1 ResponseBodyAdvice
2026-01-25T13:53:28.283+05:30 DEBUG 17320 --- [SpiderSync] [restartedMain] .m.m.a.ExceptionHandlerExceptionResolver : ControllerAdvice beans: 1 @ExceptionHandler, 1 ResponseBodyAdvice
2026-01-25T13:53:29.318+05:30  WARN 17320 --- [SpiderSync] [restartedMain] .s.s.UserDetailsServiceAutoConfiguration : 

Using generated security password: 695a486c-9838-4f74-b7f4-8a3387c07b95

This generated password is for development use only. Your security configuration must be updated before running your application in production.

2026-01-25T13:53:29.324+05:30  INFO 17320 --- [SpiderSync] [restartedMain] r$InitializeUserDetailsManagerConfigurer : Global AuthenticationManager configured with UserDetailsService bean with name inMemoryUserDetailsManager
2026-01-25T13:53:29.444+05:30  INFO 17320 --- [SpiderSync] [restartedMain] o.s.b.a.e.web.EndpointLinksResolver      : Exposing 4 endpoints beneath base path '/actuator'
2026-01-25T13:53:29.488+05:30 DEBUG 17320 --- [SpiderSync] [restartedMain] o.s.s.web.DefaultSecurityFilterChain     : Will secure any request with filters: DisableEncodeUrlFilter, WebAsyncManagerIntegrationFilter, SecurityContextHolderFilter, HeaderWriterFilter, CorsFilter, CsrfFilter, LogoutFilter, UsernamePasswordAuthenticationFilter, DefaultResourcesFilter, DefaultLoginPageGeneratingFilter, DefaultLogoutPageGeneratingFilter, BasicAuthenticationFilter, RequestCacheAwareFilter, SecurityContextHolderAwareRequestFilter, AnonymousAuthenticationFilter, ExceptionTranslationFilter, AuthorizationFilter
2026-01-25T13:53:29.880+05:30  INFO 17320 --- [SpiderSync] [restartedMain] o.s.b.d.a.OptionalLiveReloadServer       : LiveReload server is running on port 35729
2026-01-25T13:53:29.931+05:30  INFO 17320 --- [SpiderSync] [restartedMain] o.s.b.w.embedded.tomcat.TomcatWebServer  : Tomcat started on port 8081 (http) with context path '/'
2026-01-25T13:53:29.948+05:30  INFO 17320 --- [SpiderSync] [restartedMain] c.P.SpiderSync.SpiderSyncApplication     : Started SpiderSyncApplication in 4.484 seconds (process running for 1133.472)
2026-01-25T13:53:29.953+05:30  INFO 17320 --- [SpiderSync] [restartedMain] .ConditionEvaluationDeltaLoggingListener : Condition evaluation delta:


==========================
CONDITION EVALUATION DELTA
==========================


Positive matches:
-----------------

   ElasticsearchClientConfigurations.ElasticsearchClientConfiguration#elasticsearchClient matched:
      - @ConditionalOnMissingBean (types: co.elastic.clients.elasticsearch.ElasticsearchClient; SearchStrategy: all) did not find any beans (OnBeanCondition)

   ElasticsearchRestClientConfigurations.RestClientConfiguration matched:
      - @ConditionalOnMissingBean (types: org.elasticsearch.client.RestClient; SearchStrategy: all) did not find any beans (OnBeanCondition)

   ManagementWebSecurityAutoConfiguration matched:
      - found 'session' scope (OnWebApplicationCondition)
      - AllNestedConditions 2 matched 0 did not; NestedCondition on DefaultWebSecurityCondition.Beans @ConditionalOnMissingBean (types: org.springframework.security.web.SecurityFilterChain; SearchStrategy: all) did not find any beans; NestedCondition on DefaultWebSecurityCondition.Classes @ConditionalOnClass found required classes 'org.springframework.security.web.SecurityFilterChain', 'org.springframework.security.config.annotation.web.builders.HttpSecurity' (DefaultWebSecurityCondition)

   RabbitAutoConfiguration.RabbitTemplateConfiguration#rabbitTemplate matched:
      - @ConditionalOnSingleCandidate (types: org.springframework.amqp.rabbit.connection.ConnectionFactory; SearchStrategy: all) found a single bean 'rabbitConnectionFactory'; @ConditionalOnMissingBean (types: org.springframework.amqp.rabbit.core.RabbitOperations; SearchStrategy: all) did not find any beans (OnBeanCondition)

   SpringBootWebSecurityConfiguration.WebSecurityEnablerConfiguration matched:
      - @ConditionalOnClass found required class 'org.springframework.security.config.annotation.web.configuration.EnableWebSecurity' (OnClassCondition)
      - @ConditionalOnMissingBean (names: springSecurityFilterChain; SearchStrategy: all) did not find any beans (OnBeanCondition)

   TaskExecutorConfigurations.TaskExecutorConfiguration matched:
      - @ConditionalOnMissingBean (types: java.util.concurrent.Executor; SearchStrategy: all) did not find any beans (OnBeanCondition)

   TaskExecutorConfigurations.TaskExecutorConfiguration#applicationTaskExecutor matched:
      - @ConditionalOnThreading found PLATFORM (OnThreadingCondition)

   UserDetailsServiceAutoConfiguration matched:
      - @ConditionalOnClass found required class 'org.springframework.security.authentication.AuthenticationManager' (OnClassCondition)
      - found 'session' scope (OnWebApplicationCondition)
      - AnyNestedCondition 1 matched 2 did not; NestedCondition on UserDetailsServiceAutoConfiguration.MissingAlternativeOrUserPropertiesConfigured.PasswordConfigured @ConditionalOnProperty (spring.security.user.password) did not find property 'password'; NestedCondition on UserDetailsServiceAutoConfiguration.MissingAlternativeOrUserPropertiesConfigured.NameConfigured @ConditionalOnProperty (spring.security.user.name) did not find property 'name'; NestedCondition on UserDetailsServiceAutoConfiguration.MissingAlternativeOrUserPropertiesConfigured.MissingAlternative @ConditionalOnMissingClass did not find unwanted classes 'org.springframework.security.oauth2.client.registration.ClientRegistrationRepository', 'org.springframework.security.oauth2.server.resource.introspection.OpaqueTokenIntrospector', 'org.springframework.security.saml2.provider.service.registration.RelyingPartyRegistrationRepository' (UserDetailsServiceAutoConfiguration.MissingAlternativeOrUserPropertiesConfigured)
      - @ConditionalOnBean (types: org.springframework.security.config.ObjectPostProcessor; SearchStrategy: all) found beans 'objectPostProcessor', 'webAuthorizationManagerPostProcessor', 'filterChainDecoratorPostProcessor', 'authenticationManagerPostProcessor'; @ConditionalOnMissingBean (types: org.springframework.security.authentication.AuthenticationManager,org.springframework.security.authentication.AuthenticationProvider,org.springframework.security.core.userdetails.UserDetailsService,org.springframework.security.authentication.AuthenticationManagerResolver,org.springframework.security.oauth2.jwt.JwtDecoder; SearchStrategy: all) did not find any beans (OnBeanCondition)


Negative matches:
-----------------

   CacheAutoConfiguration:
      Did not match:
         - @ConditionalOnBean (types: org.springframework.cache.interceptor.CacheAspectSupport; SearchStrategy: all) did not find any beans of type org.springframework.cache.interceptor.CacheAspectSupport (OnBeanCondition)
      Matched:
         - @ConditionalOnClass found required class 'org.springframework.cache.CacheManager' (OnClassCondition)

   CacheAutoConfiguration.CacheManagerEntityManagerFactoryDependsOnPostProcessor:
      Did not match:
         - Ancestor org.springframework.boot.autoconfigure.cache.CacheAutoConfiguration did not match (ConditionEvaluationReport.AncestorsMatchedCondition)
      Matched:
         - @ConditionalOnClass found required class 'org.springframework.orm.jpa.LocalContainerEntityManagerFactoryBean' (OnClassCondition)

   CacheMetricsAutoConfiguration:
      Did not match:
         - @ConditionalOnBean (types: org.springframework.cache.CacheManager; SearchStrategy: all) did not find any beans of type org.springframework.cache.CacheManager (OnBeanCondition)

   TaskExecutorConfigurations.TaskExecutorConfiguration#applicationTaskExecutorVirtualThreads:
      Did not match:
         - @ConditionalOnThreading did not find VIRTUAL (OnThreadingCondition)


Exclusions:
-----------

    None


Unconditional classes:
----------------------

    None



2026-01-25T13:53:31.357+05:30  INFO 17320 --- [SpiderSync] [File Watcher] rtingClassPathChangeChangedEventListener : Restarting due to 42 class path changes (42 additions, 0 deletions, 0 modifications)
2026-01-25T13:53:31.360+05:30  INFO 17320 --- [SpiderSync] [Thread-27] o.s.b.w.e.tomcat.GracefulShutdown        : Commencing graceful shutdown. Waiting for active requests to complete
2026-01-25T13:53:31.374+05:30  INFO 17320 --- [SpiderSync] [tomcat-shutdown] o.s.b.w.e.tomcat.GracefulShutdown        : Graceful shutdown complete
2026-01-25T13:53:31.383+05:30  INFO 17320 --- [SpiderSync] [Thread-27] j.LocalContainerEntityManagerFactoryBean : Closing JPA EntityManagerFactory for persistence unit 'default'
2026-01-25T13:53:31.384+05:30  INFO 17320 --- [SpiderSync] [Thread-27] com.zaxxer.hikari.HikariDataSource       : HikariPool-4 - Shutdown initiated...
2026-01-25T13:53:31.389+05:30  INFO 17320 --- [SpiderSync] [Thread-27] com.zaxxer.hikari.HikariDataSource       : HikariPool-4 - Shutdown completed.
2026-01-25T13:53:31.574+05:30  INFO 17320 --- [SpiderSync] [restartedMain] c.P.SpiderSync.SpiderSyncApplication     : Starting SpiderSyncApplication using Java 25.0.2 with PID 17320 (C:\Users\LOQ\SpiderSync\target\classes started by LOQ in C:\Users\LOQ\SpiderSync)
2026-01-25T13:53:31.575+05:30 DEBUG 17320 --- [SpiderSync] [restartedMain] c.P.SpiderSync.SpiderSyncApplication     : Running with Spring Boot v3.4.1, Spring v6.2.1
2026-01-25T13:53:31.575+05:30  INFO 17320 --- [SpiderSync] [restartedMain] c.P.SpiderSync.SpiderSyncApplication     : No active profile set, falling back to 1 default profile: "default"
2026-01-25T13:53:32.802+05:30  INFO 17320 --- [SpiderSync] [restartedMain] .s.d.r.c.RepositoryConfigurationDelegate : Multiple Spring Data modules found, entering strict repository configuration mode
2026-01-25T13:53:32.802+05:30  INFO 17320 --- [SpiderSync] [restartedMain] .s.d.r.c.RepositoryConfigurationDelegate : Bootstrapping Spring Data JPA repositories in DEFAULT mode.
2026-01-25T13:53:32.838+05:30  INFO 17320 --- [SpiderSync] [restartedMain] .s.d.r.c.RepositoryConfigurationDelegate : Finished Spring Data repository scanning in 34 ms. Found 4 JPA repository interfaces.
2026-01-25T13:53:32.843+05:30  INFO 17320 --- [SpiderSync] [restartedMain] .s.d.r.c.RepositoryConfigurationDelegate : Multiple Spring Data modules found, entering strict repository configuration mode
2026-01-25T13:53:32.843+05:30  INFO 17320 --- [SpiderSync] [restartedMain] .s.d.r.c.RepositoryConfigurationDelegate : Bootstrapping Spring Data Redis repositories in DEFAULT mode.
2026-01-25T13:53:32.851+05:30  INFO 17320 --- [SpiderSync] [restartedMain] .RepositoryConfigurationExtensionSupport : Spring Data Redis - Could not safely identify store assignment for repository candidate interface com.Project.SpiderSync.repositories.CrawlJobRepository; If you want this repository to be a Redis repository, consider annotating your entities with one of these annotations: org.springframework.data.redis.core.RedisHash (preferred), or consider extending one of the following types with your repository: org.springframework.data.keyvalue.repository.KeyValueRepository
2026-01-25T13:53:32.851+05:30  INFO 17320 --- [SpiderSync] [restartedMain] .RepositoryConfigurationExtensionSupport : Spring Data Redis - Could not safely identify store assignment for repository candidate interface com.Project.SpiderSync.repositories.PageRepository; If you want this repository to be a Redis repository, consider annotating your entities with one of these annotations: org.springframework.data.redis.core.RedisHash (preferred), or consider extending one of the following types with your repository: org.springframework.data.keyvalue.repository.KeyValueRepository
2026-01-25T13:53:32.852+05:30  INFO 17320 --- [SpiderSync] [restartedMain] .RepositoryConfigurationExtensionSupport : Spring Data Redis - Could not safely identify store assignment for repository candidate interface com.Project.SpiderSync.repositories.SearchQueryRepository; If you want this repository to be a Redis repository, consider annotating your entities with one of these annotations: org.springframework.data.redis.core.RedisHash (preferred), or consider extending one of the following types with your repository: org.springframework.data.keyvalue.repository.KeyValueRepository
2026-01-25T13:53:32.852+05:30  INFO 17320 --- [SpiderSync] [restartedMain] .RepositoryConfigurationExtensionSupport : Spring Data Redis - Could not safely identify store assignment for repository candidate interface com.Project.SpiderSync.repositories.UserRepository; If you want this repository to be a Redis repository, consider annotating your entities with one of these annotations: org.springframework.data.redis.core.RedisHash (preferred), or consider extending one of the following types with your repository: org.springframework.data.keyvalue.repository.KeyValueRepository
2026-01-25T13:53:32.852+05:30  INFO 17320 --- [SpiderSync] [restartedMain] .s.d.r.c.RepositoryConfigurationDelegate : Finished Spring Data repository scanning in 7 ms. Found 0 Redis repository interfaces.
2026-01-25T13:53:33.308+05:30  INFO 17320 --- [SpiderSync] [restartedMain] o.s.b.w.embedded.tomcat.TomcatWebServer  : Tomcat initialized with port 8081 (http)
2026-01-25T13:53:33.310+05:30  INFO 17320 --- [SpiderSync] [restartedMain] o.apache.catalina.core.StandardService   : Starting service [Tomcat]
2026-01-25T13:53:33.310+05:30  INFO 17320 --- [SpiderSync] [restartedMain] o.apache.catalina.core.StandardEngine    : Starting Servlet engine: [Apache Tomcat/10.1.34]
2026-01-25T13:53:33.372+05:30  INFO 17320 --- [SpiderSync] [restartedMain] o.a.c.c.C.[Tomcat-2].[localhost].[/]     : Initializing Spring embedded WebApplicationContext
2026-01-25T13:53:33.373+05:30  INFO 17320 --- [SpiderSync] [restartedMain] w.s.c.ServletWebServerApplicationContext : Root WebApplicationContext: initialization completed in 1795 ms
2026-01-25T13:53:33.588+05:30  INFO 17320 --- [SpiderSync] [restartedMain] com.zaxxer.hikari.HikariDataSource       : HikariPool-5 - Starting...
2026-01-25T13:53:33.593+05:30  INFO 17320 --- [SpiderSync] [restartedMain] com.zaxxer.hikari.pool.HikariPool        : HikariPool-5 - Added connection com.mysql.cj.jdbc.ConnectionImpl@49fc6835
2026-01-25T13:53:33.594+05:30  INFO 17320 --- [SpiderSync] [restartedMain] com.zaxxer.hikari.HikariDataSource       : HikariPool-5 - Start completed.
2026-01-25T13:53:33.599+05:30  INFO 17320 --- [SpiderSync] [restartedMain] org.flywaydb.core.FlywayExecutor         : Database: jdbc:mysql://localhost:3306/search_engine?createDatabaseIfNotExists=true&useSSL=false&serverTimezone=UTC&allowPublicKeyRetrieval=true (MySQL 8.0)
2026-01-25T13:53:33.614+05:30  INFO 17320 --- [SpiderSync] [restartedMain] o.f.core.internal.command.DbValidate     : Successfully validated 1 migration (execution time 00:00.007s)
2026-01-25T13:53:33.625+05:30  INFO 17320 --- [SpiderSync] [restartedMain] o.f.core.internal.command.DbMigrate      : Current version of schema `search_engine`: 1
2026-01-25T13:53:33.625+05:30  INFO 17320 --- [SpiderSync] [restartedMain] o.f.core.internal.command.DbMigrate      : Schema `search_engine` is up to date. No migration necessary.
2026-01-25T13:53:33.679+05:30  INFO 17320 --- [SpiderSync] [restartedMain] o.hibernate.jpa.internal.util.LogHelper  : HHH000204: Processing PersistenceUnitInfo [name: default]
2026-01-25T13:53:33.682+05:30  INFO 17320 --- [SpiderSync] [restartedMain] o.h.c.internal.RegionFactoryInitiator    : HHH000026: Second-level cache disabled
2026-01-25T13:53:33.694+05:30  INFO 17320 --- [SpiderSync] [restartedMain] o.s.o.j.p.SpringPersistenceUnitInfo      : No LoadTimeWeaver setup: ignoring JPA class transformer
2026-01-25T13:53:33.697+05:30  WARN 17320 --- [SpiderSync] [restartedMain] org.hibernate.orm.deprecation            : HHH90000025: MySQLDialect does not need to be specified explicitly using 'hibernate.dialect' (remove the property setting and it will be selected by default)
2026-01-25T13:53:33.697+05:30  INFO 17320 --- [SpiderSync] [restartedMain] org.hibernate.orm.connections.pooling    : HHH10001005: Database info:
	Database JDBC URL [Connecting through datasource 'HikariDataSource (HikariPool-5)']
	Database driver: undefined/unknown
	Database version: 8.0.44
	Autocommit mode: undefined/unknown
	Isolation level: undefined/unknown
	Minimum pool size: undefined/unknown
	Maximum pool size: undefined/unknown
2026-01-25T13:53:33.872+05:30  INFO 17320 --- [SpiderSync] [restartedMain] o.h.e.t.j.p.i.JtaPlatformInitiator       : HHH000489: No JTA platform available (set 'hibernate.transaction.jta.platform' to enable JTA platform integration)
2026-01-25T13:53:33.891+05:30  INFO 17320 --- [SpiderSync] [restartedMain] j.LocalContainerEntityManagerFactoryBean : Initialized JPA EntityManagerFactory for persistence unit 'default'
2026-01-25T13:53:34.027+05:30 DEBUG 17320 --- [SpiderSync] [restartedMain] c.P.S.security.JwtAuthenticationFilter   : Filter 'jwtAuthenticationFilter' configured for use
2026-01-25T13:53:34.027+05:30 DEBUG 17320 --- [SpiderSync] [restartedMain] o.s.w.f.ServerHttpObservationFilter      : Filter 'webMvcObservationFilter' configured for use
2026-01-25T13:53:34.027+05:30 DEBUG 17320 --- [SpiderSync] [restartedMain] c.P.S.security.RateLimitingFilter        : Filter 'rateLimitingFilter' configured for use
2026-01-25T13:53:34.163+05:30  INFO 17320 --- [SpiderSync] [restartedMain] r$InitializeUserDetailsManagerConfigurer : Global AuthenticationManager configured with UserDetailsService bean with name customUserDetailsService
2026-01-25T13:53:34.447+05:30  WARN 17320 --- [SpiderSync] [restartedMain] JpaBaseConfiguration$JpaWebConfiguration : spring.jpa.open-in-view is enabled by default. Therefore, database queries may be performed during view rendering. Explicitly configure spring.jpa.open-in-view to disable this warning
2026-01-25T13:53:34.558+05:30  INFO 17320 --- [SpiderSync] [restartedMain] o.s.b.a.w.s.WelcomePageHandlerMapping    : Adding welcome page: class path resource [static/index.html]
2026-01-25T13:53:34.604+05:30 DEBUG 17320 --- [SpiderSync] [restartedMain] s.w.s.m.m.a.RequestMappingHandlerMapping : 19 mappings in 'requestMappingHandlerMapping'
2026-01-25T13:53:34.739+05:30 DEBUG 17320 --- [SpiderSync] [restartedMain] o.s.w.s.handler.SimpleUrlHandlerMapping  : Patterns [/webjars/**, /**, /swagger-ui*/*swagger-initializer.js, /swagger-ui*/**] in 'resourceHandlerMapping'
2026-01-25T13:53:34.966+05:30  INFO 17320 --- [SpiderSync] [restartedMain] o.s.b.a.e.web.EndpointLinksResolver      : Exposing 4 endpoints beneath base path '/actuator'
2026-01-25T13:53:35.092+05:30 DEBUG 17320 --- [SpiderSync] [restartedMain] o.s.s.web.DefaultSecurityFilterChain     : Will secure any request with filters: DisableEncodeUrlFilter, WebAsyncManagerIntegrationFilter, SecurityContextHolderFilter, HeaderWriterFilter, LogoutFilter, RateLimitingFilter, JwtAuthenticationFilter, RequestCacheAwareFilter, SecurityContextHolderAwareRequestFilter, AnonymousAuthenticationFilter, SessionManagementFilter, ExceptionTranslationFilter, AuthorizationFilter
2026-01-25T13:53:35.204+05:30 DEBUG 17320 --- [SpiderSync] [restartedMain] s.w.s.m.m.a.RequestMappingHandlerAdapter : ControllerAdvice beans: 0 @ModelAttribute, 0 @InitBinder, 1 RequestBodyAdvice, 1 ResponseBodyAdvice
2026-01-25T13:53:35.242+05:30 DEBUG 17320 --- [SpiderSync] [restartedMain] .m.m.a.ExceptionHandlerExceptionResolver : ControllerAdvice beans: 1 @ExceptionHandler, 1 ResponseBodyAdvice
2026-01-25T13:53:35.902+05:30  WARN 17320 --- [SpiderSync] [restartedMain] i.m.c.i.b.cache.CaffeineCacheMetrics     : The cache 'robots-txt' is not recording statistics. No meters except 'cache.size' will be registered. Call 'Caffeine#recordStats()' prior to building the cache for metrics to be recorded.
2026-01-25T13:53:35.902+05:30  WARN 17320 --- [SpiderSync] [restartedMain] i.m.c.i.b.cache.CaffeineCacheMetrics     : The cache 'pages' is not recording statistics. No meters except 'cache.size' will be registered. Call 'Caffeine#recordStats()' prior to building the cache for metrics to be recorded.
2026-01-25T13:53:35.902+05:30  WARN 17320 --- [SpiderSync] [restartedMain] i.m.c.i.b.cache.CaffeineCacheMetrics     : The cache 'search-results' is not recording statistics. No meters except 'cache.size' will be registered. Call 'Caffeine#recordStats()' prior to building the cache for metrics to be recorded.
2026-01-25T13:53:36.624+05:30  INFO 17320 --- [SpiderSync] [restartedMain] o.s.b.d.a.OptionalLiveReloadServer       : LiveReload server is running on port 35729
2026-01-25T13:53:36.830+05:30  INFO 17320 --- [SpiderSync] [restartedMain] o.s.b.w.embedded.tomcat.TomcatWebServer  : Tomcat started on port 8081 (http) with context path '/'
2026-01-25T13:53:36.888+05:30  INFO 17320 --- [SpiderSync] [restartedMain] c.P.SpiderSync.SpiderSyncApplication     : Started SpiderSyncApplication in 5.366 seconds (process running for 1140.412)
2026-01-25T13:53:36.893+05:30  INFO 17320 --- [SpiderSync] [restartedMain] c.P.S.service.DataSeedingService         : Checking for data seeding requirements...
2026-01-25T13:53:37.096+05:30 DEBUG 17320 --- [SpiderSync] [restartedMain] org.hibernate.SQL                        : 
    select
        p1_0.id,
        p1_0.content,
        p1_0.content_hash,
        p1_0.crawl_depth,
        p1_0.created_at,
        p1_0.description,
        p1_0.keywords,
        p1_0.language,
        p1_0.last_crawled_at,
        p1_0.page_rank,
        p1_0.response_time,
        p1_0.status_code,
        p1_0.title,
        p1_0.updated_at,
        p1_0.url 
    from
        pages p1_0 
    where
        p1_0.url in (?, ?, ?, ?, ?, ?, ?, ?, ?, ?, ?, ?, ?, ?, ?, ?, ?, ?, ?)
2026-01-25T13:53:37.131+05:30  INFO 17320 --- [SpiderSync] [restartedMain] c.P.S.service.DataSeedingService         : All seed pages already exist in database.
2026-01-25T13:53:37.148+05:30 ERROR 17320 --- [SpiderSync] [restartedMain] c.P.SpiderSync.service.IndexingService   : Error checking index existence: Connection refused: getsockopt
2026-01-25T13:53:37.149+05:30  INFO 17320 --- [SpiderSync] [restartedMain] c.P.S.service.DataSeedingService         : Elasticsearch index is missing or empty. Populating from database...
2026-01-25T13:53:37.167+05:30 DEBUG 17320 --- [SpiderSync] [restartedMain] org.hibernate.SQL                        : 
    select
        p1_0.id,
        p1_0.content,
        p1_0.content_hash,
        p1_0.crawl_depth,
        p1_0.created_at,
        p1_0.description,
        p1_0.keywords,
        p1_0.language,
        p1_0.last_crawled_at,
        p1_0.page_rank,
        p1_0.response_time,
        p1_0.status_code,
        p1_0.title,
        p1_0.updated_at,
        p1_0.url 
    from
        pages p1_0
2026-01-25T13:53:37.184+05:30 ERROR 17320 --- [SpiderSync] [restartedMain] c.P.SpiderSync.service.IndexingService   : Error creating Elasticsearch index: Connection refused: getsockopt
2026-01-25T13:53:37.203+05:30 ERROR 17320 --- [SpiderSync] [restartedMain] c.P.SpiderSync.service.IndexingService   : Error in bulk indexing: Connection refused: getsockopt
2026-01-25T13:53:37.203+05:30  INFO 17320 --- [SpiderSync] [restartedMain] c.P.S.service.DataSeedingService         : Successfully indexed 19 total pages from database.
2026-01-25T13:53:37.203+05:30  INFO 17320 --- [SpiderSync] [restartedMain] c.P.S.service.DataSeedingService         : Data seeding and indexing check completed!
2026-01-25T13:53:37.207+05:30  INFO 17320 --- [SpiderSync] [restartedMain] .ConditionEvaluationDeltaLoggingListener : Condition evaluation delta:


==========================
CONDITION EVALUATION DELTA
==========================


Positive matches:
-----------------

   CacheAutoConfiguration matched:
      - @ConditionalOnClass found required class 'org.springframework.cache.CacheManager' (OnClassCondition)
      - @ConditionalOnBean (types: org.springframework.cache.interceptor.CacheAspectSupport; SearchStrategy: all) found bean 'cacheInterceptor'; @ConditionalOnMissingBean (names: cacheResolver types: org.springframework.cache.CacheManager; SearchStrategy: all) did not find any beans (OnBeanCondition)

   CacheAutoConfiguration#cacheManagerCustomizers matched:
      - @ConditionalOnMissingBean (types: org.springframework.boot.autoconfigure.cache.CacheManagerCustomizers; SearchStrategy: all) did not find any beans (OnBeanCondition)

   CacheAutoConfiguration.CacheManagerEntityManagerFactoryDependsOnPostProcessor matched:
      - @ConditionalOnClass found required class 'org.springframework.orm.jpa.LocalContainerEntityManagerFactoryBean' (OnClassCondition)
      - @ConditionalOnBean (types: org.springframework.orm.jpa.AbstractEntityManagerFactoryBean; SearchStrategy: all) found bean '&entityManagerFactory' (OnBeanCondition)

   CacheMetricsAutoConfiguration matched:
      - @ConditionalOnBean (types: org.springframework.cache.CacheManager; SearchStrategy: all) found bean 'cacheManager' (OnBeanCondition)

   CacheMetricsRegistrarConfiguration matched:
      - @ConditionalOnBean (types: org.springframework.boot.actuate.metrics.cache.CacheMeterBinderProvider,io.micrometer.core.instrument.MeterRegistry; SearchStrategy: all) found beans 'prometheusMeterRegistry', 'caffeineCacheMeterBinderProvider', 'redisCacheMeterBinderProvider' (OnBeanCondition)


Negative matches:
-----------------

   ElasticsearchClientConfigurations.ElasticsearchClientConfiguration#elasticsearchClient:
      Did not match:
         - @ConditionalOnMissingBean (types: co.elastic.clients.elasticsearch.ElasticsearchClient; SearchStrategy: all) found beans of type 'co.elastic.clients.elasticsearch.ElasticsearchClient' elasticsearchClient (OnBeanCondition)

   ElasticsearchRestClientConfigurations.RestClientConfiguration:
      Did not match:
         - @ConditionalOnMissingBean (types: org.elasticsearch.client.RestClient; SearchStrategy: all) found beans of type 'org.elasticsearch.client.RestClient' restClient (OnBeanCondition)

   ManagementWebSecurityAutoConfiguration:
      Did not match:
         - AllNestedConditions 1 matched 1 did not; NestedCondition on DefaultWebSecurityCondition.Beans @ConditionalOnMissingBean (types: org.springframework.security.web.SecurityFilterChain; SearchStrategy: all) found beans of type 'org.springframework.security.web.SecurityFilterChain' securityFilterChain; NestedCondition on DefaultWebSecurityCondition.Classes @ConditionalOnClass found required classes 'org.springframework.security.web.SecurityFilterChain', 'org.springframework.security.config.annotation.web.builders.HttpSecurity' (DefaultWebSecurityCondition)
      Matched:
         - found 'session' scope (OnWebApplicationCondition)

   RabbitAutoConfiguration.RabbitTemplateConfiguration#rabbitTemplate:
      Did not match:
         - @ConditionalOnMissingBean (types: org.springframework.amqp.rabbit.core.RabbitOperations; SearchStrategy: all) found beans of type 'org.springframework.amqp.rabbit.core.RabbitOperations' rabbitTemplate (OnBeanCondition)

   SpringBootWebSecurityConfiguration.WebSecurityEnablerConfiguration:
      Did not match:
         - @ConditionalOnMissingBean (names: springSecurityFilterChain; SearchStrategy: all) found beans named springSecurityFilterChain (OnBeanCondition)
      Matched:
         - @ConditionalOnClass found required class 'org.springframework.security.config.annotation.web.configuration.EnableWebSecurity' (OnClassCondition)

   TaskExecutorConfigurations.TaskExecutorConfiguration:
      Did not match:
         - @ConditionalOnMissingBean (types: java.util.concurrent.Executor; SearchStrategy: all) found beans of type 'java.util.concurrent.Executor' crawlerExecutor (OnBeanCondition)

   UserDetailsServiceAutoConfiguration:
      Did not match:
         - @ConditionalOnMissingBean (types: org.springframework.security.authentication.AuthenticationManager,org.springframework.security.authentication.AuthenticationProvider,org.springframework.security.core.userdetails.UserDetailsService,org.springframework.security.authentication.AuthenticationManagerResolver,org.springframework.security.oauth2.jwt.JwtDecoder; SearchStrategy: all) found beans of type 'org.springframework.security.authentication.AuthenticationManager' authenticationManager and found beans of type 'org.springframework.security.core.userdetails.UserDetailsService' customUserDetailsService (OnBeanCondition)
      Matched:
         - @ConditionalOnClass found required class 'org.springframework.security.authentication.AuthenticationManager' (OnClassCondition)
         - found 'session' scope (OnWebApplicationCondition)
         - AnyNestedCondition 1 matched 2 did not; NestedCondition on UserDetailsServiceAutoConfiguration.MissingAlternativeOrUserPropertiesConfigured.PasswordConfigured @ConditionalOnProperty (spring.security.user.password) did not find property 'password'; NestedCondition on UserDetailsServiceAutoConfiguration.MissingAlternativeOrUserPropertiesConfigured.NameConfigured @ConditionalOnProperty (spring.security.user.name) did not find property 'name'; NestedCondition on UserDetailsServiceAutoConfiguration.MissingAlternativeOrUserPropertiesConfigured.MissingAlternative @ConditionalOnMissingClass did not find unwanted classes 'org.springframework.security.oauth2.client.registration.ClientRegistrationRepository', 'org.springframework.security.oauth2.server.resource.introspection.OpaqueTokenIntrospector', 'org.springframework.security.saml2.provider.service.registration.RelyingPartyRegistrationRepository' (UserDetailsServiceAutoConfiguration.MissingAlternativeOrUserPropertiesConfigured)


Exclusions:
-----------

    None


Unconditional classes:
----------------------

    None



2026-01-25T13:53:41.783+05:30  INFO 17320 --- [SpiderSync] [File Watcher] rtingClassPathChangeChangedEventListener : Restarting due to 48 class path changes (0 additions, 6 deletions, 42 modifications)
2026-01-25T13:53:41.786+05:30  INFO 17320 --- [SpiderSync] [Thread-31] o.s.b.w.e.tomcat.GracefulShutdown        : Commencing graceful shutdown. Waiting for active requests to complete
2026-01-25T13:53:41.795+05:30  INFO 17320 --- [SpiderSync] [tomcat-shutdown] o.s.b.w.e.tomcat.GracefulShutdown        : Graceful shutdown complete
2026-01-25T13:53:41.806+05:30  INFO 17320 --- [SpiderSync] [Thread-31] j.LocalContainerEntityManagerFactoryBean : Closing JPA EntityManagerFactory for persistence unit 'default'
2026-01-25T13:53:41.807+05:30  INFO 17320 --- [SpiderSync] [Thread-31] com.zaxxer.hikari.HikariDataSource       : HikariPool-5 - Shutdown initiated...
2026-01-25T13:53:41.811+05:30  INFO 17320 --- [SpiderSync] [Thread-31] com.zaxxer.hikari.HikariDataSource       : HikariPool-5 - Shutdown completed.
2026-01-25T13:53:41.976+05:30  INFO 17320 --- [SpiderSync] [restartedMain] c.P.SpiderSync.SpiderSyncApplication     : Starting SpiderSyncApplication using Java 25.0.2 with PID 17320 (C:\Users\LOQ\SpiderSync\target\classes started by LOQ in C:\Users\LOQ\SpiderSync)
2026-01-25T13:53:41.976+05:30 DEBUG 17320 --- [SpiderSync] [restartedMain] c.P.SpiderSync.SpiderSyncApplication     : Running with Spring Boot v3.4.1, Spring v6.2.1
2026-01-25T13:53:41.976+05:30  INFO 17320 --- [SpiderSync] [restartedMain] c.P.SpiderSync.SpiderSyncApplication     : No active profile set, falling back to 1 default profile: "default"
2026-01-25T13:53:42.591+05:30  WARN 17320 --- [SpiderSync] [restartedMain] ConfigServletWebServerApplicationContext : Exception encountered during context initialization - cancelling refresh attempt: java.lang.IllegalStateException: Error processing condition on org.springframework.boot.autoconfigure.context.PropertyPlaceholderAutoConfiguration.propertySourcesPlaceholderConfigurer
2026-01-25T13:53:42.595+05:30  INFO 17320 --- [SpiderSync] [restartedMain] .s.b.a.l.ConditionEvaluationReportLogger : 

Error starting ApplicationContext. To display the condition evaluation report re-run your application with 'debug' enabled.
2026-01-25T13:53:42.599+05:30 ERROR 17320 --- [SpiderSync] [restartedMain] o.s.boot.SpringApplication               : Application run failed

java.lang.IllegalStateException: Error processing condition on org.springframework.boot.autoconfigure.context.PropertyPlaceholderAutoConfiguration.propertySourcesPlaceholderConfigurer
	at org.springframework.boot.autoconfigure.condition.SpringBootCondition.matches(SpringBootCondition.java:60) ~[spring-boot-autoconfigure-3.4.1.jar:3.4.1]
	at org.springframework.context.annotation.ConditionEvaluator.shouldSkip(ConditionEvaluator.java:99) ~[spring-context-6.2.1.jar:6.2.1]
	at org.springframework.context.annotation.ConfigurationClassBeanDefinitionReader.loadBeanDefinitionsForBeanMethod(ConfigurationClassBeanDefinitionReader.java:184) ~[spring-context-6.2.1.jar:6.2.1]
	at org.springframework.context.annotation.ConfigurationClassBeanDefinitionReader.loadBeanDefinitionsForConfigurationClass(ConfigurationClassBeanDefinitionReader.java:145) ~[spring-context-6.2.1.jar:6.2.1]
	at org.springframework.context.annotation.ConfigurationClassBeanDefinitionReader.loadBeanDefinitions(ConfigurationClassBeanDefinitionReader.java:121) ~[spring-context-6.2.1.jar:6.2.1]
	at org.springframework.context.annotation.ConfigurationClassPostProcessor.processConfigBeanDefinitions(ConfigurationClassPostProcessor.java:430) ~[spring-context-6.2.1.jar:6.2.1]
	at org.springframework.context.annotation.ConfigurationClassPostProcessor.postProcessBeanDefinitionRegistry(ConfigurationClassPostProcessor.java:290) ~[spring-context-6.2.1.jar:6.2.1]
	at org.springframework.context.support.PostProcessorRegistrationDelegate.invokeBeanDefinitionRegistryPostProcessors(PostProcessorRegistrationDelegate.java:349) ~[spring-context-6.2.1.jar:6.2.1]
	at org.springframework.context.support.PostProcessorRegistrationDelegate.invokeBeanFactoryPostProcessors(PostProcessorRegistrationDelegate.java:118) ~[spring-context-6.2.1.jar:6.2.1]
	at org.springframework.context.support.AbstractApplicationContext.invokeBeanFactoryPostProcessors(AbstractApplicationContext.java:791) ~[spring-context-6.2.1.jar:6.2.1]
	at org.springframework.context.support.AbstractApplicationContext.refresh(AbstractApplicationContext.java:609) ~[spring-context-6.2.1.jar:6.2.1]
	at org.springframework.boot.web.servlet.context.ServletWebServerApplicationContext.refresh(ServletWebServerApplicationContext.java:146) ~[spring-boot-3.4.1.jar:3.4.1]
	at org.springframework.boot.SpringApplication.refresh(SpringApplication.java:752) ~[spring-boot-3.4.1.jar:3.4.1]
	at org.springframework.boot.SpringApplication.refreshContext(SpringApplication.java:439) ~[spring-boot-3.4.1.jar:3.4.1]
	at org.springframework.boot.SpringApplication.run(SpringApplication.java:318) ~[spring-boot-3.4.1.jar:3.4.1]
	at org.springframework.boot.SpringApplication.run(SpringApplication.java:1361) ~[spring-boot-3.4.1.jar:3.4.1]
	at org.springframework.boot.SpringApplication.run(SpringApplication.java:1350) ~[spring-boot-3.4.1.jar:3.4.1]
	at com.Project.SpiderSync.SpiderSyncApplication.main(SpiderSyncApplication.java:10) ~[classes/:na]
	at java.base/jdk.internal.reflect.DirectMethodHandleAccessor.invoke(DirectMethodHandleAccessor.java:104) ~[na:na]
	at java.base/java.lang.reflect.Method.invoke(Method.java:565) ~[na:na]
	at org.springframework.boot.devtools.restart.RestartLauncher.run(RestartLauncher.java:50) ~[spring-boot-devtools-3.4.1.jar:3.4.1]
Caused by: java.lang.IllegalStateException: Failed to introspect Class [com.Project.SpiderSync.service.DataSeedingService] from ClassLoader [org.springframework.boot.devtools.restart.classloader.RestartClassLoader@55248fef]
	at org.springframework.util.ReflectionUtils.getDeclaredMethods(ReflectionUtils.java:483) ~[spring-core-6.2.1.jar:6.2.1]
	at org.springframework.util.ReflectionUtils.doWithMethods(ReflectionUtils.java:360) ~[spring-core-6.2.1.jar:6.2.1]
	at org.springframework.util.ReflectionUtils.getUniqueDeclaredMethods(ReflectionUtils.java:417) ~[spring-core-6.2.1.jar:6.2.1]
	at org.springframework.beans.factory.support.AbstractAutowireCapableBeanFactory.lambda$getTypeForFactoryMethod$1(AbstractAutowireCapableBeanFactory.java:751) ~[spring-beans-6.2.1.jar:6.2.1]
	at java.base/java.util.concurrent.ConcurrentHashMap.computeIfAbsent(ConcurrentHashMap.java:1724) ~[na:na]
	at org.springframework.beans.factory.support.AbstractAutowireCapableBeanFactory.getTypeForFactoryMethod(AbstractAutowireCapableBeanFactory.java:750) ~[spring-beans-6.2.1.jar:6.2.1]
	at org.springframework.beans.factory.support.AbstractAutowireCapableBeanFactory.determineTargetType(AbstractAutowireCapableBeanFactory.java:683) ~[spring-beans-6.2.1.jar:6.2.1]
	at org.springframework.beans.factory.support.AbstractAutowireCapableBeanFactory.predictBeanType(AbstractAutowireCapableBeanFactory.java:654) ~[spring-beans-6.2.1.jar:6.2.1]
	at org.springframework.beans.factory.support.AbstractBeanFactory.isFactoryBean(AbstractBeanFactory.java:1683) ~[spring-beans-6.2.1.jar:6.2.1]
	at org.springframework.beans.factory.support.DefaultListableBeanFactory.doGetBeanNamesForType(DefaultListableBeanFactory.java:592) ~[spring-beans-6.2.1.jar:6.2.1]
	at org.springframework.beans.factory.support.DefaultListableBeanFactory.getBeanNamesForType(DefaultListableBeanFactory.java:564) ~[spring-beans-6.2.1.jar:6.2.1]
	at org.springframework.boot.autoconfigure.condition.OnBeanCondition.collectBeanDefinitionsForType(OnBeanCondition.java:332) ~[spring-boot-autoconfigure-3.4.1.jar:3.4.1]
	at org.springframework.boot.autoconfigure.condition.OnBeanCondition.getBeanDefinitionsForType(OnBeanCondition.java:324) ~[spring-boot-autoconfigure-3.4.1.jar:3.4.1]
	at org.springframework.boot.autoconfigure.condition.OnBeanCondition.getBeanDefinitionsForType(OnBeanCondition.java:314) ~[spring-boot-autoconfigure-3.4.1.jar:3.4.1]
	at org.springframework.boot.autoconfigure.condition.OnBeanCondition.getMatchingBeans(OnBeanCondition.java:213) ~[spring-boot-autoconfigure-3.4.1.jar:3.4.1]
	at org.springframework.boot.autoconfigure.condition.OnBeanCondition.evaluateConditionalOnMissingBean(OnBeanCondition.java:196) ~[spring-boot-autoconfigure-3.4.1.jar:3.4.1]
	at org.springframework.boot.autoconfigure.condition.OnBeanCondition.getMatchOutcome(OnBeanCondition.java:143) ~[spring-boot-autoconfigure-3.4.1.jar:3.4.1]
	at org.springframework.boot.autoconfigure.condition.SpringBootCondition.matches(SpringBootCondition.java:47) ~[spring-boot-autoconfigure-3.4.1.jar:3.4.1]
	... 20 common frames omitted
Caused by: java.lang.NoClassDefFoundError: PageRepository
	at java.base/java.lang.Class.getDeclaredMethods0(Native Method) ~[na:na]
	at java.base/java.lang.Class.privateGetDeclaredMethods(Class.java:3010) ~[na:na]
	at java.base/java.lang.Class.getDeclaredMethods(Class.java:2329) ~[na:na]
	at org.springframework.util.ReflectionUtils.getDeclaredMethods(ReflectionUtils.java:465) ~[spring-core-6.2.1.jar:6.2.1]
	... 37 common frames omitted
Caused by: java.lang.ClassNotFoundException: PageRepository
	at java.base/jdk.internal.loader.BuiltinClassLoader.loadClass(BuiltinClassLoader.java:580) ~[na:na]
	at java.base/java.lang.ClassLoader.loadClass(ClassLoader.java:490) ~[na:na]
	at java.base/java.lang.Class.forName0(Native Method) ~[na:na]
	at java.base/java.lang.Class.forName(Class.java:547) ~[na:na]
	at org.springframework.boot.devtools.restart.classloader.RestartClassLoader.loadClass(RestartClassLoader.java:121) ~[spring-boot-devtools-3.4.1.jar:3.4.1]
	at java.base/java.lang.ClassLoader.loadClass(ClassLoader.java:490) ~[na:na]
	... 41 common frames omitted

2026-01-25T13:53:51.763+05:30  INFO 17320 --- [SpiderSync] [restartedMain] c.P.SpiderSync.SpiderSyncApplication     : Starting SpiderSyncApplication using Java 25.0.2 with PID 17320 (C:\Users\LOQ\SpiderSync\target\classes started by LOQ in C:\Users\LOQ\SpiderSync)
2026-01-25T13:53:51.763+05:30 DEBUG 17320 --- [SpiderSync] [restartedMain] c.P.SpiderSync.SpiderSyncApplication     : Running with Spring Boot v3.4.1, Spring v6.2.1
2026-01-25T13:53:51.763+05:30  INFO 17320 --- [SpiderSync] [restartedMain] c.P.SpiderSync.SpiderSyncApplication     : No active profile set, falling back to 1 default profile: "default"
2026-01-25T13:53:52.349+05:30  INFO 17320 --- [SpiderSync] [restartedMain] .s.d.r.c.RepositoryConfigurationDelegate : Multiple Spring Data modules found, entering strict repository configuration mode
2026-01-25T13:53:52.351+05:30  INFO 17320 --- [SpiderSync] [restartedMain] .s.d.r.c.RepositoryConfigurationDelegate : Bootstrapping Spring Data JPA repositories in DEFAULT mode.
2026-01-25T13:53:52.353+05:30  INFO 17320 --- [SpiderSync] [restartedMain] .s.d.r.c.RepositoryConfigurationDelegate : Finished Spring Data repository scanning in 0 ms. Found 0 JPA repository interfaces.
2026-01-25T13:53:52.363+05:30  INFO 17320 --- [SpiderSync] [restartedMain] .s.d.r.c.RepositoryConfigurationDelegate : Multiple Spring Data modules found, entering strict repository configuration mode
2026-01-25T13:53:52.363+05:30  INFO 17320 --- [SpiderSync] [restartedMain] .s.d.r.c.RepositoryConfigurationDelegate : Bootstrapping Spring Data Redis repositories in DEFAULT mode.
2026-01-25T13:53:52.366+05:30  INFO 17320 --- [SpiderSync] [restartedMain] .s.d.r.c.RepositoryConfigurationDelegate : Finished Spring Data repository scanning in 1 ms. Found 0 Redis repository interfaces.
2026-01-25T13:53:52.667+05:30  INFO 17320 --- [SpiderSync] [restartedMain] o.s.b.w.embedded.tomcat.TomcatWebServer  : Tomcat initialized with port 8081 (http)
2026-01-25T13:53:52.668+05:30  INFO 17320 --- [SpiderSync] [restartedMain] o.apache.catalina.core.StandardService   : Starting service [Tomcat]
2026-01-25T13:53:52.668+05:30  INFO 17320 --- [SpiderSync] [restartedMain] o.apache.catalina.core.StandardEngine    : Starting Servlet engine: [Apache Tomcat/10.1.34]
2026-01-25T13:53:52.734+05:30  INFO 17320 --- [SpiderSync] [restartedMain] o.a.c.c.C.[Tomcat-2].[localhost].[/]     : Initializing Spring embedded WebApplicationContext
2026-01-25T13:53:52.735+05:30  INFO 17320 --- [SpiderSync] [restartedMain] w.s.c.ServletWebServerApplicationContext : Root WebApplicationContext: initialization completed in 969 ms
2026-01-25T13:53:52.854+05:30 DEBUG 17320 --- [SpiderSync] [restartedMain] o.s.w.f.ServerHttpObservationFilter      : Filter 'webMvcObservationFilter' configured for use
2026-01-25T13:53:52.921+05:30  INFO 17320 --- [SpiderSync] [restartedMain] com.zaxxer.hikari.HikariDataSource       : HikariPool-6 - Starting...
2026-01-25T13:53:52.928+05:30  INFO 17320 --- [SpiderSync] [restartedMain] com.zaxxer.hikari.pool.HikariPool        : HikariPool-6 - Added connection com.mysql.cj.jdbc.ConnectionImpl@6e33f6ad
2026-01-25T13:53:52.928+05:30  INFO 17320 --- [SpiderSync] [restartedMain] com.zaxxer.hikari.HikariDataSource       : HikariPool-6 - Start completed.
2026-01-25T13:53:52.934+05:30  INFO 17320 --- [SpiderSync] [restartedMain] org.flywaydb.core.FlywayExecutor         : Database: jdbc:mysql://localhost:3306/search_engine?createDatabaseIfNotExists=true&useSSL=false&serverTimezone=UTC&allowPublicKeyRetrieval=true (MySQL 8.0)
2026-01-25T13:53:52.956+05:30  INFO 17320 --- [SpiderSync] [restartedMain] o.f.core.internal.command.DbValidate     : Successfully validated 1 migration (execution time 00:00.013s)
2026-01-25T13:53:52.972+05:30  INFO 17320 --- [SpiderSync] [restartedMain] o.f.core.internal.command.DbMigrate      : Current version of schema `search_engine`: 1
2026-01-25T13:53:52.974+05:30  INFO 17320 --- [SpiderSync] [restartedMain] o.f.core.internal.command.DbMigrate      : Schema `search_engine` is up to date. No migration necessary.
2026-01-25T13:53:53.036+05:30  INFO 17320 --- [SpiderSync] [restartedMain] o.hibernate.jpa.internal.util.LogHelper  : HHH000204: Processing PersistenceUnitInfo [name: default]
2026-01-25T13:53:53.040+05:30  INFO 17320 --- [SpiderSync] [restartedMain] o.h.c.internal.RegionFactoryInitiator    : HHH000026: Second-level cache disabled
2026-01-25T13:53:53.057+05:30  INFO 17320 --- [SpiderSync] [restartedMain] o.s.o.j.p.SpringPersistenceUnitInfo      : No LoadTimeWeaver setup: ignoring JPA class transformer
2026-01-25T13:53:53.062+05:30  WARN 17320 --- [SpiderSync] [restartedMain] org.hibernate.orm.deprecation            : HHH90000025: MySQLDialect does not need to be specified explicitly using 'hibernate.dialect' (remove the property setting and it will be selected by default)
2026-01-25T13:53:53.063+05:30  INFO 17320 --- [SpiderSync] [restartedMain] org.hibernate.orm.connections.pooling    : HHH10001005: Database info:
	Database JDBC URL [Connecting through datasource 'HikariDataSource (HikariPool-6)']
	Database driver: undefined/unknown
	Database version: 8.0.44
	Autocommit mode: undefined/unknown
	Isolation level: undefined/unknown
	Minimum pool size: undefined/unknown
	Maximum pool size: undefined/unknown
2026-01-25T13:53:53.097+05:30  INFO 17320 --- [SpiderSync] [restartedMain] o.h.e.t.j.p.i.JtaPlatformInitiator       : HHH000489: No JTA platform available (set 'hibernate.transaction.jta.platform' to enable JTA platform integration)
2026-01-25T13:53:53.097+05:30  INFO 17320 --- [SpiderSync] [restartedMain] j.LocalContainerEntityManagerFactoryBean : Initialized JPA EntityManagerFactory for persistence unit 'default'
2026-01-25T13:53:53.266+05:30  WARN 17320 --- [SpiderSync] [restartedMain] JpaBaseConfiguration$JpaWebConfiguration : spring.jpa.open-in-view is enabled by default. Therefore, database queries may be performed during view rendering. Explicitly configure spring.jpa.open-in-view to disable this warning
2026-01-25T13:53:53.329+05:30  INFO 17320 --- [SpiderSync] [restartedMain] o.s.b.a.w.s.WelcomePageHandlerMapping    : Adding welcome page: class path resource [static/index.html]
2026-01-25T13:53:53.389+05:30 DEBUG 17320 --- [SpiderSync] [restartedMain] s.w.s.m.m.a.RequestMappingHandlerMapping : 6 mappings in 'requestMappingHandlerMapping'
2026-01-25T13:53:53.545+05:30 DEBUG 17320 --- [SpiderSync] [restartedMain] o.s.w.s.handler.SimpleUrlHandlerMapping  : Patterns [/webjars/**, /**, /swagger-ui*/*swagger-initializer.js, /swagger-ui*/**] in 'resourceHandlerMapping'
2026-01-25T13:53:53.588+05:30 DEBUG 17320 --- [SpiderSync] [restartedMain] s.w.s.m.m.a.RequestMappingHandlerAdapter : ControllerAdvice beans: 0 @ModelAttribute, 0 @InitBinder, 1 RequestBodyAdvice, 1 ResponseBodyAdvice
2026-01-25T13:53:53.633+05:30 DEBUG 17320 --- [SpiderSync] [restartedMain] .m.m.a.ExceptionHandlerExceptionResolver : ControllerAdvice beans: 1 @ExceptionHandler, 1 ResponseBodyAdvice
2026-01-25T13:53:54.296+05:30  WARN 17320 --- [SpiderSync] [restartedMain] .s.s.UserDetailsServiceAutoConfiguration : 

Using generated security password: 7e886c67-f171-4f7a-9629-c2a1639f5add

This generated password is for development use only. Your security configuration must be updated before running your application in production.

2026-01-25T13:53:54.303+05:30  INFO 17320 --- [SpiderSync] [restartedMain] r$InitializeUserDetailsManagerConfigurer : Global AuthenticationManager configured with UserDetailsService bean with name inMemoryUserDetailsManager
2026-01-25T13:53:54.379+05:30  INFO 17320 --- [SpiderSync] [restartedMain] o.s.b.a.e.web.EndpointLinksResolver      : Exposing 4 endpoints beneath base path '/actuator'
2026-01-25T13:53:54.409+05:30 DEBUG 17320 --- [SpiderSync] [restartedMain] o.s.s.web.DefaultSecurityFilterChain     : Will secure any request with filters: DisableEncodeUrlFilter, WebAsyncManagerIntegrationFilter, SecurityContextHolderFilter, HeaderWriterFilter, CorsFilter, CsrfFilter, LogoutFilter, UsernamePasswordAuthenticationFilter, DefaultResourcesFilter, DefaultLoginPageGeneratingFilter, DefaultLogoutPageGeneratingFilter, BasicAuthenticationFilter, RequestCacheAwareFilter, SecurityContextHolderAwareRequestFilter, AnonymousAuthenticationFilter, ExceptionTranslationFilter, AuthorizationFilter
2026-01-25T13:53:54.654+05:30  INFO 17320 --- [SpiderSync] [restartedMain] o.s.b.d.a.OptionalLiveReloadServer       : LiveReload server is running on port 35729
2026-01-25T13:53:54.692+05:30  INFO 17320 --- [SpiderSync] [restartedMain] o.s.b.w.embedded.tomcat.TomcatWebServer  : Tomcat started on port 8081 (http) with context path '/'
2026-01-25T13:53:54.705+05:30  INFO 17320 --- [SpiderSync] [restartedMain] c.P.SpiderSync.SpiderSyncApplication     : Started SpiderSyncApplication in 2.976 seconds (process running for 1158.229)
2026-01-25T13:53:54.711+05:30  INFO 17320 --- [SpiderSync] [restartedMain] .ConditionEvaluationDeltaLoggingListener : Condition evaluation delta:


==========================
CONDITION EVALUATION DELTA
==========================


Positive matches:
-----------------

   ElasticsearchClientConfigurations.ElasticsearchClientConfiguration#elasticsearchClient matched:
      - @ConditionalOnMissingBean (types: co.elastic.clients.elasticsearch.ElasticsearchClient; SearchStrategy: all) did not find any beans (OnBeanCondition)

   ElasticsearchRestClientConfigurations.RestClientConfiguration matched:
      - @ConditionalOnMissingBean (types: org.elasticsearch.client.RestClient; SearchStrategy: all) did not find any beans (OnBeanCondition)

   ManagementWebSecurityAutoConfiguration matched:
      - found 'session' scope (OnWebApplicationCondition)
      - AllNestedConditions 2 matched 0 did not; NestedCondition on DefaultWebSecurityCondition.Beans @ConditionalOnMissingBean (types: org.springframework.security.web.SecurityFilterChain; SearchStrategy: all) did not find any beans; NestedCondition on DefaultWebSecurityCondition.Classes @ConditionalOnClass found required classes 'org.springframework.security.web.SecurityFilterChain', 'org.springframework.security.config.annotation.web.builders.HttpSecurity' (DefaultWebSecurityCondition)

   RabbitAutoConfiguration.RabbitTemplateConfiguration#rabbitTemplate matched:
      - @ConditionalOnSingleCandidate (types: org.springframework.amqp.rabbit.connection.ConnectionFactory; SearchStrategy: all) found a single bean 'rabbitConnectionFactory'; @ConditionalOnMissingBean (types: org.springframework.amqp.rabbit.core.RabbitOperations; SearchStrategy: all) did not find any beans (OnBeanCondition)

   SpringBootWebSecurityConfiguration.WebSecurityEnablerConfiguration matched:
      - @ConditionalOnClass found required class 'org.springframework.security.config.annotation.web.configuration.EnableWebSecurity' (OnClassCondition)
      - @ConditionalOnMissingBean (names: springSecurityFilterChain; SearchStrategy: all) did not find any beans (OnBeanCondition)

   TaskExecutorConfigurations.TaskExecutorConfiguration matched:
      - @ConditionalOnMissingBean (types: java.util.concurrent.Executor; SearchStrategy: all) did not find any beans (OnBeanCondition)

   TaskExecutorConfigurations.TaskExecutorConfiguration#applicationTaskExecutor matched:
      - @ConditionalOnThreading found PLATFORM (OnThreadingCondition)

   UserDetailsServiceAutoConfiguration matched:
      - @ConditionalOnClass found required class 'org.springframework.security.authentication.AuthenticationManager' (OnClassCondition)
      - found 'session' scope (OnWebApplicationCondition)
      - AnyNestedCondition 1 matched 2 did not; NestedCondition on UserDetailsServiceAutoConfiguration.MissingAlternativeOrUserPropertiesConfigured.PasswordConfigured @ConditionalOnProperty (spring.security.user.password) did not find property 'password'; NestedCondition on UserDetailsServiceAutoConfiguration.MissingAlternativeOrUserPropertiesConfigured.NameConfigured @ConditionalOnProperty (spring.security.user.name) did not find property 'name'; NestedCondition on UserDetailsServiceAutoConfiguration.MissingAlternativeOrUserPropertiesConfigured.MissingAlternative @ConditionalOnMissingClass did not find unwanted classes 'org.springframework.security.oauth2.client.registration.ClientRegistrationRepository', 'org.springframework.security.oauth2.server.resource.introspection.OpaqueTokenIntrospector', 'org.springframework.security.saml2.provider.service.registration.RelyingPartyRegistrationRepository' (UserDetailsServiceAutoConfiguration.MissingAlternativeOrUserPropertiesConfigured)
      - @ConditionalOnBean (types: org.springframework.security.config.ObjectPostProcessor; SearchStrategy: all) found beans 'objectPostProcessor', 'webAuthorizationManagerPostProcessor', 'filterChainDecoratorPostProcessor', 'authenticationManagerPostProcessor'; @ConditionalOnMissingBean (types: org.springframework.security.authentication.AuthenticationManager,org.springframework.security.authentication.AuthenticationProvider,org.springframework.security.core.userdetails.UserDetailsService,org.springframework.security.authentication.AuthenticationManagerResolver,org.springframework.security.oauth2.jwt.JwtDecoder; SearchStrategy: all) did not find any beans (OnBeanCondition)


Negative matches:
-----------------

   CacheAutoConfiguration:
      Did not match:
         - @ConditionalOnBean (types: org.springframework.cache.interceptor.CacheAspectSupport; SearchStrategy: all) did not find any beans of type org.springframework.cache.interceptor.CacheAspectSupport (OnBeanCondition)
      Matched:
         - @ConditionalOnClass found required class 'org.springframework.cache.CacheManager' (OnClassCondition)

   CacheAutoConfiguration.CacheManagerEntityManagerFactoryDependsOnPostProcessor:
      Did not match:
         - Ancestor org.springframework.boot.autoconfigure.cache.CacheAutoConfiguration did not match (ConditionEvaluationReport.AncestorsMatchedCondition)
      Matched:
         - @ConditionalOnClass found required class 'org.springframework.orm.jpa.LocalContainerEntityManagerFactoryBean' (OnClassCondition)

   CacheMetricsAutoConfiguration:
      Did not match:
         - @ConditionalOnBean (types: org.springframework.cache.CacheManager; SearchStrategy: all) did not find any beans of type org.springframework.cache.CacheManager (OnBeanCondition)

   TaskExecutorConfigurations.TaskExecutorConfiguration#applicationTaskExecutorVirtualThreads:
      Did not match:
         - @ConditionalOnThreading did not find VIRTUAL (OnThreadingCondition)


Exclusions:
-----------

    None


Unconditional classes:
----------------------

    None



2026-01-25T13:53:56.082+05:30  INFO 17320 --- [SpiderSync] [File Watcher] rtingClassPathChangeChangedEventListener : Restarting due to 42 class path changes (42 additions, 0 deletions, 0 modifications)
2026-01-25T13:53:56.084+05:30  INFO 17320 --- [SpiderSync] [Thread-35] o.s.b.w.e.tomcat.GracefulShutdown        : Commencing graceful shutdown. Waiting for active requests to complete
2026-01-25T13:53:56.093+05:30  INFO 17320 --- [SpiderSync] [tomcat-shutdown] o.s.b.w.e.tomcat.GracefulShutdown        : Graceful shutdown complete
2026-01-25T13:53:56.101+05:30  INFO 17320 --- [SpiderSync] [Thread-35] j.LocalContainerEntityManagerFactoryBean : Closing JPA EntityManagerFactory for persistence unit 'default'
2026-01-25T13:53:56.102+05:30  INFO 17320 --- [SpiderSync] [Thread-35] com.zaxxer.hikari.HikariDataSource       : HikariPool-6 - Shutdown initiated...
2026-01-25T13:53:56.107+05:30  INFO 17320 --- [SpiderSync] [Thread-35] com.zaxxer.hikari.HikariDataSource       : HikariPool-6 - Shutdown completed.
2026-01-25T13:53:56.263+05:30  INFO 17320 --- [SpiderSync] [restartedMain] c.P.SpiderSync.SpiderSyncApplication     : Starting SpiderSyncApplication using Java 25.0.2 with PID 17320 (C:\Users\LOQ\SpiderSync\target\classes started by LOQ in C:\Users\LOQ\SpiderSync)
2026-01-25T13:53:56.264+05:30 DEBUG 17320 --- [SpiderSync] [restartedMain] c.P.SpiderSync.SpiderSyncApplication     : Running with Spring Boot v3.4.1, Spring v6.2.1
2026-01-25T13:53:56.264+05:30  INFO 17320 --- [SpiderSync] [restartedMain] c.P.SpiderSync.SpiderSyncApplication     : No active profile set, falling back to 1 default profile: "default"
2026-01-25T13:53:57.519+05:30  INFO 17320 --- [SpiderSync] [restartedMain] .s.d.r.c.RepositoryConfigurationDelegate : Multiple Spring Data modules found, entering strict repository configuration mode
2026-01-25T13:53:57.520+05:30  INFO 17320 --- [SpiderSync] [restartedMain] .s.d.r.c.RepositoryConfigurationDelegate : Bootstrapping Spring Data JPA repositories in DEFAULT mode.
2026-01-25T13:53:57.547+05:30  INFO 17320 --- [SpiderSync] [restartedMain] .s.d.r.c.RepositoryConfigurationDelegate : Finished Spring Data repository scanning in 24 ms. Found 4 JPA repository interfaces.
2026-01-25T13:53:57.552+05:30  INFO 17320 --- [SpiderSync] [restartedMain] .s.d.r.c.RepositoryConfigurationDelegate : Multiple Spring Data modules found, entering strict repository configuration mode
2026-01-25T13:53:57.552+05:30  INFO 17320 --- [SpiderSync] [restartedMain] .s.d.r.c.RepositoryConfigurationDelegate : Bootstrapping Spring Data Redis repositories in DEFAULT mode.
2026-01-25T13:53:57.559+05:30  INFO 17320 --- [SpiderSync] [restartedMain] .RepositoryConfigurationExtensionSupport : Spring Data Redis - Could not safely identify store assignment for repository candidate interface com.Project.SpiderSync.repositories.CrawlJobRepository; If you want this repository to be a Redis repository, consider annotating your entities with one of these annotations: org.springframework.data.redis.core.RedisHash (preferred), or consider extending one of the following types with your repository: org.springframework.data.keyvalue.repository.KeyValueRepository
2026-01-25T13:53:57.560+05:30  INFO 17320 --- [SpiderSync] [restartedMain] .RepositoryConfigurationExtensionSupport : Spring Data Redis - Could not safely identify store assignment for repository candidate interface com.Project.SpiderSync.repositories.PageRepository; If you want this repository to be a Redis repository, consider annotating your entities with one of these annotations: org.springframework.data.redis.core.RedisHash (preferred), or consider extending one of the following types with your repository: org.springframework.data.keyvalue.repository.KeyValueRepository
2026-01-25T13:53:57.560+05:30  INFO 17320 --- [SpiderSync] [restartedMain] .RepositoryConfigurationExtensionSupport : Spring Data Redis - Could not safely identify store assignment for repository candidate interface com.Project.SpiderSync.repositories.SearchQueryRepository; If you want this repository to be a Redis repository, consider annotating your entities with one of these annotations: org.springframework.data.redis.core.RedisHash (preferred), or consider extending one of the following types with your repository: org.springframework.data.keyvalue.repository.KeyValueRepository
2026-01-25T13:53:57.560+05:30  INFO 17320 --- [SpiderSync] [restartedMain] .RepositoryConfigurationExtensionSupport : Spring Data Redis - Could not safely identify store assignment for repository candidate interface com.Project.SpiderSync.repositories.UserRepository; If you want this repository to be a Redis repository, consider annotating your entities with one of these annotations: org.springframework.data.redis.core.RedisHash (preferred), or consider extending one of the following types with your repository: org.springframework.data.keyvalue.repository.KeyValueRepository
2026-01-25T13:53:57.560+05:30  INFO 17320 --- [SpiderSync] [restartedMain] .s.d.r.c.RepositoryConfigurationDelegate : Finished Spring Data repository scanning in 6 ms. Found 0 Redis repository interfaces.
2026-01-25T13:53:58.132+05:30  INFO 17320 --- [SpiderSync] [restartedMain] o.s.b.w.embedded.tomcat.TomcatWebServer  : Tomcat initialized with port 8081 (http)
2026-01-25T13:53:58.134+05:30  INFO 17320 --- [SpiderSync] [restartedMain] o.apache.catalina.core.StandardService   : Starting service [Tomcat]
2026-01-25T13:53:58.135+05:30  INFO 17320 --- [SpiderSync] [restartedMain] o.apache.catalina.core.StandardEngine    : Starting Servlet engine: [Apache Tomcat/10.1.34]
2026-01-25T13:53:58.225+05:30  INFO 17320 --- [SpiderSync] [restartedMain] o.a.c.c.C.[Tomcat-2].[localhost].[/]     : Initializing Spring embedded WebApplicationContext
2026-01-25T13:53:58.225+05:30  INFO 17320 --- [SpiderSync] [restartedMain] w.s.c.ServletWebServerApplicationContext : Root WebApplicationContext: initialization completed in 1958 ms
2026-01-25T13:53:58.554+05:30  INFO 17320 --- [SpiderSync] [restartedMain] com.zaxxer.hikari.HikariDataSource       : HikariPool-7 - Starting...
2026-01-25T13:53:58.561+05:30  INFO 17320 --- [SpiderSync] [restartedMain] com.zaxxer.hikari.pool.HikariPool        : HikariPool-7 - Added connection com.mysql.cj.jdbc.ConnectionImpl@1359db9b
2026-01-25T13:53:58.562+05:30  INFO 17320 --- [SpiderSync] [restartedMain] com.zaxxer.hikari.HikariDataSource       : HikariPool-7 - Start completed.
2026-01-25T13:53:58.567+05:30  INFO 17320 --- [SpiderSync] [restartedMain] org.flywaydb.core.FlywayExecutor         : Database: jdbc:mysql://localhost:3306/search_engine?createDatabaseIfNotExists=true&useSSL=false&serverTimezone=UTC&allowPublicKeyRetrieval=true (MySQL 8.0)
2026-01-25T13:53:58.585+05:30  INFO 17320 --- [SpiderSync] [restartedMain] o.f.core.internal.command.DbValidate     : Successfully validated 1 migration (execution time 00:00.009s)
2026-01-25T13:53:58.599+05:30  INFO 17320 --- [SpiderSync] [restartedMain] o.f.core.internal.command.DbMigrate      : Current version of schema `search_engine`: 1
2026-01-25T13:53:58.600+05:30  INFO 17320 --- [SpiderSync] [restartedMain] o.f.core.internal.command.DbMigrate      : Schema `search_engine` is up to date. No migration necessary.
2026-01-25T13:53:58.671+05:30  INFO 17320 --- [SpiderSync] [restartedMain] o.hibernate.jpa.internal.util.LogHelper  : HHH000204: Processing PersistenceUnitInfo [name: default]
2026-01-25T13:53:58.678+05:30  INFO 17320 --- [SpiderSync] [restartedMain] o.h.c.internal.RegionFactoryInitiator    : HHH000026: Second-level cache disabled
2026-01-25T13:53:58.693+05:30  INFO 17320 --- [SpiderSync] [restartedMain] o.s.o.j.p.SpringPersistenceUnitInfo      : No LoadTimeWeaver setup: ignoring JPA class transformer
2026-01-25T13:53:58.697+05:30  WARN 17320 --- [SpiderSync] [restartedMain] org.hibernate.orm.deprecation            : HHH90000025: MySQLDialect does not need to be specified explicitly using 'hibernate.dialect' (remove the property setting and it will be selected by default)
2026-01-25T13:53:58.697+05:30  INFO 17320 --- [SpiderSync] [restartedMain] org.hibernate.orm.connections.pooling    : HHH10001005: Database info:
	Database JDBC URL [Connecting through datasource 'HikariDataSource (HikariPool-7)']
	Database driver: undefined/unknown
	Database version: 8.0.44
	Autocommit mode: undefined/unknown
	Isolation level: undefined/unknown
	Minimum pool size: undefined/unknown
	Maximum pool size: undefined/unknown
2026-01-25T13:53:58.938+05:30  INFO 17320 --- [SpiderSync] [restartedMain] o.h.e.t.j.p.i.JtaPlatformInitiator       : HHH000489: No JTA platform available (set 'hibernate.transaction.jta.platform' to enable JTA platform integration)
2026-01-25T13:53:58.960+05:30  INFO 17320 --- [SpiderSync] [restartedMain] j.LocalContainerEntityManagerFactoryBean : Initialized JPA EntityManagerFactory for persistence unit 'default'
2026-01-25T13:53:59.172+05:30 DEBUG 17320 --- [SpiderSync] [restartedMain] c.P.S.security.JwtAuthenticationFilter   : Filter 'jwtAuthenticationFilter' configured for use
2026-01-25T13:53:59.172+05:30 DEBUG 17320 --- [SpiderSync] [restartedMain] o.s.w.f.ServerHttpObservationFilter      : Filter 'webMvcObservationFilter' configured for use
2026-01-25T13:53:59.172+05:30 DEBUG 17320 --- [SpiderSync] [restartedMain] c.P.S.security.RateLimitingFilter        : Filter 'rateLimitingFilter' configured for use
2026-01-25T13:53:59.343+05:30  INFO 17320 --- [SpiderSync] [restartedMain] r$InitializeUserDetailsManagerConfigurer : Global AuthenticationManager configured with UserDetailsService bean with name customUserDetailsService
2026-01-25T13:53:59.746+05:30  WARN 17320 --- [SpiderSync] [restartedMain] JpaBaseConfiguration$JpaWebConfiguration : spring.jpa.open-in-view is enabled by default. Therefore, database queries may be performed during view rendering. Explicitly configure spring.jpa.open-in-view to disable this warning
2026-01-25T13:53:59.841+05:30  INFO 17320 --- [SpiderSync] [restartedMain] o.s.b.a.w.s.WelcomePageHandlerMapping    : Adding welcome page: class path resource [static/index.html]
2026-01-25T13:53:59.890+05:30 DEBUG 17320 --- [SpiderSync] [restartedMain] s.w.s.m.m.a.RequestMappingHandlerMapping : 19 mappings in 'requestMappingHandlerMapping'
2026-01-25T13:54:00.159+05:30 DEBUG 17320 --- [SpiderSync] [restartedMain] o.s.w.s.handler.SimpleUrlHandlerMapping  : Patterns [/webjars/**, /**, /swagger-ui*/*swagger-initializer.js, /swagger-ui*/**] in 'resourceHandlerMapping'
2026-01-25T13:54:00.501+05:30  INFO 17320 --- [SpiderSync] [restartedMain] o.s.b.a.e.web.EndpointLinksResolver      : Exposing 4 endpoints beneath base path '/actuator'
2026-01-25T13:54:00.671+05:30 DEBUG 17320 --- [SpiderSync] [restartedMain] o.s.s.web.DefaultSecurityFilterChain     : Will secure any request with filters: DisableEncodeUrlFilter, WebAsyncManagerIntegrationFilter, SecurityContextHolderFilter, HeaderWriterFilter, LogoutFilter, RateLimitingFilter, JwtAuthenticationFilter, RequestCacheAwareFilter, SecurityContextHolderAwareRequestFilter, AnonymousAuthenticationFilter, SessionManagementFilter, ExceptionTranslationFilter, AuthorizationFilter
2026-01-25T13:54:00.806+05:30 DEBUG 17320 --- [SpiderSync] [restartedMain] s.w.s.m.m.a.RequestMappingHandlerAdapter : ControllerAdvice beans: 0 @ModelAttribute, 0 @InitBinder, 1 RequestBodyAdvice, 1 ResponseBodyAdvice
2026-01-25T13:54:00.862+05:30 DEBUG 17320 --- [SpiderSync] [restartedMain] .m.m.a.ExceptionHandlerExceptionResolver : ControllerAdvice beans: 1 @ExceptionHandler, 1 ResponseBodyAdvice
2026-01-25T13:54:01.226+05:30  WARN 17320 --- [SpiderSync] [restartedMain] i.m.c.i.b.cache.CaffeineCacheMetrics     : The cache 'robots-txt' is not recording statistics. No meters except 'cache.size' will be registered. Call 'Caffeine#recordStats()' prior to building the cache for metrics to be recorded.
2026-01-25T13:54:01.226+05:30  WARN 17320 --- [SpiderSync] [restartedMain] i.m.c.i.b.cache.CaffeineCacheMetrics     : The cache 'pages' is not recording statistics. No meters except 'cache.size' will be registered. Call 'Caffeine#recordStats()' prior to building the cache for metrics to be recorded.
2026-01-25T13:54:01.226+05:30  WARN 17320 --- [SpiderSync] [restartedMain] i.m.c.i.b.cache.CaffeineCacheMetrics     : The cache 'search-results' is not recording statistics. No meters except 'cache.size' will be registered. Call 'Caffeine#recordStats()' prior to building the cache for metrics to be recorded.
2026-01-25T13:54:01.444+05:30  INFO 17320 --- [SpiderSync] [restartedMain] o.s.b.d.a.OptionalLiveReloadServer       : LiveReload server is running on port 35729
2026-01-25T13:54:01.483+05:30  INFO 17320 --- [SpiderSync] [restartedMain] o.s.b.w.embedded.tomcat.TomcatWebServer  : Tomcat started on port 8081 (http) with context path '/'
2026-01-25T13:54:01.492+05:30  INFO 17320 --- [SpiderSync] [restartedMain] c.P.SpiderSync.SpiderSyncApplication     : Started SpiderSyncApplication in 5.276 seconds (process running for 1165.015)
2026-01-25T13:54:01.493+05:30  INFO 17320 --- [SpiderSync] [restartedMain] c.P.S.service.DataSeedingService         : Checking for data seeding requirements...
2026-01-25T13:54:01.532+05:30 DEBUG 17320 --- [SpiderSync] [restartedMain] org.hibernate.SQL                        : 
    select
        p1_0.id,
        p1_0.content,
        p1_0.content_hash,
        p1_0.crawl_depth,
        p1_0.created_at,
        p1_0.description,
        p1_0.keywords,
        p1_0.language,
        p1_0.last_crawled_at,
        p1_0.page_rank,
        p1_0.response_time,
        p1_0.status_code,
        p1_0.title,
        p1_0.updated_at,
        p1_0.url 
    from
        pages p1_0 
    where
        p1_0.url in (?, ?, ?, ?, ?, ?, ?, ?, ?, ?, ?, ?, ?, ?, ?, ?, ?, ?, ?)
2026-01-25T13:54:01.544+05:30  INFO 17320 --- [SpiderSync] [restartedMain] c.P.S.service.DataSeedingService         : All seed pages already exist in database.
2026-01-25T13:54:01.548+05:30 ERROR 17320 --- [SpiderSync] [restartedMain] c.P.SpiderSync.service.IndexingService   : Error checking index existence: Connection refused: getsockopt
2026-01-25T13:54:01.548+05:30  INFO 17320 --- [SpiderSync] [restartedMain] c.P.S.service.DataSeedingService         : Elasticsearch index is missing or empty. Populating from database...
2026-01-25T13:54:01.553+05:30 DEBUG 17320 --- [SpiderSync] [restartedMain] org.hibernate.SQL                        : 
    select
        p1_0.id,
        p1_0.content,
        p1_0.content_hash,
        p1_0.crawl_depth,
        p1_0.created_at,
        p1_0.description,
        p1_0.keywords,
        p1_0.language,
        p1_0.last_crawled_at,
        p1_0.page_rank,
        p1_0.response_time,
        p1_0.status_code,
        p1_0.title,
        p1_0.updated_at,
        p1_0.url 
    from
        pages p1_0
2026-01-25T13:54:01.564+05:30 ERROR 17320 --- [SpiderSync] [restartedMain] c.P.SpiderSync.service.IndexingService   : Error creating Elasticsearch index: Connection refused: getsockopt
2026-01-25T13:54:01.574+05:30 ERROR 17320 --- [SpiderSync] [restartedMain] c.P.SpiderSync.service.IndexingService   : Error in bulk indexing: Connection refused: getsockopt
2026-01-25T13:54:01.575+05:30  INFO 17320 --- [SpiderSync] [restartedMain] c.P.S.service.DataSeedingService         : Successfully indexed 19 total pages from database.
2026-01-25T13:54:01.575+05:30  INFO 17320 --- [SpiderSync] [restartedMain] c.P.S.service.DataSeedingService         : Data seeding and indexing check completed!
2026-01-25T13:54:01.578+05:30  INFO 17320 --- [SpiderSync] [restartedMain] .ConditionEvaluationDeltaLoggingListener : Condition evaluation delta:


==========================
CONDITION EVALUATION DELTA
==========================


Positive matches:
-----------------

   CacheAutoConfiguration matched:
      - @ConditionalOnClass found required class 'org.springframework.cache.CacheManager' (OnClassCondition)
      - @ConditionalOnBean (types: org.springframework.cache.interceptor.CacheAspectSupport; SearchStrategy: all) found bean 'cacheInterceptor'; @ConditionalOnMissingBean (names: cacheResolver types: org.springframework.cache.CacheManager; SearchStrategy: all) did not find any beans (OnBeanCondition)

   CacheAutoConfiguration#cacheManagerCustomizers matched:
      - @ConditionalOnMissingBean (types: org.springframework.boot.autoconfigure.cache.CacheManagerCustomizers; SearchStrategy: all) did not find any beans (OnBeanCondition)

   CacheAutoConfiguration.CacheManagerEntityManagerFactoryDependsOnPostProcessor matched:
      - @ConditionalOnClass found required class 'org.springframework.orm.jpa.LocalContainerEntityManagerFactoryBean' (OnClassCondition)
      - @ConditionalOnBean (types: org.springframework.orm.jpa.AbstractEntityManagerFactoryBean; SearchStrategy: all) found bean '&entityManagerFactory' (OnBeanCondition)

   CacheMetricsAutoConfiguration matched:
      - @ConditionalOnBean (types: org.springframework.cache.CacheManager; SearchStrategy: all) found bean 'cacheManager' (OnBeanCondition)

   CacheMetricsRegistrarConfiguration matched:
      - @ConditionalOnBean (types: org.springframework.boot.actuate.metrics.cache.CacheMeterBinderProvider,io.micrometer.core.instrument.MeterRegistry; SearchStrategy: all) found beans 'prometheusMeterRegistry', 'caffeineCacheMeterBinderProvider', 'redisCacheMeterBinderProvider' (OnBeanCondition)


Negative matches:
-----------------

   ElasticsearchClientConfigurations.ElasticsearchClientConfiguration#elasticsearchClient:
      Did not match:
         - @ConditionalOnMissingBean (types: co.elastic.clients.elasticsearch.ElasticsearchClient; SearchStrategy: all) found beans of type 'co.elastic.clients.elasticsearch.ElasticsearchClient' elasticsearchClient (OnBeanCondition)

   ElasticsearchRestClientConfigurations.RestClientConfiguration:
      Did not match:
         - @ConditionalOnMissingBean (types: org.elasticsearch.client.RestClient; SearchStrategy: all) found beans of type 'org.elasticsearch.client.RestClient' restClient (OnBeanCondition)

   ManagementWebSecurityAutoConfiguration:
      Did not match:
         - AllNestedConditions 1 matched 1 did not; NestedCondition on DefaultWebSecurityCondition.Beans @ConditionalOnMissingBean (types: org.springframework.security.web.SecurityFilterChain; SearchStrategy: all) found beans of type 'org.springframework.security.web.SecurityFilterChain' securityFilterChain; NestedCondition on DefaultWebSecurityCondition.Classes @ConditionalOnClass found required classes 'org.springframework.security.web.SecurityFilterChain', 'org.springframework.security.config.annotation.web.builders.HttpSecurity' (DefaultWebSecurityCondition)
      Matched:
         - found 'session' scope (OnWebApplicationCondition)

   RabbitAutoConfiguration.RabbitTemplateConfiguration#rabbitTemplate:
      Did not match:
         - @ConditionalOnMissingBean (types: org.springframework.amqp.rabbit.core.RabbitOperations; SearchStrategy: all) found beans of type 'org.springframework.amqp.rabbit.core.RabbitOperations' rabbitTemplate (OnBeanCondition)

   SpringBootWebSecurityConfiguration.WebSecurityEnablerConfiguration:
      Did not match:
         - @ConditionalOnMissingBean (names: springSecurityFilterChain; SearchStrategy: all) found beans named springSecurityFilterChain (OnBeanCondition)
      Matched:
         - @ConditionalOnClass found required class 'org.springframework.security.config.annotation.web.configuration.EnableWebSecurity' (OnClassCondition)

   TaskExecutorConfigurations.TaskExecutorConfiguration:
      Did not match:
         - @ConditionalOnMissingBean (types: java.util.concurrent.Executor; SearchStrategy: all) found beans of type 'java.util.concurrent.Executor' crawlerExecutor (OnBeanCondition)

   UserDetailsServiceAutoConfiguration:
      Did not match:
         - @ConditionalOnMissingBean (types: org.springframework.security.authentication.AuthenticationManager,org.springframework.security.authentication.AuthenticationProvider,org.springframework.security.core.userdetails.UserDetailsService,org.springframework.security.authentication.AuthenticationManagerResolver,org.springframework.security.oauth2.jwt.JwtDecoder; SearchStrategy: all) found beans of type 'org.springframework.security.authentication.AuthenticationManager' authenticationManager and found beans of type 'org.springframework.security.core.userdetails.UserDetailsService' customUserDetailsService (OnBeanCondition)
      Matched:
         - @ConditionalOnClass found required class 'org.springframework.security.authentication.AuthenticationManager' (OnClassCondition)
         - found 'session' scope (OnWebApplicationCondition)
         - AnyNestedCondition 1 matched 2 did not; NestedCondition on UserDetailsServiceAutoConfiguration.MissingAlternativeOrUserPropertiesConfigured.PasswordConfigured @ConditionalOnProperty (spring.security.user.password) did not find property 'password'; NestedCondition on UserDetailsServiceAutoConfiguration.MissingAlternativeOrUserPropertiesConfigured.NameConfigured @ConditionalOnProperty (spring.security.user.name) did not find property 'name'; NestedCondition on UserDetailsServiceAutoConfiguration.MissingAlternativeOrUserPropertiesConfigured.MissingAlternative @ConditionalOnMissingClass did not find unwanted classes 'org.springframework.security.oauth2.client.registration.ClientRegistrationRepository', 'org.springframework.security.oauth2.server.resource.introspection.OpaqueTokenIntrospector', 'org.springframework.security.saml2.provider.service.registration.RelyingPartyRegistrationRepository' (UserDetailsServiceAutoConfiguration.MissingAlternativeOrUserPropertiesConfigured)


Exclusions:
-----------

    None


Unconditional classes:
----------------------

    None



2026-01-25T13:54:18.610+05:30  INFO 17320 --- [SpiderSync] [File Watcher] rtingClassPathChangeChangedEventListener : Restarting due to 44 class path changes (0 additions, 42 deletions, 2 modifications)
2026-01-25T13:54:18.621+05:30  INFO 17320 --- [SpiderSync] [Thread-42] o.s.b.w.e.tomcat.GracefulShutdown        : Commencing graceful shutdown. Waiting for active requests to complete
2026-01-25T13:54:18.638+05:30  INFO 17320 --- [SpiderSync] [tomcat-shutdown] o.s.b.w.e.tomcat.GracefulShutdown        : Graceful shutdown complete
2026-01-25T13:54:18.657+05:30  INFO 17320 --- [SpiderSync] [Thread-42] j.LocalContainerEntityManagerFactoryBean : Closing JPA EntityManagerFactory for persistence unit 'default'
2026-01-25T13:54:18.659+05:30  INFO 17320 --- [SpiderSync] [Thread-42] com.zaxxer.hikari.HikariDataSource       : HikariPool-7 - Shutdown initiated...
2026-01-25T13:54:18.667+05:30  INFO 17320 --- [SpiderSync] [Thread-42] com.zaxxer.hikari.HikariDataSource       : HikariPool-7 - Shutdown completed.
2026-01-25T13:54:18.834+05:30  INFO 17320 --- [SpiderSync] [restartedMain] c.P.SpiderSync.SpiderSyncApplication     : Starting SpiderSyncApplication using Java 25.0.2 with PID 17320 (C:\Users\LOQ\SpiderSync\target\classes started by LOQ in C:\Users\LOQ\SpiderSync)
2026-01-25T13:54:18.835+05:30 DEBUG 17320 --- [SpiderSync] [restartedMain] c.P.SpiderSync.SpiderSyncApplication     : Running with Spring Boot v3.4.1, Spring v6.2.1
2026-01-25T13:54:18.835+05:30  INFO 17320 --- [SpiderSync] [restartedMain] c.P.SpiderSync.SpiderSyncApplication     : No active profile set, falling back to 1 default profile: "default"
2026-01-25T13:54:19.453+05:30  INFO 17320 --- [SpiderSync] [restartedMain] .s.d.r.c.RepositoryConfigurationDelegate : Multiple Spring Data modules found, entering strict repository configuration mode
2026-01-25T13:54:19.453+05:30  INFO 17320 --- [SpiderSync] [restartedMain] .s.d.r.c.RepositoryConfigurationDelegate : Bootstrapping Spring Data JPA repositories in DEFAULT mode.
2026-01-25T13:54:19.455+05:30  INFO 17320 --- [SpiderSync] [restartedMain] .s.d.r.c.RepositoryConfigurationDelegate : Finished Spring Data repository scanning in 0 ms. Found 0 JPA repository interfaces.
2026-01-25T13:54:19.459+05:30  INFO 17320 --- [SpiderSync] [restartedMain] .s.d.r.c.RepositoryConfigurationDelegate : Multiple Spring Data modules found, entering strict repository configuration mode
2026-01-25T13:54:19.459+05:30  INFO 17320 --- [SpiderSync] [restartedMain] .s.d.r.c.RepositoryConfigurationDelegate : Bootstrapping Spring Data Redis repositories in DEFAULT mode.
2026-01-25T13:54:19.461+05:30  INFO 17320 --- [SpiderSync] [restartedMain] .s.d.r.c.RepositoryConfigurationDelegate : Finished Spring Data repository scanning in 0 ms. Found 0 Redis repository interfaces.
2026-01-25T13:54:19.967+05:30  INFO 17320 --- [SpiderSync] [restartedMain] o.s.b.w.embedded.tomcat.TomcatWebServer  : Tomcat initialized with port 8081 (http)
2026-01-25T13:54:19.969+05:30  INFO 17320 --- [SpiderSync] [restartedMain] o.apache.catalina.core.StandardService   : Starting service [Tomcat]
2026-01-25T13:54:19.969+05:30  INFO 17320 --- [SpiderSync] [restartedMain] o.apache.catalina.core.StandardEngine    : Starting Servlet engine: [Apache Tomcat/10.1.34]
2026-01-25T13:54:20.141+05:30  INFO 17320 --- [SpiderSync] [restartedMain] o.a.c.c.C.[Tomcat-2].[localhost].[/]     : Initializing Spring embedded WebApplicationContext
2026-01-25T13:54:20.141+05:30  INFO 17320 --- [SpiderSync] [restartedMain] w.s.c.ServletWebServerApplicationContext : Root WebApplicationContext: initialization completed in 1302 ms
2026-01-25T13:54:20.346+05:30 DEBUG 17320 --- [SpiderSync] [restartedMain] o.s.w.f.ServerHttpObservationFilter      : Filter 'webMvcObservationFilter' configured for use
2026-01-25T13:54:20.446+05:30  INFO 17320 --- [SpiderSync] [restartedMain] com.zaxxer.hikari.HikariDataSource       : HikariPool-8 - Starting...
2026-01-25T13:54:20.453+05:30  INFO 17320 --- [SpiderSync] [restartedMain] com.zaxxer.hikari.pool.HikariPool        : HikariPool-8 - Added connection com.mysql.cj.jdbc.ConnectionImpl@3a29c676
2026-01-25T13:54:20.453+05:30  INFO 17320 --- [SpiderSync] [restartedMain] com.zaxxer.hikari.HikariDataSource       : HikariPool-8 - Start completed.
2026-01-25T13:54:20.459+05:30  INFO 17320 --- [SpiderSync] [restartedMain] org.flywaydb.core.FlywayExecutor         : Database: jdbc:mysql://localhost:3306/search_engine?createDatabaseIfNotExists=true&useSSL=false&serverTimezone=UTC&allowPublicKeyRetrieval=true (MySQL 8.0)
2026-01-25T13:54:20.478+05:30  INFO 17320 --- [SpiderSync] [restartedMain] o.f.core.internal.command.DbValidate     : Successfully validated 1 migration (execution time 00:00.009s)
2026-01-25T13:54:20.495+05:30  INFO 17320 --- [SpiderSync] [restartedMain] o.f.core.internal.command.DbMigrate      : Current version of schema `search_engine`: 1
2026-01-25T13:54:20.497+05:30  INFO 17320 --- [SpiderSync] [restartedMain] o.f.core.internal.command.DbMigrate      : Schema `search_engine` is up to date. No migration necessary.
2026-01-25T13:54:20.571+05:30  INFO 17320 --- [SpiderSync] [restartedMain] o.hibernate.jpa.internal.util.LogHelper  : HHH000204: Processing PersistenceUnitInfo [name: default]
2026-01-25T13:54:20.579+05:30  INFO 17320 --- [SpiderSync] [restartedMain] o.h.c.internal.RegionFactoryInitiator    : HHH000026: Second-level cache disabled
2026-01-25T13:54:20.606+05:30  INFO 17320 --- [SpiderSync] [restartedMain] o.s.o.j.p.SpringPersistenceUnitInfo      : No LoadTimeWeaver setup: ignoring JPA class transformer
2026-01-25T13:54:20.615+05:30  WARN 17320 --- [SpiderSync] [restartedMain] org.hibernate.orm.deprecation            : HHH90000025: MySQLDialect does not need to be specified explicitly using 'hibernate.dialect' (remove the property setting and it will be selected by default)
2026-01-25T13:54:20.616+05:30  INFO 17320 --- [SpiderSync] [restartedMain] org.hibernate.orm.connections.pooling    : HHH10001005: Database info:
	Database JDBC URL [Connecting through datasource 'HikariDataSource (HikariPool-8)']
	Database driver: undefined/unknown
	Database version: 8.0.44
	Autocommit mode: undefined/unknown
	Isolation level: undefined/unknown
	Minimum pool size: undefined/unknown
	Maximum pool size: undefined/unknown
2026-01-25T13:54:20.663+05:30  INFO 17320 --- [SpiderSync] [restartedMain] o.h.e.t.j.p.i.JtaPlatformInitiator       : HHH000489: No JTA platform available (set 'hibernate.transaction.jta.platform' to enable JTA platform integration)
2026-01-25T13:54:20.663+05:30  INFO 17320 --- [SpiderSync] [restartedMain] j.LocalContainerEntityManagerFactoryBean : Initialized JPA EntityManagerFactory for persistence unit 'default'
2026-01-25T13:54:20.926+05:30  WARN 17320 --- [SpiderSync] [restartedMain] JpaBaseConfiguration$JpaWebConfiguration : spring.jpa.open-in-view is enabled by default. Therefore, database queries may be performed during view rendering. Explicitly configure spring.jpa.open-in-view to disable this warning
2026-01-25T13:54:21.015+05:30  INFO 17320 --- [SpiderSync] [restartedMain] o.s.b.a.w.s.WelcomePageHandlerMapping    : Adding welcome page: class path resource [static/index.html]
2026-01-25T13:54:21.069+05:30 DEBUG 17320 --- [SpiderSync] [restartedMain] s.w.s.m.m.a.RequestMappingHandlerMapping : 6 mappings in 'requestMappingHandlerMapping'
2026-01-25T13:54:21.269+05:30 DEBUG 17320 --- [SpiderSync] [restartedMain] o.s.w.s.handler.SimpleUrlHandlerMapping  : Patterns [/webjars/**, /**, /swagger-ui*/*swagger-initializer.js, /swagger-ui*/**] in 'resourceHandlerMapping'
2026-01-25T13:54:21.320+05:30 DEBUG 17320 --- [SpiderSync] [restartedMain] s.w.s.m.m.a.RequestMappingHandlerAdapter : ControllerAdvice beans: 0 @ModelAttribute, 0 @InitBinder, 1 RequestBodyAdvice, 1 ResponseBodyAdvice
2026-01-25T13:54:21.362+05:30 DEBUG 17320 --- [SpiderSync] [restartedMain] .m.m.a.ExceptionHandlerExceptionResolver : ControllerAdvice beans: 1 @ExceptionHandler, 1 ResponseBodyAdvice
2026-01-25T13:54:22.329+05:30  WARN 17320 --- [SpiderSync] [restartedMain] .s.s.UserDetailsServiceAutoConfiguration : 

Using generated security password: 9cc0532f-d6a0-4867-8652-71d5e4a5ee39

This generated password is for development use only. Your security configuration must be updated before running your application in production.

2026-01-25T13:54:22.334+05:30  INFO 17320 --- [SpiderSync] [restartedMain] r$InitializeUserDetailsManagerConfigurer : Global AuthenticationManager configured with UserDetailsService bean with name inMemoryUserDetailsManager
2026-01-25T13:54:22.416+05:30  INFO 17320 --- [SpiderSync] [restartedMain] o.s.b.a.e.web.EndpointLinksResolver      : Exposing 4 endpoints beneath base path '/actuator'
2026-01-25T13:54:22.478+05:30 DEBUG 17320 --- [SpiderSync] [restartedMain] o.s.s.web.DefaultSecurityFilterChain     : Will secure any request with filters: DisableEncodeUrlFilter, WebAsyncManagerIntegrationFilter, SecurityContextHolderFilter, HeaderWriterFilter, CorsFilter, CsrfFilter, LogoutFilter, UsernamePasswordAuthenticationFilter, DefaultResourcesFilter, DefaultLoginPageGeneratingFilter, DefaultLogoutPageGeneratingFilter, BasicAuthenticationFilter, RequestCacheAwareFilter, SecurityContextHolderAwareRequestFilter, AnonymousAuthenticationFilter, ExceptionTranslationFilter, AuthorizationFilter
2026-01-25T13:54:22.764+05:30  INFO 17320 --- [SpiderSync] [restartedMain] o.s.b.d.a.OptionalLiveReloadServer       : LiveReload server is running on port 35729
2026-01-25T13:54:22.802+05:30  INFO 17320 --- [SpiderSync] [restartedMain] o.s.b.w.embedded.tomcat.TomcatWebServer  : Tomcat started on port 8081 (http) with context path '/'
2026-01-25T13:54:22.814+05:30  INFO 17320 --- [SpiderSync] [restartedMain] c.P.SpiderSync.SpiderSyncApplication     : Started SpiderSyncApplication in 4.024 seconds (process running for 1186.338)
2026-01-25T13:54:22.818+05:30  INFO 17320 --- [SpiderSync] [restartedMain] .ConditionEvaluationDeltaLoggingListener : Condition evaluation delta:


==========================
CONDITION EVALUATION DELTA
==========================


Positive matches:
-----------------

   ElasticsearchClientConfigurations.ElasticsearchClientConfiguration#elasticsearchClient matched:
      - @ConditionalOnMissingBean (types: co.elastic.clients.elasticsearch.ElasticsearchClient; SearchStrategy: all) did not find any beans (OnBeanCondition)

   ElasticsearchRestClientConfigurations.RestClientConfiguration matched:
      - @ConditionalOnMissingBean (types: org.elasticsearch.client.RestClient; SearchStrategy: all) did not find any beans (OnBeanCondition)

   ManagementWebSecurityAutoConfiguration matched:
      - found 'session' scope (OnWebApplicationCondition)
      - AllNestedConditions 2 matched 0 did not; NestedCondition on DefaultWebSecurityCondition.Beans @ConditionalOnMissingBean (types: org.springframework.security.web.SecurityFilterChain; SearchStrategy: all) did not find any beans; NestedCondition on DefaultWebSecurityCondition.Classes @ConditionalOnClass found required classes 'org.springframework.security.web.SecurityFilterChain', 'org.springframework.security.config.annotation.web.builders.HttpSecurity' (DefaultWebSecurityCondition)

   RabbitAutoConfiguration.RabbitTemplateConfiguration#rabbitTemplate matched:
      - @ConditionalOnSingleCandidate (types: org.springframework.amqp.rabbit.connection.ConnectionFactory; SearchStrategy: all) found a single bean 'rabbitConnectionFactory'; @ConditionalOnMissingBean (types: org.springframework.amqp.rabbit.core.RabbitOperations; SearchStrategy: all) did not find any beans (OnBeanCondition)

   SpringBootWebSecurityConfiguration.WebSecurityEnablerConfiguration matched:
      - @ConditionalOnClass found required class 'org.springframework.security.config.annotation.web.configuration.EnableWebSecurity' (OnClassCondition)
      - @ConditionalOnMissingBean (names: springSecurityFilterChain; SearchStrategy: all) did not find any beans (OnBeanCondition)

   TaskExecutorConfigurations.TaskExecutorConfiguration matched:
      - @ConditionalOnMissingBean (types: java.util.concurrent.Executor; SearchStrategy: all) did not find any beans (OnBeanCondition)

   TaskExecutorConfigurations.TaskExecutorConfiguration#applicationTaskExecutor matched:
      - @ConditionalOnThreading found PLATFORM (OnThreadingCondition)

   UserDetailsServiceAutoConfiguration matched:
      - @ConditionalOnClass found required class 'org.springframework.security.authentication.AuthenticationManager' (OnClassCondition)
      - found 'session' scope (OnWebApplicationCondition)
      - AnyNestedCondition 1 matched 2 did not; NestedCondition on UserDetailsServiceAutoConfiguration.MissingAlternativeOrUserPropertiesConfigured.PasswordConfigured @ConditionalOnProperty (spring.security.user.password) did not find property 'password'; NestedCondition on UserDetailsServiceAutoConfiguration.MissingAlternativeOrUserPropertiesConfigured.NameConfigured @ConditionalOnProperty (spring.security.user.name) did not find property 'name'; NestedCondition on UserDetailsServiceAutoConfiguration.MissingAlternativeOrUserPropertiesConfigured.MissingAlternative @ConditionalOnMissingClass did not find unwanted classes 'org.springframework.security.oauth2.client.registration.ClientRegistrationRepository', 'org.springframework.security.oauth2.server.resource.introspection.OpaqueTokenIntrospector', 'org.springframework.security.saml2.provider.service.registration.RelyingPartyRegistrationRepository' (UserDetailsServiceAutoConfiguration.MissingAlternativeOrUserPropertiesConfigured)
      - @ConditionalOnBean (types: org.springframework.security.config.ObjectPostProcessor; SearchStrategy: all) found beans 'objectPostProcessor', 'webAuthorizationManagerPostProcessor', 'filterChainDecoratorPostProcessor', 'authenticationManagerPostProcessor'; @ConditionalOnMissingBean (types: org.springframework.security.authentication.AuthenticationManager,org.springframework.security.authentication.AuthenticationProvider,org.springframework.security.core.userdetails.UserDetailsService,org.springframework.security.authentication.AuthenticationManagerResolver,org.springframework.security.oauth2.jwt.JwtDecoder; SearchStrategy: all) did not find any beans (OnBeanCondition)


Negative matches:
-----------------

   CacheAutoConfiguration:
      Did not match:
         - @ConditionalOnBean (types: org.springframework.cache.interceptor.CacheAspectSupport; SearchStrategy: all) did not find any beans of type org.springframework.cache.interceptor.CacheAspectSupport (OnBeanCondition)
      Matched:
         - @ConditionalOnClass found required class 'org.springframework.cache.CacheManager' (OnClassCondition)

   CacheAutoConfiguration.CacheManagerEntityManagerFactoryDependsOnPostProcessor:
      Did not match:
         - Ancestor org.springframework.boot.autoconfigure.cache.CacheAutoConfiguration did not match (ConditionEvaluationReport.AncestorsMatchedCondition)
      Matched:
         - @ConditionalOnClass found required class 'org.springframework.orm.jpa.LocalContainerEntityManagerFactoryBean' (OnClassCondition)

   CacheMetricsAutoConfiguration:
      Did not match:
         - @ConditionalOnBean (types: org.springframework.cache.CacheManager; SearchStrategy: all) did not find any beans of type org.springframework.cache.CacheManager (OnBeanCondition)

   TaskExecutorConfigurations.TaskExecutorConfiguration#applicationTaskExecutorVirtualThreads:
      Did not match:
         - @ConditionalOnThreading did not find VIRTUAL (OnThreadingCondition)


Exclusions:
-----------

    None


Unconditional classes:
----------------------

    None



2026-01-25T13:54:24.201+05:30  INFO 17320 --- [SpiderSync] [File Watcher] rtingClassPathChangeChangedEventListener : Restarting due to 42 class path changes (42 additions, 0 deletions, 0 modifications)
2026-01-25T13:54:24.203+05:30  INFO 17320 --- [SpiderSync] [Thread-46] o.s.b.w.e.tomcat.GracefulShutdown        : Commencing graceful shutdown. Waiting for active requests to complete
2026-01-25T13:54:24.212+05:30  INFO 17320 --- [SpiderSync] [tomcat-shutdown] o.s.b.w.e.tomcat.GracefulShutdown        : Graceful shutdown complete
2026-01-25T13:54:24.219+05:30  INFO 17320 --- [SpiderSync] [Thread-46] j.LocalContainerEntityManagerFactoryBean : Closing JPA EntityManagerFactory for persistence unit 'default'
2026-01-25T13:54:24.220+05:30  INFO 17320 --- [SpiderSync] [Thread-46] com.zaxxer.hikari.HikariDataSource       : HikariPool-8 - Shutdown initiated...
2026-01-25T13:54:24.224+05:30  INFO 17320 --- [SpiderSync] [Thread-46] com.zaxxer.hikari.HikariDataSource       : HikariPool-8 - Shutdown completed.
2026-01-25T13:54:24.415+05:30  INFO 17320 --- [SpiderSync] [restartedMain] c.P.SpiderSync.SpiderSyncApplication     : Starting SpiderSyncApplication using Java 25.0.2 with PID 17320 (C:\Users\LOQ\SpiderSync\target\classes started by LOQ in C:\Users\LOQ\SpiderSync)
2026-01-25T13:54:24.415+05:30 DEBUG 17320 --- [SpiderSync] [restartedMain] c.P.SpiderSync.SpiderSyncApplication     : Running with Spring Boot v3.4.1, Spring v6.2.1
2026-01-25T13:54:24.415+05:30  INFO 17320 --- [SpiderSync] [restartedMain] c.P.SpiderSync.SpiderSyncApplication     : No active profile set, falling back to 1 default profile: "default"
2026-01-25T13:54:25.457+05:30  INFO 17320 --- [SpiderSync] [restartedMain] .s.d.r.c.RepositoryConfigurationDelegate : Multiple Spring Data modules found, entering strict repository configuration mode
2026-01-25T13:54:25.457+05:30  INFO 17320 --- [SpiderSync] [restartedMain] .s.d.r.c.RepositoryConfigurationDelegate : Bootstrapping Spring Data JPA repositories in DEFAULT mode.
2026-01-25T13:54:25.496+05:30  INFO 17320 --- [SpiderSync] [restartedMain] .s.d.r.c.RepositoryConfigurationDelegate : Finished Spring Data repository scanning in 34 ms. Found 4 JPA repository interfaces.
2026-01-25T13:54:25.501+05:30  INFO 17320 --- [SpiderSync] [restartedMain] .s.d.r.c.RepositoryConfigurationDelegate : Multiple Spring Data modules found, entering strict repository configuration mode
2026-01-25T13:54:25.501+05:30  INFO 17320 --- [SpiderSync] [restartedMain] .s.d.r.c.RepositoryConfigurationDelegate : Bootstrapping Spring Data Redis repositories in DEFAULT mode.
2026-01-25T13:54:25.509+05:30  INFO 17320 --- [SpiderSync] [restartedMain] .RepositoryConfigurationExtensionSupport : Spring Data Redis - Could not safely identify store assignment for repository candidate interface com.Project.SpiderSync.repositories.CrawlJobRepository; If you want this repository to be a Redis repository, consider annotating your entities with one of these annotations: org.springframework.data.redis.core.RedisHash (preferred), or consider extending one of the following types with your repository: org.springframework.data.keyvalue.repository.KeyValueRepository
2026-01-25T13:54:25.509+05:30  INFO 17320 --- [SpiderSync] [restartedMain] .RepositoryConfigurationExtensionSupport : Spring Data Redis - Could not safely identify store assignment for repository candidate interface com.Project.SpiderSync.repositories.PageRepository; If you want this repository to be a Redis repository, consider annotating your entities with one of these annotations: org.springframework.data.redis.core.RedisHash (preferred), or consider extending one of the following types with your repository: org.springframework.data.keyvalue.repository.KeyValueRepository
2026-01-25T13:54:25.510+05:30  INFO 17320 --- [SpiderSync] [restartedMain] .RepositoryConfigurationExtensionSupport : Spring Data Redis - Could not safely identify store assignment for repository candidate interface com.Project.SpiderSync.repositories.SearchQueryRepository; If you want this repository to be a Redis repository, consider annotating your entities with one of these annotations: org.springframework.data.redis.core.RedisHash (preferred), or consider extending one of the following types with your repository: org.springframework.data.keyvalue.repository.KeyValueRepository
2026-01-25T13:54:25.510+05:30  INFO 17320 --- [SpiderSync] [restartedMain] .RepositoryConfigurationExtensionSupport : Spring Data Redis - Could not safely identify store assignment for repository candidate interface com.Project.SpiderSync.repositories.UserRepository; If you want this repository to be a Redis repository, consider annotating your entities with one of these annotations: org.springframework.data.redis.core.RedisHash (preferred), or consider extending one of the following types with your repository: org.springframework.data.keyvalue.repository.KeyValueRepository
2026-01-25T13:54:25.510+05:30  INFO 17320 --- [SpiderSync] [restartedMain] .s.d.r.c.RepositoryConfigurationDelegate : Finished Spring Data repository scanning in 7 ms. Found 0 Redis repository interfaces.
2026-01-25T13:54:25.964+05:30  INFO 17320 --- [SpiderSync] [restartedMain] o.s.b.w.embedded.tomcat.TomcatWebServer  : Tomcat initialized with port 8081 (http)
2026-01-25T13:54:25.965+05:30  INFO 17320 --- [SpiderSync] [restartedMain] o.apache.catalina.core.StandardService   : Starting service [Tomcat]
2026-01-25T13:54:25.965+05:30  INFO 17320 --- [SpiderSync] [restartedMain] o.apache.catalina.core.StandardEngine    : Starting Servlet engine: [Apache Tomcat/10.1.34]
2026-01-25T13:54:26.042+05:30  INFO 17320 --- [SpiderSync] [restartedMain] o.a.c.c.C.[Tomcat-2].[localhost].[/]     : Initializing Spring embedded WebApplicationContext
2026-01-25T13:54:26.042+05:30  INFO 17320 --- [SpiderSync] [restartedMain] w.s.c.ServletWebServerApplicationContext : Root WebApplicationContext: initialization completed in 1624 ms
2026-01-25T13:54:26.488+05:30  INFO 17320 --- [SpiderSync] [restartedMain] com.zaxxer.hikari.HikariDataSource       : HikariPool-9 - Starting...
2026-01-25T13:54:26.497+05:30  INFO 17320 --- [SpiderSync] [restartedMain] com.zaxxer.hikari.pool.HikariPool        : HikariPool-9 - Added connection com.mysql.cj.jdbc.ConnectionImpl@2107350
2026-01-25T13:54:26.497+05:30  INFO 17320 --- [SpiderSync] [restartedMain] com.zaxxer.hikari.HikariDataSource       : HikariPool-9 - Start completed.
2026-01-25T13:54:26.502+05:30  INFO 17320 --- [SpiderSync] [restartedMain] org.flywaydb.core.FlywayExecutor         : Database: jdbc:mysql://localhost:3306/search_engine?createDatabaseIfNotExists=true&useSSL=false&serverTimezone=UTC&allowPublicKeyRetrieval=true (MySQL 8.0)
2026-01-25T13:54:26.527+05:30  INFO 17320 --- [SpiderSync] [restartedMain] o.f.core.internal.command.DbValidate     : Successfully validated 1 migration (execution time 00:00.011s)
2026-01-25T13:54:26.545+05:30  INFO 17320 --- [SpiderSync] [restartedMain] o.f.core.internal.command.DbMigrate      : Current version of schema `search_engine`: 1
2026-01-25T13:54:26.545+05:30  INFO 17320 --- [SpiderSync] [restartedMain] o.f.core.internal.command.DbMigrate      : Schema `search_engine` is up to date. No migration necessary.
2026-01-25T13:54:26.627+05:30  INFO 17320 --- [SpiderSync] [restartedMain] o.hibernate.jpa.internal.util.LogHelper  : HHH000204: Processing PersistenceUnitInfo [name: default]
2026-01-25T13:54:26.634+05:30  INFO 17320 --- [SpiderSync] [restartedMain] o.h.c.internal.RegionFactoryInitiator    : HHH000026: Second-level cache disabled
2026-01-25T13:54:26.653+05:30  INFO 17320 --- [SpiderSync] [restartedMain] o.s.o.j.p.SpringPersistenceUnitInfo      : No LoadTimeWeaver setup: ignoring JPA class transformer
2026-01-25T13:54:26.657+05:30  WARN 17320 --- [SpiderSync] [restartedMain] org.hibernate.orm.deprecation            : HHH90000025: MySQLDialect does not need to be specified explicitly using 'hibernate.dialect' (remove the property setting and it will be selected by default)
2026-01-25T13:54:26.657+05:30  INFO 17320 --- [SpiderSync] [restartedMain] org.hibernate.orm.connections.pooling    : HHH10001005: Database info:
	Database JDBC URL [Connecting through datasource 'HikariDataSource (HikariPool-9)']
	Database driver: undefined/unknown
	Database version: 8.0.44
	Autocommit mode: undefined/unknown
	Isolation level: undefined/unknown
	Minimum pool size: undefined/unknown
	Maximum pool size: undefined/unknown
2026-01-25T13:54:26.817+05:30  INFO 17320 --- [SpiderSync] [restartedMain] o.h.e.t.j.p.i.JtaPlatformInitiator       : HHH000489: No JTA platform available (set 'hibernate.transaction.jta.platform' to enable JTA platform integration)
2026-01-25T13:54:26.841+05:30  INFO 17320 --- [SpiderSync] [restartedMain] j.LocalContainerEntityManagerFactoryBean : Initialized JPA EntityManagerFactory for persistence unit 'default'
2026-01-25T13:54:27.071+05:30 DEBUG 17320 --- [SpiderSync] [restartedMain] c.P.S.security.JwtAuthenticationFilter   : Filter 'jwtAuthenticationFilter' configured for use
2026-01-25T13:54:27.072+05:30 DEBUG 17320 --- [SpiderSync] [restartedMain] o.s.w.f.ServerHttpObservationFilter      : Filter 'webMvcObservationFilter' configured for use
2026-01-25T13:54:27.072+05:30 DEBUG 17320 --- [SpiderSync] [restartedMain] c.P.S.security.RateLimitingFilter        : Filter 'rateLimitingFilter' configured for use
2026-01-25T13:54:27.277+05:30  INFO 17320 --- [SpiderSync] [restartedMain] r$InitializeUserDetailsManagerConfigurer : Global AuthenticationManager configured with UserDetailsService bean with name customUserDetailsService
2026-01-25T13:54:27.935+05:30  WARN 17320 --- [SpiderSync] [restartedMain] JpaBaseConfiguration$JpaWebConfiguration : spring.jpa.open-in-view is enabled by default. Therefore, database queries may be performed during view rendering. Explicitly configure spring.jpa.open-in-view to disable this warning
2026-01-25T13:54:28.079+05:30  INFO 17320 --- [SpiderSync] [restartedMain] o.s.b.a.w.s.WelcomePageHandlerMapping    : Adding welcome page: class path resource [static/index.html]
2026-01-25T13:54:28.137+05:30 DEBUG 17320 --- [SpiderSync] [restartedMain] s.w.s.m.m.a.RequestMappingHandlerMapping : 19 mappings in 'requestMappingHandlerMapping'
2026-01-25T13:54:28.371+05:30 DEBUG 17320 --- [SpiderSync] [restartedMain] o.s.w.s.handler.SimpleUrlHandlerMapping  : Patterns [/webjars/**, /**, /swagger-ui*/*swagger-initializer.js, /swagger-ui*/**] in 'resourceHandlerMapping'
2026-01-25T13:54:28.660+05:30  INFO 17320 --- [SpiderSync] [restartedMain] o.s.b.a.e.web.EndpointLinksResolver      : Exposing 4 endpoints beneath base path '/actuator'
2026-01-25T13:54:28.852+05:30 DEBUG 17320 --- [SpiderSync] [restartedMain] o.s.s.web.DefaultSecurityFilterChain     : Will secure any request with filters: DisableEncodeUrlFilter, WebAsyncManagerIntegrationFilter, SecurityContextHolderFilter, HeaderWriterFilter, LogoutFilter, RateLimitingFilter, JwtAuthenticationFilter, RequestCacheAwareFilter, SecurityContextHolderAwareRequestFilter, AnonymousAuthenticationFilter, SessionManagementFilter, ExceptionTranslationFilter, AuthorizationFilter
2026-01-25T13:54:29.030+05:30 DEBUG 17320 --- [SpiderSync] [restartedMain] s.w.s.m.m.a.RequestMappingHandlerAdapter : ControllerAdvice beans: 0 @ModelAttribute, 0 @InitBinder, 1 RequestBodyAdvice, 1 ResponseBodyAdvice
2026-01-25T13:54:29.087+05:30 DEBUG 17320 --- [SpiderSync] [restartedMain] .m.m.a.ExceptionHandlerExceptionResolver : ControllerAdvice beans: 1 @ExceptionHandler, 1 ResponseBodyAdvice
2026-01-25T13:54:29.545+05:30  WARN 17320 --- [SpiderSync] [restartedMain] i.m.c.i.b.cache.CaffeineCacheMetrics     : The cache 'robots-txt' is not recording statistics. No meters except 'cache.size' will be registered. Call 'Caffeine#recordStats()' prior to building the cache for metrics to be recorded.
2026-01-25T13:54:29.546+05:30  WARN 17320 --- [SpiderSync] [restartedMain] i.m.c.i.b.cache.CaffeineCacheMetrics     : The cache 'pages' is not recording statistics. No meters except 'cache.size' will be registered. Call 'Caffeine#recordStats()' prior to building the cache for metrics to be recorded.
2026-01-25T13:54:29.546+05:30  WARN 17320 --- [SpiderSync] [restartedMain] i.m.c.i.b.cache.CaffeineCacheMetrics     : The cache 'search-results' is not recording statistics. No meters except 'cache.size' will be registered. Call 'Caffeine#recordStats()' prior to building the cache for metrics to be recorded.
2026-01-25T13:54:29.640+05:30  WARN 25900 --- [SpiderSync] [main] ory$DuplicateJsonObjectContextCustomizer : 

Found multiple occurrences of org.json.JSONObject on the class path:

	jar:file:/C:/Users/LOQ/.m2/repository/org/json/json/20240303/json-20240303.jar!/org/json/JSONObject.class
	jar:file:/C:/Users/LOQ/.m2/repository/com/vaadin/external/google/android-json/0.0.20131108.vaadin1/android-json-0.0.20131108.vaadin1.jar!/org/json/JSONObject.class

You may wish to exclude one of them to ensure predictable runtime behavior

2026-01-25T13:54:29.700+05:30  INFO 25900 --- [SpiderSync] [main] c.P.S.SpiderSyncApplicationTests         : Starting SpiderSyncApplicationTests using Java 25.0.2 with PID 25900 (started by LOQ in C:\Users\LOQ\SpiderSync)
2026-01-25T13:54:29.701+05:30 DEBUG 25900 --- [SpiderSync] [main] c.P.S.SpiderSyncApplicationTests         : Running with Spring Boot v3.4.1, Spring v6.2.1
2026-01-25T13:54:29.702+05:30  INFO 25900 --- [SpiderSync] [main] c.P.S.SpiderSyncApplicationTests         : No active profile set, falling back to 1 default profile: "default"
2026-01-25T13:54:29.814+05:30 DEBUG 25900 --- [SpiderSync] [main] o.s.w.c.s.GenericWebApplicationContext   : Refreshing org.springframework.web.context.support.GenericWebApplicationContext@d2708a7
2026-01-25T13:54:29.911+05:30  INFO 17320 --- [SpiderSync] [restartedMain] o.s.b.d.a.OptionalLiveReloadServer       : LiveReload server is running on port 35729
2026-01-25T13:54:29.995+05:30  INFO 17320 --- [SpiderSync] [restartedMain] o.s.b.w.embedded.tomcat.TomcatWebServer  : Tomcat started on port 8081 (http) with context path '/'
2026-01-25T13:54:30.011+05:30  INFO 17320 --- [SpiderSync] [restartedMain] c.P.SpiderSync.SpiderSyncApplication     : Started SpiderSyncApplication in 5.645 seconds (process running for 1193.535)
2026-01-25T13:54:30.016+05:30  INFO 17320 --- [SpiderSync] [restartedMain] c.P.S.service.DataSeedingService         : Checking for data seeding requirements...
2026-01-25T13:54:30.085+05:30 DEBUG 17320 --- [SpiderSync] [restartedMain] org.hibernate.SQL                        : 
    select
        p1_0.id,
        p1_0.content,
        p1_0.content_hash,
        p1_0.crawl_depth,
        p1_0.created_at,
        p1_0.description,
        p1_0.keywords,
        p1_0.language,
        p1_0.last_crawled_at,
        p1_0.page_rank,
        p1_0.response_time,
        p1_0.status_code,
        p1_0.title,
        p1_0.updated_at,
        p1_0.url 
    from
        pages p1_0 
    where
        p1_0.url in (?, ?, ?, ?, ?, ?, ?, ?, ?, ?, ?, ?, ?, ?, ?, ?, ?, ?, ?)
2026-01-25T13:54:30.098+05:30  INFO 17320 --- [SpiderSync] [restartedMain] c.P.S.service.DataSeedingService         : All seed pages already exist in database.
2026-01-25T13:54:30.103+05:30 ERROR 17320 --- [SpiderSync] [restartedMain] c.P.SpiderSync.service.IndexingService   : Error checking index existence: Connection refused: getsockopt
2026-01-25T13:54:30.103+05:30  INFO 17320 --- [SpiderSync] [restartedMain] c.P.S.service.DataSeedingService         : Elasticsearch index is missing or empty. Populating from database...
2026-01-25T13:54:30.108+05:30 DEBUG 17320 --- [SpiderSync] [restartedMain] org.hibernate.SQL                        : 
    select
        p1_0.id,
        p1_0.content,
        p1_0.content_hash,
        p1_0.crawl_depth,
        p1_0.created_at,
        p1_0.description,
        p1_0.keywords,
        p1_0.language,
        p1_0.last_crawled_at,
        p1_0.page_rank,
        p1_0.response_time,
        p1_0.status_code,
        p1_0.title,
        p1_0.updated_at,
        p1_0.url 
    from
        pages p1_0
2026-01-25T13:54:30.118+05:30 ERROR 17320 --- [SpiderSync] [restartedMain] c.P.SpiderSync.service.IndexingService   : Error creating Elasticsearch index: Connection refused: getsockopt
2026-01-25T13:54:30.127+05:30 ERROR 17320 --- [SpiderSync] [restartedMain] c.P.SpiderSync.service.IndexingService   : Error in bulk indexing: Connection refused: getsockopt
2026-01-25T13:54:30.127+05:30  INFO 17320 --- [SpiderSync] [restartedMain] c.P.S.service.DataSeedingService         : Successfully indexed 19 total pages from database.
2026-01-25T13:54:30.129+05:30  INFO 17320 --- [SpiderSync] [restartedMain] c.P.S.service.DataSeedingService         : Data seeding and indexing check completed!
2026-01-25T13:54:30.131+05:30  INFO 17320 --- [SpiderSync] [restartedMain] .ConditionEvaluationDeltaLoggingListener : Condition evaluation delta:


==========================
CONDITION EVALUATION DELTA
==========================


Positive matches:
-----------------

   CacheAutoConfiguration matched:
      - @ConditionalOnClass found required class 'org.springframework.cache.CacheManager' (OnClassCondition)
      - @ConditionalOnBean (types: org.springframework.cache.interceptor.CacheAspectSupport; SearchStrategy: all) found bean 'cacheInterceptor'; @ConditionalOnMissingBean (names: cacheResolver types: org.springframework.cache.CacheManager; SearchStrategy: all) did not find any beans (OnBeanCondition)

   CacheAutoConfiguration#cacheManagerCustomizers matched:
      - @ConditionalOnMissingBean (types: org.springframework.boot.autoconfigure.cache.CacheManagerCustomizers; SearchStrategy: all) did not find any beans (OnBeanCondition)

   CacheAutoConfiguration.CacheManagerEntityManagerFactoryDependsOnPostProcessor matched:
      - @ConditionalOnClass found required class 'org.springframework.orm.jpa.LocalContainerEntityManagerFactoryBean' (OnClassCondition)
      - @ConditionalOnBean (types: org.springframework.orm.jpa.AbstractEntityManagerFactoryBean; SearchStrategy: all) found bean '&entityManagerFactory' (OnBeanCondition)

   CacheMetricsAutoConfiguration matched:
      - @ConditionalOnBean (types: org.springframework.cache.CacheManager; SearchStrategy: all) found bean 'cacheManager' (OnBeanCondition)

   CacheMetricsRegistrarConfiguration matched:
      - @ConditionalOnBean (types: org.springframework.boot.actuate.metrics.cache.CacheMeterBinderProvider,io.micrometer.core.instrument.MeterRegistry; SearchStrategy: all) found beans 'prometheusMeterRegistry', 'caffeineCacheMeterBinderProvider', 'redisCacheMeterBinderProvider' (OnBeanCondition)


Negative matches:
-----------------

   ElasticsearchClientConfigurations.ElasticsearchClientConfiguration#elasticsearchClient:
      Did not match:
         - @ConditionalOnMissingBean (types: co.elastic.clients.elasticsearch.ElasticsearchClient; SearchStrategy: all) found beans of type 'co.elastic.clients.elasticsearch.ElasticsearchClient' elasticsearchClient (OnBeanCondition)

   ElasticsearchRestClientConfigurations.RestClientConfiguration:
      Did not match:
         - @ConditionalOnMissingBean (types: org.elasticsearch.client.RestClient; SearchStrategy: all) found beans of type 'org.elasticsearch.client.RestClient' restClient (OnBeanCondition)

   ManagementWebSecurityAutoConfiguration:
      Did not match:
         - AllNestedConditions 1 matched 1 did not; NestedCondition on DefaultWebSecurityCondition.Beans @ConditionalOnMissingBean (types: org.springframework.security.web.SecurityFilterChain; SearchStrategy: all) found beans of type 'org.springframework.security.web.SecurityFilterChain' securityFilterChain; NestedCondition on DefaultWebSecurityCondition.Classes @ConditionalOnClass found required classes 'org.springframework.security.web.SecurityFilterChain', 'org.springframework.security.config.annotation.web.builders.HttpSecurity' (DefaultWebSecurityCondition)
      Matched:
         - found 'session' scope (OnWebApplicationCondition)

   RabbitAutoConfiguration.RabbitTemplateConfiguration#rabbitTemplate:
      Did not match:
         - @ConditionalOnMissingBean (types: org.springframework.amqp.rabbit.core.RabbitOperations; SearchStrategy: all) found beans of type 'org.springframework.amqp.rabbit.core.RabbitOperations' rabbitTemplate (OnBeanCondition)

   SpringBootWebSecurityConfiguration.WebSecurityEnablerConfiguration:
      Did not match:
         - @ConditionalOnMissingBean (names: springSecurityFilterChain; SearchStrategy: all) found beans named springSecurityFilterChain (OnBeanCondition)
      Matched:
         - @ConditionalOnClass found required class 'org.springframework.security.config.annotation.web.configuration.EnableWebSecurity' (OnClassCondition)

   TaskExecutorConfigurations.TaskExecutorConfiguration:
      Did not match:
         - @ConditionalOnMissingBean (types: java.util.concurrent.Executor; SearchStrategy: all) found beans of type 'java.util.concurrent.Executor' crawlerExecutor (OnBeanCondition)

   UserDetailsServiceAutoConfiguration:
      Did not match:
         - @ConditionalOnMissingBean (types: org.springframework.security.authentication.AuthenticationManager,org.springframework.security.authentication.AuthenticationProvider,org.springframework.security.core.userdetails.UserDetailsService,org.springframework.security.authentication.AuthenticationManagerResolver,org.springframework.security.oauth2.jwt.JwtDecoder; SearchStrategy: all) found beans of type 'org.springframework.security.authentication.AuthenticationManager' authenticationManager and found beans of type 'org.springframework.security.core.userdetails.UserDetailsService' customUserDetailsService (OnBeanCondition)
      Matched:
         - @ConditionalOnClass found required class 'org.springframework.security.authentication.AuthenticationManager' (OnClassCondition)
         - found 'session' scope (OnWebApplicationCondition)
         - AnyNestedCondition 1 matched 2 did not; NestedCondition on UserDetailsServiceAutoConfiguration.MissingAlternativeOrUserPropertiesConfigured.PasswordConfigured @ConditionalOnProperty (spring.security.user.password) did not find property 'password'; NestedCondition on UserDetailsServiceAutoConfiguration.MissingAlternativeOrUserPropertiesConfigured.NameConfigured @ConditionalOnProperty (spring.security.user.name) did not find property 'name'; NestedCondition on UserDetailsServiceAutoConfiguration.MissingAlternativeOrUserPropertiesConfigured.MissingAlternative @ConditionalOnMissingClass did not find unwanted classes 'org.springframework.security.oauth2.client.registration.ClientRegistrationRepository', 'org.springframework.security.oauth2.server.resource.introspection.OpaqueTokenIntrospector', 'org.springframework.security.saml2.provider.service.registration.RelyingPartyRegistrationRepository' (UserDetailsServiceAutoConfiguration.MissingAlternativeOrUserPropertiesConfigured)


Exclusions:
-----------

    None


Unconditional classes:
----------------------

    None



2026-01-25T13:54:34.309+05:30  INFO 25900 --- [SpiderSync] [main] .s.d.r.c.RepositoryConfigurationDelegate : Multiple Spring Data modules found, entering strict repository configuration mode
2026-01-25T13:54:34.315+05:30  INFO 25900 --- [SpiderSync] [main] .s.d.r.c.RepositoryConfigurationDelegate : Bootstrapping Spring Data JPA repositories in DEFAULT mode.
2026-01-25T13:54:34.676+05:30  INFO 25900 --- [SpiderSync] [main] .s.d.r.c.RepositoryConfigurationDelegate : Finished Spring Data repository scanning in 336 ms. Found 4 JPA repository interfaces.
2026-01-25T13:54:34.700+05:30  INFO 25900 --- [SpiderSync] [main] .s.d.r.c.RepositoryConfigurationDelegate : Multiple Spring Data modules found, entering strict repository configuration mode
2026-01-25T13:54:34.703+05:30  INFO 25900 --- [SpiderSync] [main] .s.d.r.c.RepositoryConfigurationDelegate : Bootstrapping Spring Data Redis repositories in DEFAULT mode.
2026-01-25T13:54:34.741+05:30  INFO 25900 --- [SpiderSync] [main] .RepositoryConfigurationExtensionSupport : Spring Data Redis - Could not safely identify store assignment for repository candidate interface com.Project.SpiderSync.repositories.CrawlJobRepository; If you want this repository to be a Redis repository, consider annotating your entities with one of these annotations: org.springframework.data.redis.core.RedisHash (preferred), or consider extending one of the following types with your repository: org.springframework.data.keyvalue.repository.KeyValueRepository
2026-01-25T13:54:34.742+05:30  INFO 25900 --- [SpiderSync] [main] .RepositoryConfigurationExtensionSupport : Spring Data Redis - Could not safely identify store assignment for repository candidate interface com.Project.SpiderSync.repositories.PageRepository; If you want this repository to be a Redis repository, consider annotating your entities with one of these annotations: org.springframework.data.redis.core.RedisHash (preferred), or consider extending one of the following types with your repository: org.springframework.data.keyvalue.repository.KeyValueRepository
2026-01-25T13:54:34.742+05:30  INFO 25900 --- [SpiderSync] [main] .RepositoryConfigurationExtensionSupport : Spring Data Redis - Could not safely identify store assignment for repository candidate interface com.Project.SpiderSync.repositories.SearchQueryRepository; If you want this repository to be a Redis repository, consider annotating your entities with one of these annotations: org.springframework.data.redis.core.RedisHash (preferred), or consider extending one of the following types with your repository: org.springframework.data.keyvalue.repository.KeyValueRepository
2026-01-25T13:54:34.742+05:30  INFO 25900 --- [SpiderSync] [main] .RepositoryConfigurationExtensionSupport : Spring Data Redis - Could not safely identify store assignment for repository candidate interface com.Project.SpiderSync.repositories.UserRepository; If you want this repository to be a Redis repository, consider annotating your entities with one of these annotations: org.springframework.data.redis.core.RedisHash (preferred), or consider extending one of the following types with your repository: org.springframework.data.keyvalue.repository.KeyValueRepository
2026-01-25T13:54:34.743+05:30  INFO 25900 --- [SpiderSync] [main] .s.d.r.c.RepositoryConfigurationDelegate : Finished Spring Data repository scanning in 15 ms. Found 0 Redis repository interfaces.
2026-01-25T13:54:36.898+05:30  INFO 25900 --- [SpiderSync] [main] com.zaxxer.hikari.HikariDataSource       : HikariPool-1 - Starting...
2026-01-25T13:54:37.518+05:30  INFO 25900 --- [SpiderSync] [main] com.zaxxer.hikari.pool.HikariPool        : HikariPool-1 - Added connection com.mysql.cj.jdbc.ConnectionImpl@2913b17a
2026-01-25T13:54:37.522+05:30  INFO 25900 --- [SpiderSync] [main] com.zaxxer.hikari.HikariDataSource       : HikariPool-1 - Start completed.
2026-01-25T13:54:37.635+05:30  INFO 25900 --- [SpiderSync] [main] org.flywaydb.core.FlywayExecutor         : Database: jdbc:mysql://localhost:3306/search_engine?createDatabaseIfNotExists=true&useSSL=false&serverTimezone=UTC&allowPublicKeyRetrieval=true (MySQL 8.0)
2026-01-25T13:54:37.730+05:30  INFO 25900 --- [SpiderSync] [main] o.f.core.internal.command.DbValidate     : Successfully validated 1 migration (execution time 00:00.053s)
2026-01-25T13:54:37.760+05:30  INFO 25900 --- [SpiderSync] [main] o.f.core.internal.command.DbMigrate      : Current version of schema `search_engine`: 1
2026-01-25T13:54:37.766+05:30  INFO 25900 --- [SpiderSync] [main] o.f.core.internal.command.DbMigrate      : Schema `search_engine` is up to date. No migration necessary.
2026-01-25T13:54:38.009+05:30  INFO 25900 --- [SpiderSync] [main] o.hibernate.jpa.internal.util.LogHelper  : HHH000204: Processing PersistenceUnitInfo [name: default]
2026-01-25T13:54:38.187+05:30  INFO 25900 --- [SpiderSync] [main] org.hibernate.Version                    : HHH000412: Hibernate ORM core version 6.6.4.Final
2026-01-25T13:54:38.262+05:30  INFO 25900 --- [SpiderSync] [main] o.h.c.internal.RegionFactoryInitiator    : HHH000026: Second-level cache disabled
2026-01-25T13:54:38.876+05:30  INFO 25900 --- [SpiderSync] [main] o.s.o.j.p.SpringPersistenceUnitInfo      : No LoadTimeWeaver setup: ignoring JPA class transformer
2026-01-25T13:54:38.992+05:30  WARN 25900 --- [SpiderSync] [main] org.hibernate.orm.deprecation            : HHH90000025: MySQLDialect does not need to be specified explicitly using 'hibernate.dialect' (remove the property setting and it will be selected by default)
2026-01-25T13:54:39.015+05:30  INFO 25900 --- [SpiderSync] [main] org.hibernate.orm.connections.pooling    : HHH10001005: Database info:
	Database JDBC URL [Connecting through datasource 'HikariDataSource (HikariPool-1)']
	Database driver: undefined/unknown
	Database version: 8.0.44
	Autocommit mode: undefined/unknown
	Isolation level: undefined/unknown
	Minimum pool size: undefined/unknown
	Maximum pool size: undefined/unknown
2026-01-25T13:54:41.135+05:30  INFO 25900 --- [SpiderSync] [main] o.h.e.t.j.p.i.JtaPlatformInitiator       : HHH000489: No JTA platform available (set 'hibernate.transaction.jta.platform' to enable JTA platform integration)
2026-01-25T13:54:41.270+05:30  INFO 25900 --- [SpiderSync] [main] j.LocalContainerEntityManagerFactoryBean : Initialized JPA EntityManagerFactory for persistence unit 'default'
2026-01-25T13:54:42.178+05:30  INFO 25900 --- [SpiderSync] [main] o.s.d.j.r.query.QueryEnhancerFactory     : Hibernate is in classpath; If applicable, HQL parser will be used.
2026-01-25T13:54:42.918+05:30  INFO 25900 --- [SpiderSync] [main] r$InitializeUserDetailsManagerConfigurer : Global AuthenticationManager configured with UserDetailsService bean with name customUserDetailsService
2026-01-25T13:54:45.264+05:30  WARN 25900 --- [SpiderSync] [main] JpaBaseConfiguration$JpaWebConfiguration : spring.jpa.open-in-view is enabled by default. Therefore, database queries may be performed during view rendering. Explicitly configure spring.jpa.open-in-view to disable this warning
2026-01-25T13:54:45.608+05:30  INFO 25900 --- [SpiderSync] [main] o.s.b.a.w.s.WelcomePageHandlerMapping    : Adding welcome page: class path resource [static/index.html]
2026-01-25T13:54:45.799+05:30 DEBUG 25900 --- [SpiderSync] [main] s.w.s.m.m.a.RequestMappingHandlerMapping : 19 mappings in 'requestMappingHandlerMapping'
2026-01-25T13:54:46.073+05:30 DEBUG 25900 --- [SpiderSync] [main] o.s.w.s.handler.SimpleUrlHandlerMapping  : Patterns [/webjars/**, /**, /swagger-ui*/*swagger-initializer.js, /swagger-ui*/**] in 'resourceHandlerMapping'
2026-01-25T13:54:46.885+05:30  INFO 25900 --- [SpiderSync] [main] o.s.b.a.e.web.EndpointLinksResolver      : Exposing 4 endpoints beneath base path '/actuator'
2026-01-25T13:54:47.061+05:30 DEBUG 25900 --- [SpiderSync] [main] o.s.s.web.DefaultSecurityFilterChain     : Will secure any request with filters: DisableEncodeUrlFilter, WebAsyncManagerIntegrationFilter, SecurityContextHolderFilter, HeaderWriterFilter, LogoutFilter, RateLimitingFilter, JwtAuthenticationFilter, RequestCacheAwareFilter, SecurityContextHolderAwareRequestFilter, AnonymousAuthenticationFilter, SessionManagementFilter, ExceptionTranslationFilter, AuthorizationFilter
2026-01-25T13:54:47.470+05:30 DEBUG 25900 --- [SpiderSync] [main] s.w.s.m.m.a.RequestMappingHandlerAdapter : ControllerAdvice beans: 0 @ModelAttribute, 0 @InitBinder, 1 RequestBodyAdvice, 1 ResponseBodyAdvice
2026-01-25T13:54:47.579+05:30 DEBUG 25900 --- [SpiderSync] [main] .m.m.a.ExceptionHandlerExceptionResolver : ControllerAdvice beans: 1 @ExceptionHandler, 1 ResponseBodyAdvice
2026-01-25T13:54:48.310+05:30  WARN 25900 --- [SpiderSync] [main] i.m.c.i.b.cache.CaffeineCacheMetrics     : The cache 'robots-txt' is not recording statistics. No meters except 'cache.size' will be registered. Call 'Caffeine#recordStats()' prior to building the cache for metrics to be recorded.
2026-01-25T13:54:48.310+05:30  WARN 25900 --- [SpiderSync] [main] i.m.c.i.b.cache.CaffeineCacheMetrics     : The cache 'pages' is not recording statistics. No meters except 'cache.size' will be registered. Call 'Caffeine#recordStats()' prior to building the cache for metrics to be recorded.
2026-01-25T13:54:48.312+05:30  WARN 25900 --- [SpiderSync] [main] i.m.c.i.b.cache.CaffeineCacheMetrics     : The cache 'search-results' is not recording statistics. No meters except 'cache.size' will be registered. Call 'Caffeine#recordStats()' prior to building the cache for metrics to be recorded.
2026-01-25T13:54:48.793+05:30  INFO 25900 --- [SpiderSync] [main] c.P.S.SpiderSyncApplicationTests         : Started SpiderSyncApplicationTests in 19.883 seconds (process running for 23.559)
2026-01-25T13:54:48.900+05:30  INFO 25900 --- [SpiderSync] [main] c.P.S.service.DataSeedingService         : Checking for data seeding requirements...
2026-01-25T13:54:49.107+05:30 DEBUG 25900 --- [SpiderSync] [main] org.hibernate.SQL                        : 
    select
        p1_0.id,
        p1_0.content,
        p1_0.content_hash,
        p1_0.crawl_depth,
        p1_0.created_at,
        p1_0.description,
        p1_0.keywords,
        p1_0.language,
        p1_0.last_crawled_at,
        p1_0.page_rank,
        p1_0.response_time,
        p1_0.status_code,
        p1_0.title,
        p1_0.updated_at,
        p1_0.url 
    from
        pages p1_0 
    where
        p1_0.url in (?, ?, ?, ?, ?, ?, ?, ?, ?, ?, ?, ?, ?, ?, ?, ?, ?, ?, ?)
2026-01-25T13:54:49.199+05:30  INFO 25900 --- [SpiderSync] [main] c.P.S.service.DataSeedingService         : All seed pages already exist in database.
2026-01-25T13:54:49.325+05:30 ERROR 25900 --- [SpiderSync] [main] c.P.SpiderSync.service.IndexingService   : Error checking index existence: Connection refused: getsockopt
2026-01-25T13:54:49.326+05:30  INFO 25900 --- [SpiderSync] [main] c.P.S.service.DataSeedingService         : Elasticsearch index is missing or empty. Populating from database...
2026-01-25T13:54:49.348+05:30 DEBUG 25900 --- [SpiderSync] [main] org.hibernate.SQL                        : 
    select
        p1_0.id,
        p1_0.content,
        p1_0.content_hash,
        p1_0.crawl_depth,
        p1_0.created_at,
        p1_0.description,
        p1_0.keywords,
        p1_0.language,
        p1_0.last_crawled_at,
        p1_0.page_rank,
        p1_0.response_time,
        p1_0.status_code,
        p1_0.title,
        p1_0.updated_at,
        p1_0.url 
    from
        pages p1_0
2026-01-25T13:54:49.364+05:30 ERROR 25900 --- [SpiderSync] [main] c.P.SpiderSync.service.IndexingService   : Error creating Elasticsearch index: Connection refused: getsockopt
2026-01-25T13:54:49.409+05:30 ERROR 25900 --- [SpiderSync] [main] c.P.SpiderSync.service.IndexingService   : Error in bulk indexing: Connection refused: getsockopt
2026-01-25T13:54:49.409+05:30  INFO 25900 --- [SpiderSync] [main] c.P.S.service.DataSeedingService         : Successfully indexed 19 total pages from database.
2026-01-25T13:54:49.411+05:30  INFO 25900 --- [SpiderSync] [main] c.P.S.service.DataSeedingService         : Data seeding and indexing check completed!
2026-01-25T13:54:50.203+05:30 DEBUG 25900 --- [SpiderSync] [SpringApplicationShutdownHook] o.s.w.c.s.GenericWebApplicationContext   : Closing org.springframework.web.context.support.GenericWebApplicationContext@d2708a7, started on Sun Jan 25 13:54:29 IST 2026
2026-01-25T13:54:50.895+05:30  INFO 25900 --- [SpiderSync] [SpringApplicationShutdownHook] j.LocalContainerEntityManagerFactoryBean : Closing JPA EntityManagerFactory for persistence unit 'default'
2026-01-25T13:54:50.899+05:30  INFO 25900 --- [SpiderSync] [SpringApplicationShutdownHook] com.zaxxer.hikari.HikariDataSource       : HikariPool-1 - Shutdown initiated...
2026-01-25T13:54:50.909+05:30  INFO 25900 --- [SpiderSync] [SpringApplicationShutdownHook] com.zaxxer.hikari.HikariDataSource       : HikariPool-1 - Shutdown completed.
